Raf,Mek,Plcg,PIP2,PIP3,Erk,Akt,PKA,PKC,P38,Jnk
0.1446135831381733,0.09894613583138173,0.16217798594847777,0.1873536299765808,0.8887587822014051,0.17037470725995316,0.1715456674473068,0.4572599531615925,0.6270491803278688,0.8067915690866511,0.699648711943794
0.2540983606557377,0.20199063231850117,0.2851288056206089,0.15163934426229508,0.09484777517564402,0.6317330210772834,0.5977751756440282,0.3155737704918033,0.1323185011709602,0.12997658079625293,0.7769320843091335
0.59192037470726,0.8665105386416861,0.38992974238875877,0.03629976580796253,0.21955503512880561,0.5023419203747073,0.5977751756440282,0.43208430913348944,0.430327868852459,0.5485948477751756,0.49004683840749413
0.7418032786885246,0.9742388758782201,0.734192037470726,0.08489461358313817,0.00468384074941452,0.13466042154566746,0.05035128805620609,0.6469555035128806,0.5122950819672131,0.4637002341920375,0.5708430913348946
0.22775175644028103,0.3225995316159251,0.0702576112412178,0.03161592505854801,0.5257611241217799,0.7166276346604216,0.8138173302107728,0.19379391100702575,0.20784543325526933,0.36826697892271665,0.8629976580796253
0.08782201405152225,0.00585480093676815,0.5333723653395784,0.27459016393442626,0.16334894613583137,0.40105386416861827,0.4104215456674473,0.7259953161592506,0.5122950819672131,0.8559718969555035,0.7564402810304449
0.3911007025761124,0.7921545667447307,0.20901639344262296,0.8185011709601874,0.33489461358313816,0.265807962529274,0.19847775175644028,0.8395784543325527,0.5567915690866511,0.629976580796253,0.4531615925058548
0.430327868852459,0.1446135831381733,0.38992974238875877,0.3770491803278688,0.36826697892271665,0.6861826697892272,0.8026932084309133,0.5497658079625293,0.26639344262295084,0.33079625292740045,0.5023419203747073
0.9209601873536299,0.952576112412178,0.21428571428571427,0.24882903981264637,0.7827868852459017,0.3881733021077283,0.35011709601873536,0.5140515222482436,0.9110070257611241,0.9238875878220141,0.5983606557377049
0.10245901639344263,0.38231850117096017,0.02459016393442623,0.9238875878220141,0.7997658079625293,0.45433255269320844,0.9765807962529274,0.06030444964871194,0.5450819672131147,0.4022248243559719,0.930327868852459
0.06557377049180328,0.19437939110070257,0.3793911007025761,0.1563231850117096,0.17037470725995316,0.7441451990632318,0.6457845433255269,0.5210772833723654,0.7371194379391101,0.8067915690866511,0.5866510538641686
0.7517564402810304,0.43969555035128804,0.11533957845433256,0.1211943793911007,0.5538641686182669,0.7078454332552693,0.6891100702576113,0.398711943793911,0.9332552693208431,0.9473067915690867,0.6809133489461359
0.8290398126463701,0.8343091334894613,0.16510538641686182,0.582552693208431,0.1791569086651054,0.17505854800936768,0.057962529274004686,0.6469555035128806,0.6563231850117096,0.7950819672131147,0.9478922716627635
0.26697892271662765,0.65807962529274,0.0661592505854801,0.026932084309133488,0.3044496487119438,0.6129976580796253,0.19847775175644028,0.42096018735363,0.5450819672131147,0.7617096018735363,0.9695550351288056
0.16920374707259953,0.4882903981264637,0.20433255269320844,0.13114754098360656,0.8278688524590164,0.27107728337236536,0.01405152224824356,0.6059718969555035,0.35011709601873536,0.17857142857142858,0.10889929742388758
0.4613583138173302,0.11241217798594848,0.2646370023419204,0.08021077283372366,0.17447306791569087,0.6188524590163934,0.4689695550351288,0.405152224824356,0.9918032786885246,0.9601873536299765,0.00351288056206089
0.14168618266978922,0.5802107728337237,0.6756440281030445,0.04215456674473068,0.2792740046838407,0.2810304449648712,0.7125292740046838,0.02927400468384075,0.974824355971897,0.9344262295081968,0.0117096018735363
0.319672131147541,0.8173302107728337,0.21135831381733022,0.7002341920374707,0.4724824355971897,0.8430913348946136,0.5614754098360656,0.06791569086651054,0.6147540983606558,0.5152224824355972,0.101288056206089
0.1797423887587822,0.3225995316159251,0.11533957845433256,0.8214285714285714,0.31030444964871196,0.6528103044496487,0.6809133489461359,0.2336065573770492,0.8284543325526932,0.6680327868852459,0.41861826697892274
0.45433255269320844,0.20199063231850117,0.33138173302107726,0.8407494145199064,0.5415690866510539,0.8811475409836066,0.8864168618266979,0.7868852459016393,0.5298594847775175,0.41978922716627637,0.5509367681498829
0.29859484777517564,0.03454332552693208,0.2423887587822014,0.6715456674473068,0.3799765807962529,0.40749414519906324,0.6733021077283372,0.8425058548009368,0.44730679156908665,0.4566744730679157,0.5304449648711944
0.1920374707259953,0.24531615925058547,0.3793911007025761,0.039227166276346606,0.0585480093676815,0.32669789227166274,0.3594847775175644,0.1364168618266979,0.5169789227166276,0.4566744730679157,0.27107728337236536
0.3436768149882904,0.6165105386416861,0.00936768149882904,0.832552693208431,0.5011709601873536,0.8752927400468384,0.8366510538641686,0.8676814988290398,0.008782201405152224,0.9718969555035128,0.04800936768149883
0.7224824355971897,0.9262295081967213,0.4274004683840749,0.31088992974238877,0.21370023419203746,0.3190866510538642,0.4689695550351288,0.5210772833723654,0.9607728337236534,0.984192037470726,0.7195550351288056
0.7224824355971897,0.8553864168618267,0.5333723653395784,0.24473067915690866,0.1451990632318501,0.9660421545667447,0.9508196721311475,0.9847775175644028,0.9607728337236534,0.8179156908665105,0.43911007025761123
0.10597189695550352,0.00117096018735363,0.14285714285714285,0.9039812646370023,0.7997658079625293,0.639344262295082,0.727751756440281,0.7423887587822015,0.5040983606557377,0.47950819672131145,0.08899297423887588
0.31323185011709603,0.44730679156908665,0.585480093676815,0.27459016393442626,0.14929742388758782,0.607728337236534,0.5860655737704918,0.5497658079625293,0.37822014051522246,0.2997658079625293,0.08723653395784543
0.7113583138173302,0.34133489461358313,0.6317330210772834,0.1920374707259953,0.07142857142857142,0.33430913348946134,0.3905152224824356,0.6059718969555035,0.7927400468384075,0.8460187353629977,0.765807962529274
0.23946135831381732,0.4203747072599532,0.5064402810304449,0.5070257611241218,0.4818501170960187,0.8951990632318502,0.8442622950819673,0.20140515222482436,0.49121779859484777,0.7084309133489461,0.9847775175644028
0.3360655737704918,0.5169789227166276,0.3202576112412178,0.569672131147541,0.7453161592505855,0.10304449648711944,0.11943793911007025,0.7652224824355972,0.8963700234192038,0.7669789227166276,0.5708430913348946
0.4028103044496487,0.17505854800936768,0.32669789227166274,0.2529274004683841,0.08899297423887588,0.7857142857142857,0.8296252927400468,0.9467213114754098,0.7148711943793911,0.6984777517564403,0.5304449648711944
0.37822014051522246,0.65807962529274,0.3793911007025761,0.17447306791569087,0.2230679156908665,0.2611241217798595,0.06850117096018736,0.7330210772833724,0.9514051522248244,0.9420374707259953,0.6235362997658079
0.7962529274004684,0.9713114754098361,0.056791569086651054,0.9268149882903981,0.4104215456674473,0.3395784543325527,0.6639344262295082,0.4765807962529274,0.879976580796253,0.7453161592505855,0.36124121779859486
0.5597189695550351,0.23653395784543327,0.6914519906323185,0.18501170960187355,0.2066744730679157,0.2898126463700234,0.33079625292740045,0.6733021077283372,0.9713114754098361,0.9180327868852459,0.4490632318501171
0.5831381733021077,0.3114754098360656,0.03044496487119438,0.4718969555035129,0.01405152224824356,0.6528103044496487,0.6293911007025761,0.2505854800936768,0.7985948477751756,0.5485948477751756,0.5216627634660421
0.5204918032786885,0.09016393442622951,0.22482435597189696,0.0626463700234192,0.6340749414519906,0.6861826697892272,0.7125292740046838,0.43208430913348944,0.788056206088993,0.6984777517564403,0.5304449648711944
0.5766978922716628,0.44730679156908665,0.6007025761124122,0.6375878220140515,0.5140515222482436,0.8992974238875878,0.8278688524590164,0.4918032786885246,0.5485948477751756,0.4724824355971897,0.2652224824355972
0.9765807962529274,0.6252927400468384,0.10245901639344263,0.781615925058548,0.32669789227166274,0.09836065573770492,0.06440281030444965,0.9256440281030445,0.08430913348946135,0.5351288056206089,0.8723653395784543
0.39637002341920374,0.039227166276346606,0.2775175644028103,0.525175644028103,0.585480093676815,0.0743559718969555,0.46194379391100704,0.7160421545667447,0.9689695550351288,0.9666276346604216,0.9660421545667447
0.5345433255269321,0.6358313817330211,0.14637002341920374,0.02810304449648712,0.4344262295081967,0.9086651053864169,0.8793911007025761,0.8501170960187353,0.484192037470726,0.3155737704918033,0.29215456674473067
0.8290398126463701,0.5889929742388759,0.7991803278688525,0.4964871194379391,0.47540983606557374,0.4672131147540984,0.10655737704918032,0.41217798594847777,0.21252927400468383,0.0234192037470726,0.711943793911007
0.936768149882904,0.8624121779859485,0.18091334894613584,0.968384074941452,0.8969555035128806,0.835480093676815,0.7728337236533958,0.2336065573770492,0.5521077283372365,0.6785714285714286,0.43911007025761123
0.13466042154566746,0.15690866510538642,0.00936768149882904,0.7962529274004684,0.4959016393442623,0.02107728337236534,0.22540983606557377,0.00468384074941452,0.21838407494145198,0.7453161592505855,0.9918032786885246
0.468384074941452,0.6252927400468384,0.8436768149882904,0.36065573770491804,0.24824355971896955,0.49473067915690866,0.38173302107728335,0.382903981264637,0.5655737704918032,0.20608899297423888,0.10362997658079626
0.7031615925058547,0.24531615925058547,0.547423887587822,0.5661592505854801,0.4818501170960187,0.024004683840749413,0.08665105386416862,0.6855971896955504,0.19730679156908665,0.20608899297423888,0.9361826697892272
0.6381733021077284,0.2997658079625293,0.15281030444964872,0.24473067915690866,0.7587822014051522,0.08021077283372366,0.38173302107728335,0.5720140515222483,0.8167447306791569,0.8512880562060889,0.5579625292740047
0.6926229508196722,0.8624121779859485,0.2464871194379391,0.2107728337236534,0.31381733021077285,0.607728337236534,0.727751756440281,0.9508196721311475,0.9332552693208431,0.9402810304449649,0.699648711943794
0.7611241217798594,0.9426229508196722,0.0626463700234192,0.11651053864168619,0.5193208430913349,0.7441451990632318,0.6809133489461359,0.07611241217798595,0.7687353629976581,0.8179156908665105,0.41510538641686184
0.477751756440281,0.8553864168618267,0.12002341920374707,0.8021077283372365,0.844847775175644,0.15515222482435598,0.6809133489461359,0.8864168618266979,0.474824355971897,0.5685011709601874,0.9420374707259953
0.7962529274004684,0.34133489461358313,0.7628805620608899,0.28454332552693207,0.42096018735363,0.27107728337236536,0.36416861826697894,0.5497658079625293,0.699648711943794,0.6065573770491803,0.0702576112412178
0.6381733021077284,0.39285714285714285,0.6984777517564403,0.27459016393442626,0.0351288056206089,0.9115925058548009,0.917447306791569,0.9338407494145199,0.3284543325526932,0.28044496487119436,0.2306791569086651
0.477751756440281,0.5333723653395784,0.08899297423887588,0.6252927400468384,0.35772833723653397,0.2810304449648712,0.1358313817330211,0.7652224824355972,0.20784543325526933,0.40866510538641687,0.9812646370023419
0.7611241217798594,0.6820843091334895,0.3442622950819672,0.5122950819672131,0.7857142857142857,0.8138173302107728,0.6639344262295082,0.5497658079625293,0.7371194379391101,0.7886416861826698,0.1756440281030445
0.59192037470726,0.5333723653395784,0.25585480093676816,0.24180327868852458,0.5901639344262295,0.04742388758782201,0.06440281030444965,0.01522248243559719,0.6334894613583139,0.5608899297423887,0.1920374707259953
0.9847775175644028,0.810304449648712,0.00936768149882904,0.952576112412178,0.8559718969555035,0.16042154566744732,0.08021077283372366,0.6949648711943794,0.7558548009367682,0.6873536299765808,0.42915690866510536
0.7113583138173302,0.7324355971896955,0.3044496487119438,0.5907494145199064,0.0117096018735363,0.06440281030444965,0.44672131147540983,0.8717798594847775,0.9953161592505855,0.9929742388758782,0.6504683840749415
0.5661592505854801,0.2892271662763466,0.23243559718969556,0.47306791569086654,0.07377049180327869,0.13466042154566746,0.08899297423887588,0.6656908665105387,0.9836065573770492,0.9666276346604216,0.8237704918032787
0.8138173302107728,0.6820843091334895,0.3583138173302108,0.19672131147540983,0.07728337236533958,0.7792740046838408,0.7049180327868853,0.4672131147540984,0.2716627634660422,0.1323185011709602,0.9162763466042154
0.2505854800936768,0.5076112412177985,0.44730679156908665,0.42564402810304447,0.18266978922716628,0.7441451990632318,0.8085480093676815,0.24531615925058547,0.27459016393442626,0.2997658079625293,0.2382903981264637
0.8038641686182669,0.6165105386416861,0.5573770491803278,0.47423887587822017,0.3629976580796253,0.03044496487119438,0.2687353629976581,0.04918032786885246,0.7494145199063232,0.5749414519906323,0.42330210772833726
0.9461358313817331,0.8782201405152225,0.22014051522248243,0.8641686182669789,0.8864168618266979,0.44789227166276346,0.2903981264637002,0.28337236533957844,0.23653395784543327,0.20608899297423888,0.14988290398126464
0.018149882903981264,0.04449648711943794,0.20725995316159251,0.6861826697892272,0.6135831381733021,0.9959016393442623,0.9964871194379391,0.9759953161592506,0.8284543325526932,0.7716627634660421,0.5216627634660421
0.24531615925058547,0.12060889929742388,0.10245901639344263,0.22716627634660422,0.6569086651053864,0.43911007025761123,0.3149882903981265,0.705503512880562,0.9660421545667447,0.8366510538641686,0.1522248243559719
0.12002341920374707,0.07962529274004684,0.3044496487119438,0.569672131147541,0.5644028103044496,0.2851288056206089,0.15515222482435598,0.6656908665105387,0.860655737704918,0.9180327868852459,0.8600702576112412
0.9795081967213115,0.7324355971896955,0.0743559718969555,0.35714285714285715,0.24414519906323184,0.5521077283372365,0.36416861826697894,0.2336065573770492,0.788056206088993,0.6217798594847775,0.25526932084309134
0.5720140515222483,0.5966042154566745,0.43676814988290397,0.5439110070257611,0.4104215456674473,0.8208430913348946,0.6457845433255269,0.382903981264637,0.11826697892271663,0.4127634660421546,0.8507025761124122
0.8635831381733021,0.6030444964871194,0.9379391100702577,0.7230679156908665,0.9402810304449649,0.367096018735363,0.22540983606557377,0.4918032786885246,0.19730679156908665,0.7792740046838408,0.8600702576112412
0.29859484777517564,0.09016393442622951,0.05444964871194379,0.2886416861826698,0.4959016393442623,0.0702576112412178,0.0351288056206089,0.7008196721311475,0.05152224824355972,0.01405152224824356,0.03044496487119438
0.48653395784543324,0.797423887587822,0.3044496487119438,0.4613583138173302,0.45081967213114754,0.4314988290398126,0.4180327868852459,0.7628805620608899,0.08723653395784543,0.09836065573770492,0.7909836065573771
0.15046838407494145,0.1522248243559719,0.585480093676815,0.23711943793911008,0.10187353629976581,0.6932084309133489,0.727751756440281,0.5011709601873536,0.4379391100702576,0.33079625292740045,0.3665105386416862
0.5538641686182669,0.36768149882903983,0.3044496487119438,0.24882903981264637,0.8846604215456675,0.47599531615925056,0.24824355971896955,0.5720140515222483,0.8665105386416861,0.7265807962529274,0.8389929742388759
0.7224824355971897,0.7804449648711944,0.5755269320843092,0.48302107728337235,0.8384074941451991,0.639344262295082,0.5685011709601874,0.4672131147540984,0.3635831381733021,0.27107728337236536,0.08196721311475409
0.5831381733021077,0.7757611241217799,0.2775175644028103,0.1446135831381733,0.5070257611241218,0.6264637002341921,0.6293911007025761,0.34250585480093676,0.6088992974238876,0.1990632318501171,0.1873536299765808
0.7031615925058547,0.7804449648711944,0.5105386416861827,0.5070257611241218,0.41569086651053866,0.25644028103044497,0.21721311475409835,0.0351288056206089,0.44730679156908665,0.5257611241217799,0.6206088992974239
0.7113583138173302,0.8911007025761124,0.8056206088992974,0.9467213114754098,0.9584309133489461,0.8887587822014051,0.8442622950819673,0.8237704918032787,0.7224824355971897,0.8407494145199064,0.39344262295081966
0.9238875878220141,0.9473067915690867,0.6381733021077284,0.21779859484777517,0.2892271662763466,0.1873536299765808,0.3401639344262295,0.8934426229508197,0.04274004683840749,0.8460187353629977,0.04918032786885246
0.6258782201405152,0.9127634660421545,0.3442622950819672,0.3752927400468384,0.14929742388758782,0.4847775175644028,0.7125292740046838,0.7745901639344263,0.2687353629976581,0.3507025761124122,0.8987119437939111
0.7611241217798594,0.7412177985948478,0.00936768149882904,0.3834894613583138,0.00234192037470726,0.6756440281030445,0.46194379391100704,0.6124121779859485,0.6791569086651054,0.5257611241217799,0.101288056206089
0.09718969555035128,0.1522248243559719,0.132903981264637,0.7353629976580797,0.7090163934426229,0.2851288056206089,0.33079625292740045,0.42096018735363,0.4379391100702576,0.28044496487119436,0.08430913348946135
0.43618266978922715,0.31791569086651056,0.5187353629976581,0.4016393442622951,0.9648711943793911,0.6129976580796253,0.6563231850117096,0.8629976580796253,0.788056206088993,0.7833723653395784,0.5023419203747073
0.6001170960187353,0.9197892271662763,0.2605386416861827,0.6311475409836066,0.21370023419203746,0.3758782201405152,0.7125292740046838,0.9490632318501171,0.6861826697892272,0.4859484777517564,0.4098360655737705
0.4139344262295082,0.5966042154566745,0.2903981264637002,0.7611241217798594,0.45433255269320844,0.7318501170960188,0.7201405152224825,0.057962529274004686,0.40105386416861827,0.5351288056206089,0.2423887587822014
0.4929742388758782,0.3752927400468384,0.9642857142857143,0.5497658079625293,0.15749414519906324,0.9648711943793911,0.9871194379391101,0.9964871194379391,0.5655737704918032,0.7160421545667447,0.37177985948477754
0.1996487119437939,0.4771662763466042,0.41510538641686184,0.06908665105386416,0.05269320843091335,0.17798594847775176,0.12822014051522249,0.6855971896955504,0.008782201405152224,0.9443793911007026,0.11768149882903982
0.8870023419203747,0.6030444964871194,0.9865339578454333,0.8366510538641686,0.6340749414519906,0.8466042154566745,0.8138173302107728,0.8518735362997658,0.09660421545667447,0.0117096018735363,0.8185011709601874
0.6692037470725996,0.4531615925058548,0.4203747072599532,0.06557377049180328,0.11475409836065574,0.6715456674473068,0.6563231850117096,0.8284543325526932,0.07845433255269321,0.20608899297423888,0.10889929742388758
0.9742388758782201,0.9894613583138173,0.26756440281030447,0.41451990632318503,0.9133489461358314,0.2611241217798595,0.4262295081967213,0.5620608899297423,0.008782201405152224,0.04800936768149883,0.17096018735362997
0.06791569086651054,0.08313817330210772,0.09953161592505855,0.9332552693208431,0.6902810304449649,0.936768149882904,0.892271662763466,0.9812646370023419,0.8167447306791569,0.6411007025761124,0.642271662763466
0.7324355971896955,0.5421545667447307,0.3237704918032787,0.05913348946135832,0.7968384074941453,0.41159250585480095,0.5614754098360656,0.7558548009367682,0.29098360655737704,0.12646370023419204,0.7242388758782201
0.2505854800936768,0.46662763466042156,0.03571428571428571,0.00351288056206089,0.21370023419203746,0.44379391100702575,0.32201405152224827,0.5620608899297423,0.29449648711943793,0.5813817330210773,0.3864168618266979
0.8179156908665105,0.952576112412178,0.3202576112412178,0.41451990632318503,0.19086651053864168,0.03981264637002342,0.24063231850117095,0.08196721311475409,0.09016393442622951,0.00234192037470726,0.06908665105386416
0.1996487119437939,0.032201405152224825,0.31381733021077285,0.8641686182669789,0.882903981264637,0.5737704918032787,0.14637002341920374,0.49824355971896955,0.3436768149882904,0.8512880562060889,0.7365339578454333
0.17330210772833723,0.3337236533957845,0.12470725995316159,0.8097189695550351,0.5813817330210773,0.9812646370023419,0.9789227166276346,0.8237704918032787,0.10011709601873536,0.10831381733021077,0.7242388758782201
0.9953161592505855,0.9976580796252927,0.5333723653395784,0.32435597189695553,0.15281030444964872,0.857728337236534,0.7201405152224825,0.21428571428571427,0.39285714285714285,0.6504683840749415,0.41861826697892274
0.3296252927400468,0.20199063231850117,0.25117096018735363,0.9941451990632318,0.9309133489461359,0.6604215456674473,0.5204918032786885,0.5848946135831382,0.11007025761124122,0.10421545667447307,0.8905152224824356
0.16920374707259953,0.1598360655737705,0.19262295081967212,0.297423887587822,0.9402810304449649,0.16042154566744732,0.8220140515222483,0.6791569086651054,0.727751756440281,0.33899297423887587,0.10362997658079626
0.40807962529274006,0.5480093676814989,0.3044496487119438,0.31088992974238877,0.7289227166276346,0.5737704918032787,0.6733021077283372,0.367096018735363,0.23653395784543327,0.7160421545667447,0.9162763466042154
0.5,0.38231850117096017,0.8378220140515222,0.8688524590163934,0.9332552693208431,0.20140515222482436,0.3594847775175644,0.8337236533957846,0.14754098360655737,0.3507025761124122,0.9057377049180327
0.4484777517564403,0.7921545667447307,0.585480093676815,0.039227166276346606,0.25175644028103045,0.14637002341920374,0.4180327868852459,0.8823185011709602,0.3700234192037471,0.28044496487119436,0.36124121779859486
0.8337236533957846,0.9730679156908665,0.9964871194379391,0.9625292740046838,0.9625292740046838,0.17037470725995316,0.038056206088992975,0.794496487119438,0.45550351288056207,0.25878220140515223,0.06323185011709602
0.7675644028103045,0.5544496487119438,0.6832552693208431,0.5784543325526932,0.8179156908665105,0.2429742388758782,0.48653395784543324,0.705503512880562,0.5807962529274004,0.6598360655737705,0.29859484777517564
0.5766978922716628,0.40398126463700235,0.40046838407494145,0.1920374707259953,0.6282201405152225,0.12060889929742388,0.17857142857142858,0.8747072599531616,0.6088992974238876,0.24707259953161592,0.3700234192037471
0.5831381733021077,0.7687353629976581,0.33138173302107726,0.6574941451990632,0.7453161592505855,0.7587822014051522,0.4689695550351288,0.3741217798594848,0.2716627634660422,0.16100702576112413,0.7218969555035128
0.9432084309133489,0.6100702576112412,0.8536299765807962,0.5942622950819673,0.6305620608899297,0.36007025761124123,0.1598360655737705,0.43208430913348944,0.6510538641686182,0.4929742388758782,0.10597189695550352
0.6873536299765808,0.65807962529274,0.026932084309133488,0.04215456674473068,0.6569086651053864,0.7699063231850117,0.5860655737704918,0.3741217798594848,0.5345433255269321,0.5152224824355972,0.42915690866510536
0.319672131147541,0.4771662763466042,0.0936768149882904,0.832552693208431,0.42798594847775173,0.7652224824355972,0.7201405152224825,0.21428571428571427,0.6018735362997658,0.20608899297423888,0.1920374707259953
0.2617096018735363,0.16686182669789226,0.02927400468384075,0.02107728337236534,0.7646370023419203,0.538056206088993,0.6457845433255269,0.1411007025761124,0.7687353629976581,0.4637002341920375,0.30562060889929743
0.29156908665105385,0.5480093676814989,0.8899297423887588,0.5538641686182669,0.9964871194379391,0.7921545667447307,0.6891100702576113,0.2617096018735363,0.9713114754098361,0.9420374707259953,0.3864168618266979
0.35362997658079626,0.3752927400468384,0.17857142857142858,0.01639344262295082,0.6621779859484778,0.4607728337236534,0.8834894613583139,0.8460187353629977,0.10772833723653395,0.1411007025761124,0.7892271662763466
0.6258782201405152,0.25585480093676816,0.7827868852459017,0.775175644028103,0.5362997658079626,0.5796252927400468,0.6457845433255269,0.7213114754098361,0.19028103044496486,0.07318501170960187,0.8278688524590164
0.9812646370023419,0.9672131147540983,0.18911007025761123,0.7693208430913349,0.42564402810304447,0.8489461358313818,0.9414519906323185,0.955503512880562,0.7371194379391101,0.47950819672131145,0.27693208430913346
0.5485948477751756,0.6451990632318502,0.8144028103044496,0.5152224824355972,0.9227166276346604,0.21194379391100704,0.1879391100702576,0.12587822014051522,0.07142857142857142,0.00468384074941452,0.16393442622950818
0.8231850117096019,0.9637002341920374,0.31381733021077285,0.7037470725995316,0.7207259953161592,0.27576112412177983,0.1920374707259953,0.8518735362997658,0.3337236533957845,0.3507025761124122,0.7107728337236534
0.607728337236534,0.5333723653395784,0.6094847775175644,0.3430913348946136,0.8073770491803278,0.9344262295081968,0.892271662763466,0.9168618266978923,0.7558548009367682,0.860655737704918,0.42330210772833726
0.5661592505854801,0.40398126463700235,0.9314988290398126,0.4490632318501171,0.9637002341920374,0.13466042154566746,0.07552693208430913,0.13173302107728338,0.594847775175644,0.24707259953161592,0.34250585480093676
0.7704918032786885,0.724824355971897,0.8694379391100703,0.5585480093676815,0.8559718969555035,0.12060889929742388,0.11182669789227166,0.02810304449648712,0.4092505854800937,0.41978922716627637,0.0942622950819672
0.8940281030444965,0.9871194379391101,0.43676814988290397,0.6053864168618267,0.25175644028103045,0.6651053864168618,0.5860655737704918,0.6059718969555035,0.9888758782201406,0.955503512880562,0.6135831381733021
0.29859484777517564,0.24531615925058547,0.8899297423887588,0.781615925058548,0.8992974238875878,0.3477751756440281,0.281615925058548,0.8676814988290398,0.22072599531615925,0.21721311475409835,0.6768149882903981
0.6814988290398126,0.8887587822014051,0.12470725995316159,0.21779859484777517,0.9537470725995316,0.5322014051522248,0.1920374707259953,0.6323185011709602,0.44730679156908665,0.07728337236533958,0.34250585480093676
0.9432084309133489,0.9672131147540983,0.11007025761124122,0.11007025761124122,0.7090163934426229,0.3477751756440281,0.5860655737704918,0.382903981264637,0.5521077283372365,0.5257611241217799,0.2423887587822014
0.42213114754098363,0.4203747072599532,0.2775175644028103,0.610655737704918,0.5070257611241218,0.040983606557377046,0.04800936768149883,0.28747072599531615,0.24180327868852458,0.08196721311475409,0.9086651053864169
0.8425058548009368,0.9285714285714286,0.6252927400468384,0.02224824355971897,0.5257611241217799,0.538056206088993,0.6129976580796253,0.810304449648712,0.8395784543325527,0.7511709601873536,0.5960187353629977
0.5720140515222483,0.2892271662763466,0.7306791569086651,0.20725995316159251,0.17447306791569087,0.639344262295082,0.8711943793911007,0.8050351288056206,0.3255269320843091,0.01756440281030445,0.5913348946135831
0.8758782201405152,0.6943793911007026,0.6007025761124122,0.28044496487119436,0.6832552693208431,0.4672131147540984,0.5134660421545667,0.39227166276346603,0.28454332552693207,0.14754098360655737,0.11241217798594848
0.8834894613583139,0.6522248243559718,0.18442622950819673,0.05152224824355972,0.4818501170960187,0.6932084309133489,0.38173302107728335,0.2336065573770492,0.17740046838407494,0.21311475409836064,0.9531615925058547
0.9314988290398126,0.797423887587822,0.45901639344262296,0.45140515222482436,0.610655737704918,0.639344262295082,0.477751756440281,0.1364168618266979,0.05035128805620609,0.3629976580796253,0.9227166276346604
0.8038641686182669,0.939695550351288,0.46311475409836067,0.34601873536299765,0.039227166276346606,0.11065573770491803,0.00936768149882904,0.594847775175644,0.1446135831381733,0.00702576112412178,0.5913348946135831
0.3911007025761124,0.5333723653395784,0.00936768149882904,0.8747072599531616,0.19086651053864168,0.4812646370023419,0.4262295081967213,0.6258782201405152,0.2716627634660422,0.12353629976580796,0.6639344262295082
0.15456674473067916,0.27400468384074944,0.18911007025761123,0.08021077283372366,0.12763466042154567,0.6317330210772834,0.8612412177985949,0.15456674473067916,0.053864168618266976,0.1990632318501171,0.8875878220140515
0.1920374707259953,0.5480093676814989,0.7745901639344263,0.4203747072599532,0.5415690866510539,0.47599531615925056,0.4104215456674473,0.14695550351288056,0.7371194379391101,0.4566744730679157,0.7195550351288056
0.5,0.7412177985948478,0.13700234192037472,0.32142857142857145,0.06440281030444965,0.8770491803278688,0.7775175644028103,0.19379391100702575,0.955503512880562,0.9443793911007026,0.5105386416861827
0.7324355971896955,0.6030444964871194,0.16217798594847777,0.1873536299765808,0.4818501170960187,0.47599531615925056,0.45491803278688525,0.7482435597189696,0.15807962529274006,0.21311475409836064,0.7347775175644028
0.3864168618266979,0.5889929742388759,0.43676814988290397,0.6785714285714286,0.19672131147540983,0.08313817330210772,0.14637002341920374,0.3741217798594848,0.15281030444964872,0.5608899297423887,0.8454332552693209
0.7517564402810304,0.6030444964871194,0.47540983606557374,0.2886416861826698,0.01288056206088993,0.15515222482435598,0.13056206088992975,0.5327868852459017,0.5040983606557377,0.33899297423887587,0.07611241217798595
0.38231850117096017,0.3337236533957845,0.3583138173302108,0.1797423887587822,0.7587822014051522,0.752927400468384,0.5362997658079626,0.5901639344262295,0.9227166276346604,0.7382903981264637,0.5831381733021077
0.367096018735363,0.43969555035128804,0.5105386416861827,0.1797423887587822,0.45433255269320844,0.44789227166276346,0.6949648711943794,0.7868852459016393,0.47950819672131145,0.33079625292740045,0.7933255269320844
0.7892271662763466,0.5731850117096019,0.01990632318501171,0.00234192037470726,0.7798594847775175,0.23711943793911008,0.2576112412177986,0.620023419203747,0.15281030444964872,0.12002341920374707,0.7862997658079626
0.8524590163934426,0.6703747072599532,0.9531615925058547,0.48653395784543324,0.08665105386416862,0.9531615925058547,0.9490632318501171,0.990632318501171,0.9941451990632318,0.9859484777517564,0.1211943793911007
0.6487119437939111,0.6030444964871194,0.3793911007025761,0.6440281030444965,0.7763466042154566,0.5111241217798594,0.7201405152224825,0.5275175644028103,0.5040983606557377,0.5685011709601874,0.2822014051522248
0.16042154566744732,0.35655737704918034,0.7991803278688525,0.6012880562060889,0.7857142857142857,0.19086651053864168,0.281615925058548,0.21428571428571427,0.8466042154566745,0.8009367681498829,0.5708430913348946
0.7113583138173302,0.43969555035128804,0.6147540983606558,0.1715456674473068,0.12763466042154567,0.7014051522248244,0.477751756440281,0.09894613583138173,0.4882903981264637,0.35772833723653397,0.16393442622950818
0.16686182669789226,0.17505854800936768,0.7259953161592506,0.4414519906323185,0.8518735362997658,0.44379391100702575,0.35011709601873536,0.620023419203747,0.7810304449648712,0.8887587822014051,0.6838407494145199
0.9127634660421545,0.689695550351288,0.10480093676814989,0.6533957845433255,0.8518735362997658,0.6861826697892272,0.3905152224824356,0.2927400468384075,0.16744730679156908,0.40866510538641687,0.8846604215456675
0.59192037470726,0.5333723653395784,0.40046838407494145,0.5638173302107728,0.5538641686182669,0.7587822014051522,0.6891100702576113,0.08196721311475409,0.10245901639344263,0.09074941451990633,0.8489461358313818
0.8583138173302107,0.6990632318501171,0.5925058548009368,0.28454332552693207,0.10772833723653395,0.8097189695550351,0.7049180327868853,0.484192037470726,0.917447306791569,0.9215456674473068,0.5866510538641686
0.9882903981264637,0.7324355971896955,0.620023419203747,0.5374707259953162,0.32669789227166274,0.7388758782201406,0.6639344262295082,0.19379391100702575,0.19028103044496486,0.0860655737704918,0.9162763466042154
0.6258782201405152,0.25585480093676816,0.40046838407494145,0.8542154566744731,0.9063231850117096,0.08021077283372366,0.2687353629976581,0.7781030444964872,0.9824355971896955,0.9941451990632318,0.7517564402810304
0.40807962529274006,0.46662763466042156,0.5573770491803278,0.9467213114754098,0.7798594847775175,0.5081967213114754,0.24063231850117095,0.27459016393442626,0.6182669789227166,0.5403981264637002,0.23477751756440282
0.9713114754098361,0.9771662763466042,0.14929742388758782,0.018149882903981264,0.376463700234192,0.857728337236534,0.8998829039812647,0.9186182669789227,0.8741217798594848,0.8237704918032787,0.6370023419203747
0.018149882903981264,0.16686182669789226,0.12939110070257612,0.860655737704918,0.3190866510538642,0.9162763466042154,0.8852459016393442,0.9637002341920374,0.46252927400468385,0.36826697892271665,0.2423887587822014
0.936768149882904,0.8384074941451991,0.1955503512880562,0.31088992974238877,0.9443793911007026,0.4174473067915691,0.3401639344262295,0.5901639344262295,0.6563231850117096,0.5152224824355972,0.3553864168618267
0.7324355971896955,0.8588992974238876,0.8793911007025761,0.30327868852459017,0.1451990632318501,0.2388758782201405,0.6522248243559718,0.9941451990632318,0.008782201405152224,0.5813817330210773,0.00702576112412178
0.6978922716627635,0.49824355971896955,0.468384074941452,0.4964871194379391,0.25175644028103045,0.13992974238875877,0.17857142857142858,0.7482435597189696,0.6791569086651054,0.6984777517564403,0.43911007025761123
0.7962529274004684,0.8665105386416861,0.0585480093676815,0.6914519906323185,0.594847775175644,0.9115925058548009,0.9291569086651054,0.7382903981264637,0.7371194379391101,0.8741217798594848,0.6838407494145199
0.8290398126463701,0.7687353629976581,0.00936768149882904,0.9625292740046838,0.4894613583138173,0.9326697892271663,0.9344262295081968,0.8237704918032787,0.8243559718969555,0.7669789227166276,0.4028103044496487
0.9871194379391101,0.9918032786885246,0.04449648711943794,0.9578454332552693,0.8934426229508197,0.7699063231850117,0.3992974238875878,0.5620608899297423,0.06850117096018736,0.00936768149882904,0.02107728337236534
0.29859484777517564,0.23653395784543327,0.810304449648712,0.3319672131147541,0.16334894613583137,0.8647540983606558,0.7728337236533958,0.24531615925058547,0.8108899297423887,0.6727166276346604,0.4853629976580796
0.6639344262295082,0.9098360655737705,0.3044496487119438,0.0626463700234192,0.0234192037470726,0.7587822014051522,0.5281030444964872,0.6949648711943794,0.8518735362997658,0.8946135831381733,0.5304449648711944
0.8998829039812647,0.4332552693208431,0.5187353629976581,0.7353629976580797,0.6399297423887588,0.6715456674473068,0.3992974238875878,0.3155737704918033,0.5199063231850117,0.6411007025761124,0.16744730679156908
0.7892271662763466,0.6358313817330211,0.10772833723653395,0.0117096018735363,0.9291569086651054,0.8395784543325527,0.8553864168618267,0.9695550351288056,0.974824355971897,0.9373536299765808,0.5105386416861827
0.9268149882903981,0.5169789227166276,0.021662763466042154,0.5614754098360656,0.32669789227166274,0.9759953161592506,0.9613583138173302,0.8840749414519906,0.5720140515222483,0.5485948477751756,0.3167447306791569
0.7704918032786885,0.689695550351288,0.15281030444964872,0.8407494145199064,0.186768149882904,0.6604215456674473,0.6364168618266979,0.17388758782201405,0.2581967213114754,0.4859484777517564,0.9478922716627635
0.9344262295081968,0.689695550351288,0.6832552693208431,0.4677985948477752,0.6340749414519906,0.17037470725995316,0.45491803278688525,0.8987119437939111,0.4344262295081967,0.5017564402810304,0.8021077283372365
0.5134660421545667,0.7611241217798594,0.5679156908665105,0.4677985948477752,0.8817330210772834,0.053864168618266976,0.5491803278688525,0.8676814988290398,0.13700234192037472,0.12646370023419204,0.8155737704918032
0.16042154566744732,0.2997658079625293,0.7699063231850117,0.7517564402810304,0.4959016393442623,0.49473067915690866,0.281615925058548,0.6323185011709602,0.5521077283372365,0.6411007025761124,0.3975409836065574
0.7113583138173302,0.5638173302107728,0.6984777517564403,0.23126463700234193,0.35304449648711944,0.6451990632318502,0.8026932084309133,0.6510538641686182,0.08138173302107728,0.02576112412177986,0.8348946135831382
0.01053864168618267,0.01639344262295082,0.547423887587822,0.7927400468384075,0.2576112412177986,0.27107728337236536,0.3553864168618267,0.5140515222482436,0.11416861826697892,0.15339578454332553,0.7985948477751756
0.45433255269320844,0.27400468384074944,0.40046838407494145,0.36768149882903983,0.2862997658079625,0.6012880562060889,0.477751756440281,0.5620608899297423,0.053864168618266976,0.25878220140515223,0.765807962529274
0.3635831381733021,0.17505854800936768,0.9742388758782201,0.569672131147541,0.3436768149882904,0.053864168618266976,0.02927400468384075,0.6733021077283372,0.2786885245901639,0.8067915690866511,0.9964871194379391
0.06674473067915691,0.43969555035128804,0.17271662763466042,0.04215456674473068,0.8243559718969555,0.045081967213114756,0.09133489461358314,0.8477751756440282,0.474824355971897,0.4502341920374707,0.02224824355971897
0.90807962529274,0.949648711943794,0.5573770491803278,0.07728337236533958,0.5901639344262295,0.23302107728337237,0.04332552693208431,0.06206088992974239,0.22482435597189696,0.04156908665105386,0.7611241217798594
0.6001170960187353,0.40398126463700235,0.25117096018735363,0.16276346604215455,0.2336065573770492,0.27107728337236536,0.38173302107728335,0.8676814988290398,0.33489461358313816,0.8067915690866511,0.03864168618266979
0.9127634660421545,0.882903981264637,0.2423887587822014,0.7418032786885246,0.2336065573770492,0.9033957845433255,0.8951990632318502,0.8536299765807962,0.5122950819672131,0.5813817330210773,0.20725995316159251
0.9677985948477752,0.9824355971896955,0.8343091334894613,0.9836065573770492,0.9824355971896955,0.3805620608899297,0.24063231850117095,0.7482435597189696,0.31381733021077285,0.47950819672131145,0.9642857142857143
0.6188524590163934,0.22950819672131148,0.547423887587822,0.0351288056206089,0.3471896955503513,0.5023419203747073,0.6129976580796253,0.6586651053864169,0.4092505854800937,0.2300936768149883,0.9707259953161592
0.5345433255269321,0.34133489461358313,0.43676814988290397,0.4203747072599532,0.6621779859484778,0.3951990632318501,0.20433255269320844,0.7160421545667447,0.039227166276346606,0.14402810304449648,0.8050351288056206
0.468384074941452,0.3114754098360656,0.06088992974238876,0.08899297423887588,0.5257611241217799,0.3951990632318501,0.4953161592505855,0.620023419203747,0.6668618266978923,0.7265807962529274,0.5749414519906323
0.23126463700234193,0.10245901639344263,0.8266978922716628,0.4455503512880562,0.9812646370023419,0.8934426229508197,0.8770491803278688,0.7827868852459017,0.9420374707259953,0.9285714285714286,0.727751756440281
0.4484777517564403,0.3114754098360656,0.8957845433255269,0.4783372365339578,0.8126463700234192,0.2611241217798595,0.36826697892271665,0.5497658079625293,0.03629976580796253,0.21721311475409835,0.7909836065573771
0.7224824355971897,0.5333723653395784,0.2851288056206089,0.8466042154566745,0.4385245901639344,0.08313817330210772,0.373536299765808,0.09894613583138173,0.2154566744730679,0.1680327868852459,0.7306791569086651
0.4028103044496487,0.2892271662763466,0.08723653395784543,0.7125292740046838,0.35772833723653397,0.25117096018735363,0.14637002341920374,0.08840749414519906,0.12002341920374707,0.31030444964871196,0.9086651053864169
0.7845433255269321,0.7324355971896955,0.7991803278688525,0.3430913348946136,0.8278688524590164,0.9707259953161592,0.9800936768149883,0.9976580796252927,0.6510538641686182,0.4929742388758782,0.4560889929742389
0.07845433255269321,0.06440281030444965,0.8928571428571429,0.7125292740046838,0.9894613583138173,0.7827868852459017,0.6891100702576113,0.3237704918032787,0.3548009367681499,0.2903981264637002,0.4783372365339578
0.17330210772833723,0.5731850117096019,0.41510538641686184,0.2570257611241218,0.09484777517564402,0.5204918032786885,0.9074941451990632,0.7259953161592506,0.06440281030444965,0.2652224824355972,0.7517564402810304
0.6569086651053864,0.36768149882903983,0.12295081967213115,0.4455503512880562,0.8600702576112412,0.0778688524590164,0.09718969555035128,0.5398126463700235,0.7435597189695551,0.5351288056206089,0.2851288056206089
0.9900468384074942,0.990632318501171,0.8583138173302107,0.3981264637002342,0.4648711943793911,0.36007025761124123,0.02810304449648712,0.34250585480093676,0.7224824355971897,0.7160421545667447,0.24707259953161592
0.6639344262295082,0.6668618266978923,0.351288056206089,0.4057377049180328,0.10421545667447307,0.21662763466042154,0.3401639344262295,0.9285714285714286,0.47950819672131145,0.35772833723653397,0.00936768149882904
0.5720140515222483,0.15690866510538642,0.620023419203747,0.6053864168618267,0.6475409836065574,0.4847775175644028,0.19847775175644028,0.6124121779859485,0.6937939110070258,0.7084309133489461,0.6574941451990632
0.7611241217798594,0.46662763466042156,0.3372365339578454,0.8987119437939111,0.6475409836065574,0.7318501170960188,0.6129976580796253,0.09894613583138173,0.8963700234192038,0.7886416861826698,0.2605386416861827
0.4484777517564403,0.5245901639344263,0.9718969555035128,0.7611241217798594,0.33489461358313816,0.1873536299765808,0.1920374707259953,0.5140515222482436,0.16159250585480095,0.12002341920374707,0.788056206088993
0.6147540983606558,0.9197892271662763,0.8401639344262295,0.3940281030444965,0.03278688524590164,0.30620608899297425,0.4104215456674473,0.9402810304449649,0.02810304449648712,0.1955503512880562,0.8571428571428571
0.8940281030444965,0.882903981264637,0.46311475409836067,0.1211943793911007,0.6475409836065574,0.05620608899297424,0.3079625292740047,0.00234192037470726,0.2581967213114754,0.5608899297423887,0.8296252927400468
0.5345433255269321,0.5638173302107728,0.2933255269320843,0.7084309133489461,0.2822014051522248,0.3881733021077283,0.21721311475409835,0.5720140515222483,0.6124121779859485,0.3231850117096019,0.09074941451990633
0.9531615925058547,0.8307962529274004,0.9847775175644028,0.6194379391100703,0.2576112412177986,0.07611241217798595,0.04332552693208431,0.6855971896955504,0.6668618266978923,0.6504683840749415,0.2886416861826698
0.8940281030444965,0.9373536299765808,0.867096018735363,0.45433255269320844,0.32669789227166274,0.41159250585480095,0.7125292740046838,0.8793911007025761,0.6381733021077284,0.8307962529274004,0.5708430913348946
0.8524590163934426,0.9156908665105387,0.7699063231850117,0.2031615925058548,0.036885245901639344,0.7734192037470726,0.7775175644028103,0.7868852459016393,0.7628805620608899,0.6785714285714286,0.4707259953161593
0.12822014051522249,0.8231850117096019,0.6832552693208431,0.5011709601873536,0.9502341920374707,0.6528103044496487,0.6293911007025761,0.20140515222482436,0.9964871194379391,0.9964871194379391,0.7154566744730679
0.8940281030444965,0.882903981264637,0.6639344262295082,0.5122950819672131,0.27459016393442626,0.9549180327868853,0.9707259953161592,0.8489461358313818,0.1288056206088993,0.06381733021077284,0.642271662763466
0.6381733021077284,0.7687353629976581,0.563231850117096,0.8214285714285714,0.6235362997658079,0.7318501170960188,0.36416861826697894,0.43208430913348944,0.3436768149882904,0.24121779859484777,0.29566744730679156
0.08255269320843091,0.32786885245901637,0.9590163934426229,0.6223653395784543,0.9104215456674473,0.4607728337236534,0.23477751756440282,0.42096018735363,0.7060889929742389,0.5485948477751756,0.6311475409836066
0.6744730679156908,0.718384074941452,0.31381733021077285,0.1563231850117096,0.2066744730679157,0.639344262295082,0.5544496487119438,0.27459016393442626,0.24941451990632318,0.5749414519906323,0.9642857142857143
0.8290398126463701,0.8489461358313818,0.40046838407494145,0.3881733021077283,0.5813817330210773,0.9086651053864169,0.8220140515222483,0.8155737704918032,0.2646370023419204,0.2903981264637002,0.7482435597189696
0.7962529274004684,0.5245901639344263,0.9209601873536299,0.32903981264637,0.7892271662763466,0.09718969555035128,0.026932084309133488,0.39227166276346603,0.23302107728337237,0.37763466042154564,0.9268149882903981
0.3588992974238876,0.3337236533957845,0.13934426229508196,0.33782201405152223,0.5011709601873536,0.6528103044496487,0.7535128805620609,0.4765807962529274,0.7985948477751756,0.5608899297423887,0.5913348946135831
0.6147540983606558,0.2892271662763466,0.20433255269320844,0.5971896955503513,0.6053864168618267,0.367096018735363,0.0117096018735363,0.11533957845433256,0.7435597189695551,0.7886416861826698,0.547423887587822
0.07552693208430913,0.05327868852459016,0.08313817330210772,0.8688524590163934,0.4420374707259953,0.5819672131147541,0.43208430913348944,0.398711943793911,0.6381733021077284,0.8307962529274004,0.5831381733021077
0.2617096018735363,0.4203747072599532,0.9022248243559718,0.5743559718969555,0.9929742388758782,0.31381733021077285,0.24824355971896955,0.6733021077283372,0.7558548009367682,0.6018735362997658,0.3665105386416862
0.05327868852459016,0.1375878220140515,0.6914519906323185,0.8852459016393442,0.6399297423887588,0.6528103044496487,0.6048009367681498,0.15456674473067916,0.2259953161592506,0.11124121779859485,0.9420374707259953
0.07201405152224824,0.49824355971896955,0.810304449648712,0.33782201405152223,0.10421545667447307,0.7318501170960188,0.6809133489461359,0.14695550351288056,0.6270491803278688,0.6135831381733021,0.34250585480093676
0.6487119437939111,0.05327868852459016,0.9830210772833724,0.8138173302107728,0.6176814988290398,0.8319672131147541,0.8571428571428571,0.28337236533957844,0.8665105386416861,0.7084309133489461,0.515807962529274
0.24531615925058547,0.18501170960187355,0.2933255269320843,0.8729508196721312,0.844847775175644,0.5269320843091335,0.9695550351288056,0.9590163934426229,0.9074941451990632,0.8179156908665105,0.1996487119437939
0.5661592505854801,0.6100702576112412,0.3793911007025761,0.8911007025761124,0.7289227166276346,0.12470725995316159,0.06440281030444965,0.7213114754098361,0.5878220140515222,0.6680327868852459,0.474824355971897
0.12177985948477751,0.16686182669789226,0.40866510538641687,0.7781030444964872,0.31381733021077285,0.5679156908665105,0.5281030444964872,0.8793911007025761,0.5040983606557377,0.22131147540983606,0.4203747072599532
0.7113583138173302,0.8442622950819673,0.38992974238875877,0.8255269320843092,0.5901639344262295,0.857728337236534,0.7775175644028103,0.39227166276346603,0.5345433255269321,0.3231850117096019,0.1405152224824356
0.7517564402810304,0.7845433255269321,0.9531615925058547,0.525175644028103,0.9502341920374707,0.3477751756440281,0.6129976580796253,0.9467213114754098,0.38173302107728335,0.4724824355971897,0.043911007025761124
0.90807962529274,0.7804449648711944,0.48302107728337235,0.6820843091334895,0.35011709601873536,0.9490632318501171,0.9110070257611241,0.7968384074941453,0.6334894613583139,0.5608899297423887,0.4490632318501171
0.34953161592505855,0.22950819672131148,0.7066744730679156,0.24882903981264637,0.2066744730679157,0.7857142857142857,0.6411007025761124,0.3741217798594848,0.008782201405152224,0.06908665105386416,0.1288056206088993
0.810304449648712,0.9596018735362998,0.2464871194379391,0.16276346604215455,0.6662763466042154,0.11065573770491803,0.06030444964871194,0.03864168618266979,0.860655737704918,0.9285714285714286,0.6475409836065574
0.8378220140515222,0.8173302107728337,0.5925058548009368,0.03747072599531616,0.01873536299765808,0.6651053864168618,0.5614754098360656,0.382903981264637,0.6861826697892272,0.5076112412177985,0.032201405152224825
0.04332552693208431,0.022833723653395786,0.65807962529274,0.8688524590163934,0.2382903981264637,0.5848946135831382,0.9344262295081968,0.05327868852459016,0.7435597189695551,0.6873536299765808,0.3741217798594848
0.8583138173302107,0.914519906323185,0.03278688524590164,0.10480093676814989,0.8518735362997658,0.9063231850117096,0.9309133489461359,0.8079625292740047,0.8571428571428571,0.7564402810304449,0.34894613583138173
0.8998829039812647,0.8518735362997658,0.8436768149882904,0.8987119437939111,0.844847775175644,0.3805620608899297,0.44672131147540983,0.6469555035128806,0.15807962529274006,0.09309133489461359,0.8079625292740047
0.15046838407494145,0.10831381733021077,0.22775175644028103,0.4174473067915691,0.702576112412178,0.59192037470726,0.7371194379391101,0.6124121779859485,0.5199063231850117,0.5017564402810304,0.1791569086651054
0.8524590163934426,0.3752927400468384,0.351288056206089,0.24180327868852458,0.3044496487119438,0.03629976580796253,0.0942622950819672,0.44320843091334894,0.04859484777517564,0.00117096018735363,0.7441451990632318
0.6814988290398126,0.4771662763466042,0.5333723653395784,0.06557377049180328,0.42096018735363,0.7388758782201406,0.6733021077283372,0.12002341920374707,0.8337236533957846,0.6504683840749415,0.21838407494145198
0.9601873536299765,0.9197892271662763,0.7991803278688525,0.9765807962529274,0.9754098360655737,0.2154566744730679,0.01522248243559719,0.19379391100702575,0.2687353629976581,0.7453161592505855,0.8846604215456675
0.31323185011709603,0.2997658079625293,0.9279859484777517,0.6715456674473068,0.8243559718969555,0.20140515222482436,0.05503512880562061,0.7160421545667447,0.7763466042154566,0.8307962529274004,0.43911007025761123
0.1252927400468384,0.2681498829039813,0.04918032786885246,0.05913348946135832,0.7154566744730679,0.8706088992974239,0.759367681498829,0.3003512880562061,0.2464871194379391,0.0468384074941452,0.6083138173302107
0.4028103044496487,0.2997658079625293,0.10480093676814989,0.7271662763466042,0.6176814988290398,0.11416861826697892,0.33079625292740045,0.351288056206089,0.8108899297423887,0.7382903981264637,0.5374707259953162
0.6258782201405152,0.3477751756440281,0.7921545667447307,0.5439110070257611,0.186768149882904,0.5023419203747073,0.2903981264637002,0.4765807962529274,0.008782201405152224,0.9759953161592506,0.01288056206088993
0.7289227166276346,0.718384074941452,0.6428571428571429,0.6610070257611241,0.9953161592505855,0.0942622950819672,0.26229508196721313,0.0117096018735363,0.8243559718969555,0.6727166276346604,0.43911007025761123
0.4613583138173302,0.705503512880562,0.09601873536299765,0.04742388758782201,0.2822014051522248,0.49473067915690866,0.9677985948477752,0.0468384074941452,0.6428571428571429,0.4637002341920375,0.14578454332552693
0.9127634660421545,0.705503512880562,0.056791569086651054,0.07377049180327869,0.45081967213114754,0.2611241217798595,0.20725995316159251,0.6399297423887588,0.3665105386416862,0.5813817330210773,0.9344262295081968
0.6487119437939111,0.5076112412177985,0.23770491803278687,0.1446135831381733,0.0234192037470726,0.16334894613583137,0.18559718969555036,0.6586651053864169,0.14227166276346603,0.026932084309133488,0.0468384074941452
0.9918032786885246,0.9596018735362998,0.3793911007025761,0.6785714285714286,0.42798594847775173,0.4607728337236534,0.21135831381733022,0.3337236533957845,0.008782201405152224,0.17388758782201405,0.7611241217798594
0.30620608899297425,0.4882903981264637,0.6007025761124122,0.4344262295081967,0.36826697892271665,0.9244730679156908,0.9262295081967213,0.8951990632318502,0.44028103044496486,0.629976580796253,0.21838407494145198
0.9039812646370023,0.8665105386416861,0.08021077283372366,0.297423887587822,0.32669789227166274,0.40398126463700235,0.32201405152224827,0.6656908665105387,0.7985948477751756,0.870023419203747,0.3665105386416862
0.30620608899297425,0.5076112412177985,0.15807962529274006,0.007611241217798595,0.5538641686182669,0.7652224824355972,0.43618266978922715,0.06498829039812647,0.3875878220140515,0.7265807962529274,0.8237704918032787
0.8425058548009368,0.6633489461358314,0.7207259953161592,0.2886416861826698,0.25175644028103045,0.822599531615925,0.8261124121779859,0.20725995316159251,0.39285714285714285,0.07728337236533958,0.15807962529274006
0.7675644028103045,0.38231850117096017,0.00936768149882904,0.6083138173302107,0.01639344262295082,0.15515222482435598,0.1375878220140515,0.4672131147540984,0.5485948477751756,0.4724824355971897,0.27107728337236536
0.7962529274004684,0.281615925058548,0.44730679156908665,0.6440281030444965,0.4959016393442623,0.22072599531615925,0.13056206088992975,0.41217798594847777,0.727751756440281,0.5685011709601874,0.4707259953161593
0.5070257611241218,0.3114754098360656,0.6147540983606558,0.5298594847775175,0.8343091334894613,0.9297423887587822,0.8711943793911007,0.7599531615925058,0.41920374707259955,0.7084309133489461,0.9268149882903981
0.6569086651053864,0.21955503512880561,0.905152224824356,0.4203747072599532,0.21370023419203746,0.9759953161592506,0.9625292740046838,0.9443793911007026,0.35011709601873536,0.37763466042154564,0.8987119437939111
0.9314988290398126,0.8741217798594848,0.132903981264637,0.17447306791569087,0.8220140515222483,0.2259953161592506,0.275175644028103,0.6059718969555035,0.20023419203747073,0.056791569086651054,0.8126463700234192
0.59192037470726,0.2640515222482436,0.5,0.6252927400468384,0.33489461358313816,0.8811475409836066,0.8770491803278688,0.7628805620608899,0.6727166276346604,0.8758782201405152,0.4637002341920375
0.9268149882903981,0.9648711943793911,0.9613583138173302,0.5638173302107728,0.5257611241217799,0.544496487119438,0.6809133489461359,0.6586651053864169,0.29098360655737704,0.4414519906323185,0.977751756440281
0.7289227166276346,0.8442622950819673,0.25585480093676816,0.15163934426229508,0.27459016393442626,0.23302107728337237,0.1598360655737705,0.7558548009367682,0.8466042154566745,0.7833723653395784,0.32435597189695553
0.10597189695550352,0.09601873536299765,0.7476580796252927,0.31088992974238877,0.35304449648711944,0.0743559718969555,0.04332552693208431,0.405152224824356,0.4672131147540984,0.4414519906323185,0.6288056206088993
0.9713114754098361,0.9110070257611241,0.905152224824356,0.7962529274004684,0.6475409836065574,0.8647540983606558,0.8588992974238876,0.977751756440281,0.699648711943794,0.4022248243559719,0.13466042154566746
0.13875878220140514,0.07962529274004684,0.547423887587822,0.772248243559719,0.382903981264637,0.6129976580796253,0.6891100702576113,0.3003512880562061,0.22072599531615925,0.23536299765807964,0.7517564402810304
0.6639344262295082,0.8940281030444965,0.2851288056206089,0.37236533957845436,0.6961358313817331,0.4607728337236534,0.6522248243559718,0.3079625292740047,0.5122950819672131,0.5257611241217799,0.3799765807962529
0.2570257611241218,0.06206088992974239,0.43676814988290397,0.13992974238875877,0.7412177985948478,0.5146370023419203,0.33079625292740045,0.4572599531615925,0.17740046838407494,0.032201405152224825,0.8079625292740047
0.4929742388758782,0.5802107728337237,0.31381733021077285,0.48009367681498827,0.04918032786885246,0.8752927400468384,0.8366510538641686,0.18618266978922718,0.6563231850117096,0.27107728337236536,0.18266978922716628
0.10889929742388758,0.026932084309133488,0.18911007025761123,0.9566744730679156,0.7453161592505855,0.398711943793911,0.5134660421545667,0.3237704918032787,0.3050351288056206,0.1375878220140515,0.8940281030444965
0.8870023419203747,0.7845433255269321,0.5333723653395784,0.101288056206089,0.21955503512880561,0.7792740046838408,0.7511709601873536,0.1797423887587822,0.49121779859484777,0.33899297423887587,0.28044496487119436
0.5597189695550351,0.3477751756440281,0.3442622950819672,0.6820843091334895,0.6235362997658079,0.7991803278688525,0.5977751756440282,0.4572599531615925,0.8548009367681498,0.7617096018735363,0.39344262295081966
0.6814988290398126,0.18969555035128804,0.22775175644028103,0.6194379391100703,0.2687353629976581,0.45433255269320844,0.5035128805620609,0.5497658079625293,0.8466042154566745,0.860655737704918,0.6288056206088993
0.15690866510538642,0.21955503512880561,0.23770491803278687,0.7295081967213115,0.8600702576112412,0.8706088992974239,0.8407494145199064,0.9402810304449649,0.8548009367681498,0.8793911007025761,0.2851288056206089
0.45433255269320844,0.7412177985948478,0.6914519906323185,0.22072599531615925,0.13348946135831383,0.8138173302107728,0.7371194379391101,0.42096018735363,0.860655737704918,0.5878220140515222,0.5304449648711944
0.9754098360655737,0.9127634660421545,0.2851288056206089,0.26288056206088994,0.8179156908665105,0.14227166276346603,0.8026932084309133,0.01990632318501171,0.29449648711943793,0.03044496487119438,0.7049180327868853
0.9566744730679156,0.7412177985948478,0.3372365339578454,0.1364168618266979,0.36826697892271665,0.5485948477751756,0.3905152224824356,0.5497658079625293,0.3401639344262295,0.3231850117096019,0.9941451990632318
0.2851288056206089,0.19437939110070257,0.9133489461358314,0.45433255269320844,0.07552693208430913,0.01873536299765808,0.09718969555035128,0.08196721311475409,0.17388758782201405,0.9104215456674473,0.8905152224824356
0.39637002341920374,0.5421545667447307,0.7066744730679156,0.11182669789227166,0.2336065573770492,0.4174473067915691,0.33079625292740045,0.5720140515222483,0.0626463700234192,0.31030444964871196,0.9385245901639344
0.977751756440281,0.9806791569086651,0.8992974238875878,0.525175644028103,0.29566744730679156,0.9162763466042154,0.8553864168618267,0.22189695550351288,0.6937939110070258,0.6984777517564403,0.2851288056206089
0.6381733021077284,0.7505854800936768,0.1557377049180328,0.43676814988290397,0.8126463700234192,0.10011709601873536,0.00351288056206089,0.42096018735363,0.8395784543325527,0.8120608899297423,0.6264637002341921
0.1446135831381733,0.15690866510538642,0.9508196721311475,0.4783372365339578,0.2336065573770492,0.14402810304449648,0.3015222482435597,0.8887587822014051,0.9262295081967213,0.9238875878220141,0.3167447306791569
0.5,0.6668618266978923,0.33138173302107726,0.6656908665105387,0.9771662763466042,0.40105386416861827,0.5860655737704918,0.952576112412178,0.7148711943793911,0.7886416861826698,0.5216627634660421
0.8073770491803278,0.5169789227166276,0.6832552693208431,0.31791569086651056,0.050936768149882905,0.9959016393442623,0.9929742388758782,0.7330210772833724,0.5655737704918032,0.59192037470726,0.5509367681498829
0.8905152224824356,0.8173302107728337,0.0661592505854801,0.949648711943794,0.9180327868852459,0.8266978922716628,0.8026932084309133,0.6007025761124122,0.8711943793911007,0.8512880562060889,0.1873536299765808
0.7962529274004684,0.6633489461358314,0.06791569086651054,0.7862997658079626,0.3629976580796253,0.8735362997658079,0.9039812646370023,0.8360655737704918,0.33021077283372363,0.2652224824355972,0.2652224824355972
0.07201405152224824,0.1323185011709602,0.41510538641686184,0.7997658079625293,0.6340749414519906,0.33430913348946134,0.11943793911007025,0.7909836065573771,0.594847775175644,0.39227166276346603,0.1252927400468384
0.48653395784543324,0.810304449648712,0.949648711943794,0.6147540983606558,0.7154566744730679,0.5269320843091335,0.6639344262295082,0.9215456674473068,0.05737704918032787,0.14754098360655737,0.8454332552693209
0.29859484777517564,0.02459016393442623,0.03747072599531616,0.1563231850117096,0.36826697892271665,0.8647540983606558,0.765807962529274,0.5620608899297423,0.8887587822014051,0.7792740046838408,0.376463700234192
0.5070257611241218,0.9197892271662763,0.040983606557377046,0.08899297423887588,0.7892271662763466,0.9033957845433255,0.8875878220140515,0.8793911007025761,0.4707259953161593,0.31030444964871196,0.5831381733021077
0.8682669789227166,0.8407494145199064,0.5,0.4455503512880562,0.00819672131147541,0.3395784543325527,0.44672131147540983,0.8823185011709602,0.917447306791569,0.8659250585480094,0.6592505854800936
0.2851288056206089,0.12412177985948478,0.33138173302107726,0.3981264637002342,0.186768149882904,0.6129976580796253,0.7775175644028103,0.5901639344262295,0.06674473067915691,0.34543325526932084,0.7985948477751756
0.5415690866510539,0.27400468384074944,0.11533957845433256,0.3940281030444965,0.24004683840749413,0.9590163934426229,0.9490632318501171,0.9953161592505855,0.3665105386416862,0.5152224824355972,0.7587822014051522
0.3864168618266979,0.5169789227166276,0.43676814988290397,0.8987119437939111,0.8179156908665105,0.7166276346604216,0.8711943793911007,0.8747072599531616,0.008782201405152224,0.9074941451990632,0.12763466042154567
0.7224824355971897,0.6703747072599532,0.6475409836065574,0.1680327868852459,0.24414519906323184,0.6528103044496487,0.6949648711943794,0.3079625292740047,0.6270491803278688,0.8840749414519906,0.5550351288056206
0.430327868852459,0.6820843091334895,0.6317330210772834,0.26288056206088994,0.6475409836065574,0.8905152224824356,0.9373536299765808,0.42096018735363,0.164519906323185,0.6598360655737705,0.9203747072599532
0.6569086651053864,0.39285714285714285,0.7259953161592506,0.9057377049180327,0.7154566744730679,0.6973067915690867,0.4262295081967213,0.3337236533957845,0.16744730679156908,0.1990632318501171,0.8600702576112412
0.11592505854800937,0.8588992974238876,0.27107728337236536,0.3635831381733021,0.5813817330210773,0.00585480093676815,0.01873536299765808,0.03629976580796253,0.7494145199063232,0.6411007025761124,0.29215456674473067
0.00702576112412178,0.1522248243559719,0.7066744730679156,0.7084309133489461,0.09016393442622951,0.9929742388758782,0.9953161592505855,0.8987119437939111,0.33840749414519905,0.1955503512880562,0.04215456674473068
0.050936768149882905,0.1598360655737705,0.00936768149882904,0.7862997658079626,0.02810304449648712,0.544496487119438,0.5134660421545667,0.5327868852459017,0.7371194379391101,0.8460187353629977,0.376463700234192
0.26697892271662765,0.040983606557377046,0.2775175644028103,0.06557377049180328,0.31381733021077285,0.6785714285714286,0.5281030444964872,0.12587822014051522,0.45550351288056207,0.38524590163934425,0.8788056206088993
0.8998829039812647,0.5333723653395784,0.5333723653395784,0.07377049180327869,0.3629976580796253,0.19086651053864168,0.02107728337236534,0.3155737704918033,0.47950819672131145,0.2997658079625293,0.5304449648711944
0.06440281030444965,0.07377049180327869,0.9865339578454333,0.8542154566744731,0.7617096018735363,0.927400468384075,0.8899297423887588,0.8864168618266979,0.3436768149882904,0.10831381733021077,0.8021077283372365
0.3864168618266979,0.6990632318501171,0.8992974238875878,0.9057377049180327,0.8887587822014051,0.8875878220140515,0.7839578454332553,0.15456674473067916,0.008782201405152224,0.9133489461358314,0.03629976580796253
0.6926229508196722,0.9197892271662763,0.5187353629976581,0.7230679156908665,0.7359484777517564,0.7494145199063232,0.6949648711943794,0.2617096018735363,0.23302107728337237,0.10187353629976581,0.9115925058548009
0.59192037470726,0.6252927400468384,0.6007025761124122,0.6481264637002342,0.382903981264637,0.9800936768149883,0.9812646370023419,0.9894613583138173,0.32084309133489464,0.13407494145199064,0.09894613583138173
0.13875878220140514,0.22950819672131148,0.6832552693208431,0.30620608899297425,0.7242388758782201,0.5146370023419203,0.5860655737704918,0.21428571428571427,0.3594847775175644,0.1680327868852459,0.14578454332552693
0.32494145199063235,0.724824355971897,0.2423887587822014,0.7271662763466042,0.4104215456674473,0.9139344262295082,0.917447306791569,0.351288056206089,0.7060889929742389,0.5878220140515222,0.3366510538641686
0.607728337236534,0.5169789227166276,0.5,0.9672131147540983,0.8969555035128806,0.4314988290398126,0.3905152224824356,0.6007025761124122,0.3594847775175644,0.22131147540983606,0.15456674473067916
0.468384074941452,0.5076112412177985,0.5,0.8284543325526932,0.6235362997658079,0.9637002341920374,0.9437939110070258,0.961943793911007,0.03161592505854801,0.2997658079625293,0.7704918032786885
0.18442622950819673,0.27400468384074944,0.08548009367681499,0.9098360655737705,0.21955503512880561,0.3477751756440281,0.3015222482435597,0.5497658079625293,0.5122950819672131,0.4022248243559719,0.34894613583138173
0.02810304449648712,0.25,0.5187353629976581,0.11182669789227166,0.610655737704918,0.4314988290398126,0.23477751756440282,0.2617096018735363,0.6861826697892272,0.34543325526932084,0.20491803278688525
0.31323185011709603,0.6358313817330211,0.734192037470726,0.0977751756440281,0.5140515222482436,0.9836065573770492,0.990632318501171,0.9707259953161592,0.3009367681498829,0.18618266978922718,0.4637002341920375
0.7371194379391101,0.5966042154566745,0.5755269320843092,0.43676814988290397,0.5415690866510539,0.20608899297423888,0.34543325526932084,0.8951990632318502,0.28044496487119436,0.24121779859484777,0.6809133489461359
0.6258782201405152,0.18969555035128804,0.7921545667447307,0.974824355971897,0.9607728337236534,0.8840749414519906,0.8366510538641686,0.2927400468384075,0.5245901639344263,0.21311475409836064,0.15807962529274006
0.03454332552693208,0.0936768149882904,0.8729508196721312,0.3981264637002342,0.4133489461358314,0.03864168618266979,0.101288056206089,0.39227166276346603,0.9332552693208431,0.9133489461358314,0.6235362997658079
0.45784543325526933,0.25,0.11533957845433256,0.04449648711943794,0.02107728337236534,0.9718969555035128,0.9742388758782201,0.800351288056206,0.6270491803278688,0.5403981264637002,0.10597189695550352
0.6381733021077284,0.4332552693208431,0.3237704918032787,0.8097189695550351,0.13875878220140514,0.13056206088992975,0.3149882903981265,0.4672131147540984,0.6381733021077284,0.5608899297423887,0.25526932084309134
0.0234192037470726,0.0117096018735363,0.7552693208430913,0.5046838407494145,0.21370023419203746,0.37236533957845436,0.33079625292740045,0.5848946135831382,0.07669789227166277,0.23536299765807964,0.8788056206088993
0.7517564402810304,0.5731850117096019,0.3372365339578454,0.43266978922716626,0.8600702576112412,0.07259953161592506,0.17857142857142858,0.02459016393442623,0.11416861826697892,0.09543325526932084,0.9022248243559718
0.7418032786885246,0.39285714285714285,0.09718969555035128,0.9297423887587822,0.4894613583138173,0.5638173302107728,0.2300936768149883,0.4918032786885246,0.04274004683840749,0.8067915690866511,0.02459016393442623
0.02576112412177986,0.018149882903981264,0.4894613583138173,0.8466042154566745,0.6756440281030445,0.2611241217798595,0.03981264637002342,0.19379391100702575,0.03629976580796253,0.07728337236533958,0.7833723653395784
0.5415690866510539,0.281615925058548,0.22775175644028103,0.8050351288056206,0.18266978922716628,0.3881733021077283,0.3594847775175644,0.4765807962529274,0.41920374707259955,0.35772833723653397,0.3167447306791569
0.5597189695550351,0.11592505854800937,0.5755269320843092,0.08489461358313817,0.3044496487119438,0.12763466042154567,0.5362997658079626,0.6533957845433255,0.6563231850117096,0.7265807962529274,0.3325526932084309
0.8998829039812647,0.952576112412178,0.2605386416861827,0.882903981264637,0.6861826697892272,0.8032786885245902,0.5755269320843092,0.49824355971896955,0.7148711943793911,0.6135831381733021,0.5433255269320844
0.39637002341920374,0.3114754098360656,0.6147540983606558,0.48653395784543324,0.9718969555035128,0.04274004683840749,0.5281030444964872,0.9063231850117096,0.6428571428571429,0.8009367681498829,0.9742388758782201
0.39637002341920374,0.20199063231850117,0.5,0.6914519906323185,0.8313817330210773,0.6651053864168618,0.8138173302107728,0.44320843091334894,0.4092505854800937,0.430327868852459,0.9531615925058547
0.9929742388758782,0.9964871194379391,0.547423887587822,0.41100702576112413,0.7540983606557377,0.7318501170960188,0.727751756440281,0.5210772833723654,0.09250585480093677,0.6217798594847775,0.03747072599531616
0.5766978922716628,0.7564402810304449,0.6317330210772834,0.8811475409836066,0.7090163934426229,0.6973067915690867,0.6223653395784543,0.21428571428571427,0.5245901639344263,0.5556206088992974,0.30562060889929743
0.9432084309133489,0.882903981264637,0.22014051522248243,0.8214285714285714,0.11592505854800937,0.06557377049180328,0.0351288056206089,0.6733021077283372,0.879976580796253,0.8887587822014051,0.6036299765807962
0.06323185011709602,0.1446135831381733,0.5573770491803278,0.860655737704918,0.6961358313817331,0.43911007025761123,0.6639344262295082,0.5327868852459017,0.41920374707259955,0.36826697892271665,0.01053864168618267
0.689695550351288,0.705503512880562,0.8266978922716628,0.08489461358313817,0.35772833723653397,0.8811475409836066,0.8407494145199064,0.16744730679156908,0.6018735362997658,0.629976580796253,0.00351288056206089
0.31323185011709603,0.1797423887587822,0.48302107728337235,0.2933255269320843,0.3629976580796253,0.37236533957845436,0.4953161592505855,0.20725995316159251,0.15456674473067916,0.015807962529274005,0.1252927400468384
0.6978922716627635,0.49824355971896955,0.65807962529274,0.5743559718969555,0.5538641686182669,0.835480093676815,0.6129976580796253,0.405152224824356,0.11182669789227166,0.07494145199063232,0.7564402810304449
0.6001170960187353,0.8384074941451991,0.09074941451990633,0.914519906323185,0.547423887587822,0.9847775175644028,0.977751756440281,0.9724824355971897,0.6217798594847775,0.8366510538641686,0.4028103044496487
0.8471896955503513,0.9613583138173302,0.9209601873536299,0.5497658079625293,0.9918032786885246,0.4314988290398126,0.6809133489461359,0.4918032786885246,0.9689695550351288,0.9953161592505855,0.7464871194379391
0.038056206088992975,0.06088992974238876,0.9461358313817331,0.8641686182669789,0.9180327868852459,0.7166276346604216,0.6522248243559718,0.08196721311475409,0.2300936768149883,0.1375878220140515,0.832552693208431
0.9057377049180327,0.9086651053864169,0.38992974238875877,0.6252927400468384,0.6235362997658079,0.057962529274004686,0.05269320843091335,0.2927400468384075,0.5040983606557377,0.4859484777517564,0.2423887587822014
0.5134660421545667,0.2681498829039813,0.7259953161592506,0.5339578454332553,0.4385245901639344,0.6012880562060889,0.17857142857142858,0.5210772833723654,0.9110070257611241,0.7950819672131147,0.547423887587822
0.9625292740046838,0.9057377049180327,0.14285714285714285,0.3635831381733021,0.27459016393442626,0.19086651053864168,0.19847775175644028,0.1411007025761124,0.1832552693208431,0.31030444964871196,0.955503512880562
0.3864168618266979,0.3225995316159251,0.6317330210772834,0.6914519906323185,0.8384074941451991,0.057962529274004686,0.22540983606557377,0.7599531615925058,0.19379391100702575,0.2529274004683841,0.9566744730679156
0.9941451990632318,0.9789227166276346,0.6381733021077284,0.610655737704918,0.6902810304449649,0.20140515222482436,0.1715456674473068,0.24531615925058547,0.484192037470726,0.23536299765807964,0.6059718969555035
0.5415690866510539,0.5245901639344263,0.882903981264637,0.7271662763466042,0.6961358313817331,0.03161592505854801,0.01053864168618267,0.01288056206088993,0.24004683840749413,0.15339578454332553,0.0942622950819672
0.7517564402810304,0.7611241217798594,0.3583138173302108,0.16276346604215455,0.15749414519906324,0.2939110070257611,0.5977751756440282,0.9320843091334895,0.9625292740046838,0.9508196721311475,0.6639344262295082
0.9508196721311475,0.8998829039812647,0.00936768149882904,0.9800936768149883,0.6709601873536299,0.41159250585480095,0.4689695550351288,0.6656908665105387,0.07962529274004684,0.2652224824355972,0.9268149882903981
0.3864168618266979,0.5731850117096019,0.32669789227166274,0.5983606557377049,0.21955503512880561,0.538056206088993,0.23477751756440282,0.07377049180327869,0.9584309133489461,0.8946135831381733,0.6194379391100703
0.8425058548009368,0.9285714285714286,0.6528103044496487,0.8951990632318502,0.6797423887587822,0.3296252927400468,0.3079625292740047,0.484192037470726,0.8852459016393442,0.41978922716627637,0.01522248243559719
0.20725995316159251,0.1375878220140515,0.351288056206089,0.07377049180327869,0.3044496487119438,0.2810304449648712,0.2903981264637002,0.6469555035128806,0.3594847775175644,0.2997658079625293,0.9162763466042154
0.272248243559719,0.12822014051522249,0.8343091334894613,0.1680327868852459,0.22716627634660422,0.7921545667447307,0.5685011709601874,0.1797423887587822,0.46252927400468385,0.5960187353629977,0.4637002341920375
0.477751756440281,0.49824355971896955,0.9882903981264637,0.832552693208431,0.8647540983606558,0.7652224824355972,0.7535128805620609,0.6007025761124122,0.9783372365339579,0.9537470725995316,0.9871194379391101
0.17330210772833723,0.34133489461358313,0.9156908665105387,0.4016393442622951,0.7540983606557377,0.8302107728337237,0.8220140515222483,0.28747072599531615,0.9420374707259953,0.8887587822014051,0.4812646370023419
0.4420374707259953,0.02576112412177986,0.43676814988290397,0.765807962529274,0.8489461358313818,0.053864168618266976,0.1715456674473068,0.5848946135831382,0.28044496487119436,0.5351288056206089,0.9022248243559718
0.6692037470725996,0.7687353629976581,0.07728337236533958,0.04742388758782201,0.5538641686182669,0.9730679156908665,0.9578454332552693,0.7300936768149883,0.560304449648712,0.7453161592505855,0.6135831381733021
0.21252927400468383,0.4771662763466042,0.7476580796252927,0.1996487119437939,0.06557377049180328,0.892271662763466,0.8635831381733021,0.8284543325526932,0.5655737704918032,0.6680327868852459,0.5433255269320844
0.1446135831381733,0.21955503512880561,0.9701405152224825,0.4964871194379391,0.09894613583138173,0.7699063231850117,0.7125292740046838,0.10304449648711944,0.9888758782201406,0.9490632318501171,0.6217798594847775
0.7113583138173302,0.7564402810304449,0.7628805620608899,0.6083138173302107,0.37236533957845436,0.45433255269320844,0.373536299765808,0.11065573770491803,0.6621779859484778,0.7617096018735363,0.5784543325526932
0.4028103044496487,0.2605386416861827,0.15807962529274006,0.1920374707259953,0.9180327868852459,0.3477751756440281,0.12412177985948478,0.4918032786885246,0.6018735362997658,0.37763466042154564,0.1920374707259953
0.9613583138173302,0.8015222482435597,0.6094847775175644,0.7230679156908665,0.6282201405152225,0.7921545667447307,0.5134660421545667,0.21428571428571427,0.594847775175644,0.17857142857142858,0.4637002341920375
0.9268149882903981,0.8173302107728337,0.16920374707259953,0.30620608899297425,0.6569086651053864,0.6229508196721312,0.5433255269320844,0.7710772833723654,0.45550351288056207,0.4502341920374707,0.49473067915690866
0.6978922716627635,0.6252927400468384,0.47540983606557374,0.8466042154566745,0.3436768149882904,0.3542154566744731,0.3553864168618267,0.6949648711943794,0.1832552693208431,0.5152224824355972,0.7704918032786885
0.59192037470726,0.5802107728337237,0.20023419203747073,0.6610070257611241,0.009953161592505855,0.18266978922716628,0.2903981264637002,0.3003512880562061,0.1832552693208431,0.2997658079625293,0.6639344262295082
0.42213114754098363,0.21955503512880561,0.9461358313817331,0.6053864168618267,0.8073770491803278,0.36007025761124123,0.8711943793911007,0.6533957845433255,0.879976580796253,0.8659250585480094,0.36124121779859486
0.5597189695550351,0.7845433255269321,0.16920374707259953,0.3788056206088993,0.29566744730679156,0.905152224824356,0.955503512880562,0.9672131147540983,0.772248243559719,0.5076112412177985,0.49824355971896955
0.16276346604215455,0.08548009367681499,0.6697892271662763,0.38114754098360654,0.8179156908665105,0.8992974238875878,0.8811475409836066,0.8395784543325527,0.1832552693208431,0.11651053864168619,0.8963700234192038
0.24531615925058547,0.2892271662763466,0.8583138173302107,0.5866510538641686,0.8969555035128806,0.024004683840749413,0.275175644028103,0.7160421545667447,0.12470725995316159,0.08840749414519906,0.8963700234192038
0.42213114754098363,0.4882903981264637,0.547423887587822,0.9414519906323185,0.9537470725995316,0.22072599531615925,0.5035128805620609,0.8629976580796253,0.39285714285714285,0.5076112412177985,0.2259953161592506
0.6487119437939111,0.281615925058548,0.6528103044496487,0.11651053864168619,0.11768149882903982,0.7166276346604216,0.9677985948477752,0.9010538641686182,0.8208430913348946,0.9016393442622951,0.2886416861826698
0.6381733021077284,0.36768149882903983,0.08021077283372366,0.9268149882903981,0.5257611241217799,0.10187353629976581,0.21135831381733022,0.705503512880562,0.1053864168618267,0.056791569086651054,0.1211943793911007
0.045081967213114756,0.06791569086651054,0.7827868852459017,0.45140515222482436,0.9104215456674473,0.14637002341920374,0.10655737704918032,0.3237704918032787,0.3875878220140515,0.5017564402810304,0.19613583138173302
0.5204918032786885,0.35655737704918034,0.47540983606557374,0.11358313817330211,0.00702576112412178,0.40749414519906324,0.21135831381733022,0.620023419203747,0.34660421545667447,0.8840749414519906,0.990632318501171
0.6978922716627635,0.6100702576112412,0.5187353629976581,0.6533957845433255,0.3951990632318501,0.1873536299765808,0.36416861826697894,0.3337236533957845,0.018149882903981264,0.9262295081967213,0.31030444964871196
0.9543325526932084,0.9566744730679156,0.21135831381733022,0.525175644028103,0.6053864168618267,0.265807962529274,0.6223653395784543,0.9929742388758782,0.11182669789227166,0.5485948477751756,0.8507025761124122
0.35362997658079626,0.0585480093676815,0.40046838407494145,0.19672131147540983,0.9291569086651054,0.18266978922716628,0.6364168618266979,0.7781030444964872,0.4953161592505855,0.27107728337236536,0.2101873536299766
0.3911007025761124,0.39285714285714285,0.40866510538641687,0.5035128805620609,0.7933255269320844,0.01990632318501171,0.2716627634660422,0.4572599531615925,0.5199063231850117,0.41978922716627637,0.17096018735362997
0.7371194379391101,0.8272833723653396,0.00936768149882904,0.9964871194379391,0.17037470725995316,0.05035128805620609,0.0942622950819672,0.2927400468384075,0.5655737704918032,0.7382903981264637,0.4560889929742389
0.5134660421545667,0.7611241217798594,0.03571428571428571,0.00117096018735363,0.9988290398126464,0.265807962529274,0.07377049180327869,0.06498829039812647,0.8395784543325527,0.9314988290398126,0.9625292740046838
0.1996487119437939,0.281615925058548,0.9929742388758782,0.8155737704918032,0.6399297423887588,0.21428571428571427,0.373536299765808,0.6399297423887588,0.3401639344262295,0.3155737704918033,0.3864168618266979
0.9508196721311475,0.9455503512880562,0.22014051522248243,0.9508196721311475,0.4818501170960187,0.7166276346604216,0.5433255269320844,0.19379391100702575,0.2822014051522248,0.23536299765807964,0.6504683840749415
0.39637002341920374,0.724824355971897,0.8343091334894613,0.832552693208431,0.7359484777517564,0.03395784543325527,0.04918032786885246,0.7482435597189696,0.07494145199063232,0.5403981264637002,0.7517564402810304
0.4139344262295082,0.6703747072599532,0.31381733021077285,0.148711943793911,0.26288056206088994,0.3237704918032787,0.1598360655737705,0.10772833723653395,0.939695550351288,0.9871194379391101,0.6012880562060889
0.1797423887587822,0.03454332552693208,0.9976580796252927,0.974824355971897,0.9502341920374707,0.45433255269320844,0.15515222482435598,0.6258782201405152,0.7148711943793911,0.39227166276346603,0.43911007025761123
0.35362997658079626,0.07142857142857142,0.23243559718969556,0.36065573770491804,0.7090163934426229,0.15515222482435598,0.33079625292740045,0.01053864168618267,0.1053864168618267,0.10831381733021077,0.8723653395784543
0.9127634660421545,0.8173302107728337,0.9279859484777517,0.9350117096018735,0.9461358313817331,0.5023419203747073,0.13348946135831383,0.5497658079625293,0.22775175644028103,0.5076112412177985,0.9531615925058547
0.21662763466042154,0.5638173302107728,0.7476580796252927,0.8875878220140515,0.7968384074941453,0.9894613583138173,0.9882903981264637,0.8202576112412178,0.727751756440281,0.15339578454332553,0.25526932084309134
0.38231850117096017,0.7412177985948478,0.44730679156908665,0.2529274004683841,0.3044496487119438,0.22072599531615925,0.2300936768149883,0.5070257611241218,0.07669789227166277,0.14402810304449648,0.867096018735363
0.057962529274004686,0.1375878220140515,0.6007025761124122,0.1797423887587822,0.2576112412177986,0.7441451990632318,0.3553864168618267,0.16744730679156908,0.31030444964871196,0.14988290398126464,0.1996487119437939
0.8337236533957846,0.6990632318501171,0.18911007025761123,0.6147540983606558,0.15749414519906324,0.13992974238875877,0.19847775175644028,0.5070257611241218,0.7845433255269321,0.8237704918032787,0.6545667447306791
0.2107728337236534,0.5966042154566745,0.7259953161592506,0.28454332552693207,0.47014051522248246,0.7441451990632318,0.6129976580796253,0.620023419203747,0.7628805620608899,0.5878220140515222,0.14578454332552693
0.5345433255269321,0.2997658079625293,0.9180327868852459,0.5070257611241218,0.5989461358313818,0.40749414519906324,0.4953161592505855,0.16744730679156908,0.6018735362997658,0.430327868852459,0.34894613583138173
0.32494145199063235,0.46662763466042156,0.37177985948477754,0.22072599531615925,0.24414519906323184,0.00936768149882904,0.00819672131147541,0.00702576112412178,0.8167447306791569,0.7763466042154566,0.2259953161592506
0.2617096018735363,0.20199063231850117,0.43676814988290397,0.3881733021077283,0.12002341920374707,0.03747072599531616,0.00585480093676815,0.10304449648711944,0.879976580796253,0.8307962529274004,0.7956674473067916
0.5070257611241218,0.9057377049180327,0.9115925058548009,0.7154566744730679,0.9426229508196722,0.8647540983606558,0.892271662763466,0.5275175644028103,0.4672131147540984,0.2652224824355972,0.5398126463700235
0.8073770491803278,0.952576112412178,0.6475409836065574,0.32728337236533955,0.24414519906323184,0.9186182669789227,0.8366510538641686,0.4765807962529274,0.41920374707259955,0.4566744730679157,0.32903981264637
0.040983606557377046,0.6703747072599532,0.7827868852459017,0.939695550351288,0.9028103044496487,0.8706088992974239,0.7962529274004684,0.07377049180327869,0.7060889929742389,0.6135831381733021,0.3553864168618267
0.07552693208430913,0.6633489461358314,0.8401639344262295,0.2933255269320843,0.5070257611241218,0.7587822014051522,0.5035128805620609,0.4765807962529274,0.879976580796253,0.7950819672131147,0.043911007025761124
0.29156908665105385,0.5544496487119438,0.9560889929742389,0.4572599531615925,0.2230679156908665,0.6861826697892272,0.7728337236533958,0.34250585480093676,0.13700234192037472,0.06557377049180328,0.7330210772833724
0.9209601873536299,0.5638173302107728,0.2464871194379391,0.056791569086651054,0.45843091334894615,0.30620608899297425,0.12822014051522249,0.3079625292740047,0.02459016393442623,0.5485948477751756,0.00351288056206089
0.272248243559719,0.07377049180327869,0.882903981264637,0.2687353629976581,0.13114754098360656,0.40398126463700235,0.3079625292740047,0.36124121779859486,0.1288056206088993,0.032201405152224825,0.8389929742388759
0.5,0.8489461358313818,0.7921545667447307,0.525175644028103,0.405152224824356,0.3190866510538642,0.2529274004683841,0.7259953161592506,0.008782201405152224,0.8793911007025761,0.13466042154566746
0.8038641686182669,0.5421545667447307,0.2605386416861827,0.7189695550351288,0.1252927400468384,0.027517564402810304,0.21721311475409835,0.00585480093676815,0.7318501170960188,0.7382903981264637,0.41510538641686184
0.9900468384074942,0.8553864168618267,0.468384074941452,0.569672131147541,0.1791569086651054,0.01756440281030445,0.4262295081967213,0.6855971896955504,0.07377049180327869,0.4502341920374707,0.515807962529274
0.2230679156908665,0.01053864168618267,0.5064402810304449,0.37236533957845436,0.6053864168618267,0.8524590163934426,0.8659250585480094,0.4918032786885246,0.8940281030444965,0.6727166276346604,0.2605386416861827
0.1996487119437939,0.18501170960187355,0.12646370023419204,0.30620608899297425,0.9718969555035128,0.13056206088992975,0.01288056206088993,0.16159250585480095,0.38173302107728335,0.5017564402810304,0.24707259953161592
0.7459016393442623,0.5333723653395784,0.4274004683840749,0.7962529274004684,0.20140515222482436,0.09250585480093677,0.22131147540983606,0.5140515222482436,0.21252927400468383,0.10421545667447307,0.9455503512880562
0.5415690866510539,0.9338407494145199,0.18442622950819673,0.9953161592505855,0.8741217798594848,0.23302107728337237,0.13348946135831383,0.7710772833723654,0.5345433255269321,0.4022248243559719,0.2259953161592506
0.2786885245901639,0.40398126463700235,0.11007025761124122,0.3003512880562061,0.8846604215456675,0.27576112412177983,0.11182669789227166,0.367096018735363,0.6727166276346604,0.8179156908665105,0.6791569086651054
0.1252927400468384,0.20199063231850117,0.1756440281030445,0.21428571428571427,0.02927400468384075,0.9882903981264637,0.9824355971896955,0.9742388758782201,0.4262295081967213,0.28044496487119436,0.4028103044496487
0.7224824355971897,0.7324355971896955,0.13934426229508196,0.9929742388758782,0.9800936768149883,0.9473067915690867,0.939695550351288,0.892271662763466,0.09016393442622951,0.050936768149882905,0.8846604215456675
0.18442622950819673,0.3337236533957845,0.7552693208430913,0.9818501170960188,0.9847775175644028,0.2851288056206089,0.08313817330210772,0.6908665105386417,0.9297423887587822,0.9666276346604216,0.9385245901639344
0.430327868852459,0.12060889929742388,0.1756440281030445,0.23126463700234193,0.5538641686182669,0.15515222482435598,0.016978922716627636,0.39227166276346603,0.5345433255269321,0.35772833723653397,0.34250585480093676
0.8378220140515222,0.8998829039812647,0.5573770491803278,0.00468384074941452,0.29098360655737704,0.36007025761124123,0.1715456674473068,0.14695550351288056,0.7687353629976581,0.6680327868852459,0.2148711943793911
0.955503512880562,0.8764637002341921,0.585480093676815,0.775175644028103,0.5362997658079626,0.5638173302107728,0.7201405152224825,0.9039812646370023,0.594847775175644,0.5351288056206089,0.07611241217798595
0.48653395784543324,0.810304449648712,0.6381733021077284,0.2107728337236534,0.5415690866510539,0.3395784543325527,0.7962529274004684,0.8126463700234192,0.6428571428571429,0.6598360655737705,0.32435597189695553
0.15690866510538642,0.5638173302107728,0.5679156908665105,0.582552693208431,0.8026932084309133,0.7318501170960188,0.5491803278688525,0.9110070257611241,0.6621779859484778,0.5257611241217799,0.13817330210772832
0.3588992974238876,0.21252927400468383,0.48302107728337235,0.8788056206088993,0.10772833723653395,0.4314988290398126,0.5433255269320844,0.5070257611241218,0.3594847775175644,0.14754098360655737,0.42915690866510536
0.20725995316159251,0.6358313817330211,0.9361826697892272,0.32142857142857145,0.17681498829039813,0.49473067915690866,0.373536299765808,0.2336065573770492,0.8395784543325527,0.7950819672131147,0.49824355971896955
0.29156908665105385,0.4882903981264637,0.8495316159250585,0.27459016393442626,0.6235362997658079,0.8179156908665105,0.8261124121779859,0.9151053864168618,0.8548009367681498,0.8887587822014051,0.6943793911007026
0.5485948477751756,0.5889929742388759,0.8583138173302107,0.02927400468384075,0.8600702576112412,0.8097189695550351,0.7839578454332553,0.5011709601873536,0.16159250585480095,0.1955503512880562,0.6891100702576113
0.430327868852459,0.5421545667447307,0.43676814988290397,0.42564402810304447,0.03161592505854801,0.5023419203747073,0.21135831381733022,0.800351288056206,0.21662763466042154,0.10831381733021077,0.84192037470726
0.3360655737704918,0.22950819672131148,0.41510538641686184,0.1211943793911007,0.03044496487119438,0.3951990632318501,0.275175644028103,0.6258782201405152,0.8337236533957846,0.8659250585480094,0.949648711943794
0.02107728337236534,0.12060889929742388,0.8536299765807962,0.18384074941451992,0.19320843091334894,0.6012880562060889,0.4104215456674473,0.351288056206089,0.2031615925058548,0.05913348946135832,0.7031615925058547
0.8758782201405152,0.6750585480093677,0.4894613583138173,0.6282201405152225,0.8793911007025761,0.22892271662763466,0.4408665105386417,0.6855971896955504,0.09660421545667447,0.07142857142857142,0.7769320843091335
0.2230679156908665,0.09016393442622951,0.6832552693208431,0.5011709601873536,0.47540983606557374,0.7494145199063232,0.5204918032786885,0.1364168618266979,0.13992974238875877,0.03981264637002342,0.5913348946135831
0.13466042154566746,0.02810304449648712,0.9420374707259953,0.36768149882903983,0.5362997658079626,0.6012880562060889,0.4918032786885246,0.2617096018735363,0.5398126463700235,0.430327868852459,0.3015222482435597
0.6487119437939111,0.718384074941452,0.7066744730679156,0.952576112412178,0.6961358313817331,0.06733021077283373,0.016978922716627636,0.040983606557377046,0.5169789227166276,0.430327868852459,0.00819672131147541
0.6744730679156908,0.6522248243559718,0.2646370023419204,0.7418032786885246,0.6053864168618267,0.4672131147540984,0.3015222482435597,0.28337236533957844,0.4953161592505855,0.5813817330210773,0.42330210772833726
0.48653395784543324,0.9455503512880562,0.9461358313817331,0.8987119437939111,0.9262295081967213,0.1323185011709602,0.32201405152224827,0.6258782201405152,0.3548009367681499,0.15690866510538642,0.03981264637002342
0.6744730679156908,0.8940281030444965,0.5573770491803278,0.7037470725995316,0.5327868852459017,0.2939110070257611,0.05152224824355972,0.594847775175644,0.10889929742388758,0.11358313817330211,0.7517564402810304
0.03981264637002342,0.35655737704918034,0.585480093676815,0.8512880562060889,0.702576112412178,0.9742388758782201,0.9642857142857143,0.9309133489461359,0.24473067915690866,0.12997658079625293,0.4098360655737705
0.9478922716627635,0.8343091334894613,0.3629976580796253,0.6194379391100703,0.6709601873536299,0.17798594847775176,0.34543325526932084,0.800351288056206,0.4953161592505855,0.6135831381733021,0.27107728337236536
0.9660421545667447,0.9578454332552693,0.9578454332552693,0.9467213114754098,0.9871194379391101,0.9139344262295082,0.8676814988290398,0.8050351288056206,0.5567915690866511,0.4022248243559719,0.5216627634660421
0.37822014051522246,0.2997658079625293,0.7476580796252927,0.41451990632318503,0.41569086651053866,0.6785714285714286,0.6733021077283372,0.7259953161592506,0.0234192037470726,0.9824355971896955,0.1252927400468384
0.00468384074941452,0.1323185011709602,0.45491803278688525,0.02576112412177986,0.13875878220140514,0.42505854800936765,0.4408665105386417,0.20140515222482436,0.9871194379391101,0.9625292740046838,0.7131147540983607
0.8834894613583139,0.9713114754098361,0.6756440281030445,0.16276346604215455,0.38992974238875877,0.8501170960187353,0.7839578454332553,0.20725995316159251,0.3079625292740047,0.16100702576112413,0.05913348946135832
0.4613583138173302,0.6252927400468384,0.7148711943793911,0.35714285714285715,0.405152224824356,0.31381733021077285,0.7371194379391101,0.955503512880562,0.917447306791569,0.9180327868852459,0.5608899297423887
0.8583138173302107,0.21955503512880561,0.6639344262295082,0.6715456674473068,0.6176814988290398,0.00117096018735363,0.00234192037470726,0.09016393442622951,0.6088992974238876,0.4724824355971897,0.49473067915690866
0.0702576112412178,0.1522248243559719,0.6756440281030445,0.27459016393442626,0.42096018735363,0.7078454332552693,0.4689695550351288,0.3741217798594848,0.484192037470726,0.37763466042154564,0.02927400468384075
0.37822014051522246,0.5802107728337237,0.7371194379391101,0.6340749414519906,0.7997658079625293,0.3881733021077283,0.07142857142857142,0.5848946135831382,0.4092505854800937,0.5257611241217799,0.1405152224824356
0.09250585480093677,0.16686182669789226,0.05444964871194379,0.03395784543325527,0.4648711943793911,0.36007025761124123,0.14988290398126464,0.594847775175644,0.3167447306791569,0.4414519906323185,0.39344262295081966
0.9859484777517564,0.9484777517564403,0.8899297423887588,0.05152224824355972,0.8073770491803278,0.08313817330210772,0.08665105386416862,0.01405152224824356,0.5878220140515222,0.37763466042154564,0.5216627634660421
0.8471896955503513,0.7505854800936768,0.26756440281030447,0.5374707259953162,0.3471896955503513,0.32084309133489464,0.14988290398126464,0.44320843091334894,0.5761124121779859,0.6984777517564403,0.2101873536299766
0.8758782201405152,0.8015222482435597,0.7148711943793911,0.8501170960187353,0.405152224824356,0.6528103044496487,0.699648711943794,0.2505854800936768,0.5245901639344263,0.430327868852459,0.3799765807962529
0.319672131147541,0.0702576112412178,0.6147540983606558,0.9976580796252927,0.9560889929742389,0.5638173302107728,0.45491803278688525,0.351288056206089,0.5040983606557377,0.33899297423887587,0.3799765807962529
0.8834894613583139,0.7921545667447307,0.1756440281030445,0.9701405152224825,0.7540983606557377,0.3881733021077283,0.23477751756440282,0.3237704918032787,0.32084309133489464,0.06147540983606557,0.5784543325526932
0.08255269320843091,0.00819672131147541,0.3793911007025761,0.8542154566744731,0.5304449648711944,0.6451990632318502,0.7453161592505855,0.3237704918032787,0.21252927400468383,0.14402810304449648,0.8021077283372365
0.6487119437939111,0.4332552693208431,0.22014051522248243,0.7517564402810304,0.7207259953161592,0.9625292740046838,0.9455503512880562,0.8905152224824356,0.5567915690866511,0.5485948477751756,0.22131147540983606
0.37822014051522246,0.11241217798594848,0.02576112412177986,0.9590163934426229,0.5193208430913349,0.5081967213114754,0.5614754098360656,0.8360655737704918,0.4672131147540984,0.2903981264637002,0.23477751756440282
0.0117096018735363,0.21955503512880561,0.6697892271662763,0.6715456674473068,0.6399297423887588,0.5638173302107728,0.4408665105386417,0.19379391100702575,0.8167447306791569,0.6984777517564403,0.13466042154566746
0.14754098360655737,0.21955503512880561,0.021662763466042154,0.9730679156908665,0.376463700234192,0.47599531615925056,0.8530444964871194,0.9724824355971897,0.3741217798594848,0.22540983606557377,0.30562060889929743
0.468384074941452,0.6252927400468384,0.9642857142857143,0.5585480093676815,0.7827868852459017,0.8852459016393442,0.8477751756440282,0.9215456674473068,0.32084309133489464,0.8840749414519906,0.2605386416861827
0.8231850117096019,0.7611241217798594,0.06908665105386416,0.12704918032786885,0.2687353629976581,0.4637002341920375,0.2903981264637002,0.3079625292740047,0.13992974238875877,0.050936768149882905,0.7798594847775175
0.6381733021077284,0.4882903981264637,0.6639344262295082,0.07377049180327869,0.4818501170960187,0.9186182669789227,0.9455503512880562,0.9795081967213115,0.1832552693208431,0.06147540983606557,0.9057377049180327
0.6569086651053864,0.39285714285714285,0.4274004683840749,0.45433255269320844,0.11065573770491803,0.9871194379391101,0.9894613583138173,0.9918032786885246,0.5245901639344263,0.5608899297423887,0.32903981264637
0.37236533957845436,0.39285714285714285,0.15807962529274006,0.5011709601873536,0.7892271662763466,0.2786885245901639,0.12412177985948478,0.6791569086651054,0.3079625292740047,0.5960187353629977,0.9765807962529274
0.7892271662763466,0.5421545667447307,0.12002341920374707,0.7037470725995316,0.45843091334894615,0.27576112412177983,0.24824355971896955,0.5784543325526932,0.7435597189695551,0.5685011709601874,0.3167447306791569
0.0234192037470726,0.1446135831381733,0.740632318501171,0.3542154566744731,0.8793911007025761,0.002927400468384075,0.11943793911007025,0.8360655737704918,0.6937939110070258,0.5485948477751756,0.1756440281030445
0.7845433255269321,0.41217798594847777,0.8694379391100703,0.9648711943793911,0.6961358313817331,0.4174473067915691,0.33079625292740045,0.09543325526932084,0.6182669789227166,0.37763466042154564,0.19613583138173302
0.8635831381733021,0.8998829039812647,0.563231850117096,0.7459016393442623,0.44672131147540983,0.7699063231850117,0.5755269320843092,0.405152224824356,0.5878220140515222,0.3231850117096019,0.2101873536299766
0.9988290398126464,0.9988290398126464,0.31381733021077285,0.8764637002341921,0.8073770491803278,0.607728337236534,0.4180327868852459,0.8138173302107728,0.1715456674473068,0.07318501170960187,0.610655737704918
0.3360655737704918,0.5076112412177985,0.9795081967213115,0.7962529274004684,0.47540983606557374,0.7792740046838408,0.8407494145199064,0.7909836065573771,0.9847775175644028,0.9742388758782201,0.6967213114754098
0.607728337236534,0.09016393442622951,0.5105386416861827,0.8928571428571429,0.4648711943793911,0.4314988290398126,0.5544496487119438,0.2336065573770492,0.14988290398126464,0.2997658079625293,0.7464871194379391
0.468384074941452,0.36768149882903983,0.5187353629976581,0.28044496487119436,0.04566744730679157,0.8138173302107728,0.7330210772833724,0.382903981264637,0.1446135831381733,0.019320843091334895,0.8237704918032787
0.9508196721311475,0.8272833723653396,0.8266978922716628,0.101288056206089,0.13875878220140514,0.5111241217798594,0.5035128805620609,0.8425058548009368,0.8044496487119438,0.6598360655737705,0.3553864168618267
0.6147540983606558,0.39285714285714285,0.2968384074941452,0.6533957845433255,0.4959016393442623,0.3477751756440281,0.26229508196721313,0.9402810304449649,0.772248243559719,0.6411007025761124,0.39344262295081966
0.8758782201405152,0.8553864168618267,0.3793911007025761,0.3881733021077283,0.7289227166276346,0.06147540983606557,0.1715456674473068,0.27459016393442626,0.430327868852459,0.47950819672131145,0.8155737704918032
0.026932084309133488,0.03747072599531616,0.11241217798594848,0.8120608899297423,0.5070257611241218,0.5269320843091335,0.4262295081967213,0.7113583138173302,0.6937939110070258,0.7950819672131147,0.5608899297423887
0.9824355971896955,0.9806791569086651,0.867096018735363,0.9022248243559718,0.8313817330210773,0.857728337236534,0.7839578454332553,0.2617096018735363,0.1832552693208431,0.31791569086651056,0.9086651053864169
0.5281030444964872,0.40398126463700235,0.25585480093676816,0.9320843091334895,0.7207259953161592,0.8992974238875878,0.9730679156908665,0.8571428571428571,0.6217798594847775,0.7382903981264637,0.34250585480093676
0.08021077283372366,0.45843091334894615,0.939695550351288,0.6973067915690867,0.8741217798594848,0.49473067915690866,0.48653395784543324,0.6733021077283372,0.21838407494145198,0.7617096018735363,0.9976580796252927
0.23946135831381732,0.39285714285714285,0.9420374707259953,0.9309133489461359,0.9672131147540983,0.20140515222482436,0.1879391100702576,0.6533957845433255,0.8916861826697893,0.9039812646370023,0.5105386416861827
0.9836065573770492,0.9929742388758782,0.45491803278688525,0.48302107728337235,0.18266978922716628,0.59192037470726,0.5281030444964872,0.7968384074941453,0.6334894613583139,0.37763466042154564,0.4490632318501171
0.8179156908665105,0.8963700234192038,0.9086651053864169,0.7564402810304449,0.9332552693208431,0.6012880562060889,0.5544496487119438,0.22189695550351288,0.0626463700234192,0.10070257611241218,0.8237704918032787
0.8524590163934426,0.705503512880562,0.9765807962529274,0.6411007025761124,0.5720140515222483,0.06147540983606557,0.8747072599531616,0.6399297423887588,0.23653395784543327,0.2529274004683841,0.7400468384074942
0.5831381733021077,0.810304449648712,0.07259953161592506,0.28044496487119436,0.17037470725995316,0.8969555035128806,0.8887587822014051,0.9836065573770492,0.5807962529274004,0.4859484777517564,0.17096018735362997
0.1996487119437939,0.06440281030444965,0.3629976580796253,0.06088992974238876,0.06791569086651054,0.5023419203747073,0.4953161592505855,0.5620608899297423,0.8466042154566745,0.7265807962529274,0.6440281030444965
0.4139344262295082,0.3114754098360656,0.8641686182669789,0.547423887587822,0.8343091334894613,0.11592505854800937,0.5685011709601874,0.5327868852459017,0.3700234192037471,0.5685011709601874,0.5509367681498829
0.2851288056206089,0.05035128805620609,0.5333723653395784,0.3881733021077283,0.2792740046838407,0.4894613583138173,0.48653395784543324,0.08840749414519906,0.27459016393442626,0.09309133489461359,0.7956674473067916
0.7418032786885246,0.32786885245901637,0.33138173302107726,0.08899297423887588,0.6053864168618267,0.01639344262295082,0.3401639344262295,0.18618266978922718,0.9929742388758782,0.9918032786885246,0.9800936768149883
0.3588992974238876,0.25,0.8875878220140515,0.6223653395784543,0.9584309133489461,0.7921545667447307,0.9578454332552693,0.9795081967213115,0.5720140515222483,0.860655737704918,0.9871194379391101
0.8425058548009368,0.9414519906323185,0.7827868852459017,0.765807962529274,0.7734192037470726,0.7991803278688525,0.45491803278688525,0.3337236533957845,0.44730679156908665,0.21721311475409835,0.08723653395784543
0.3436768149882904,0.21955503512880561,0.6697892271662763,0.9350117096018735,0.9379391100702577,0.33430913348946134,0.16510538641686182,0.5620608899297423,0.7224824355971897,0.6984777517564403,0.49473067915690866
0.477751756440281,0.7757611241217799,0.7066744730679156,0.2933255269320843,0.02576112412177986,0.059718969555035126,0.06440281030444965,0.03161592505854801,0.936768149882904,0.860655737704918,0.474824355971897
0.0234192037470726,0.2997658079625293,0.547423887587822,0.36768149882903983,0.5720140515222483,0.1053864168618267,0.0351288056206089,0.7781030444964872,0.21252927400468383,0.02927400468384075,0.8126463700234192
0.7792740046838408,0.8963700234192038,0.65807962529274,0.26288056206088994,0.3951990632318501,0.37236533957845436,0.6129976580796253,0.42096018735363,0.49882903981264637,0.28044496487119436,0.3325526932084309
0.7517564402810304,0.6820843091334895,0.7066744730679156,0.42564402810304447,0.8647540983606558,0.9918032786885246,0.9941451990632318,0.9672131147540983,0.6475409836065574,0.4414519906323185,0.4490632318501171
0.3360655737704918,0.9338407494145199,0.23770491803278687,0.7781030444964872,0.5644028103044496,0.9549180327868853,0.9320843091334895,0.8629976580796253,0.4707259953161593,0.4022248243559719,0.34894613583138173
0.7745901639344263,0.34133489461358313,0.2968384074941452,0.32435597189695553,0.7359484777517564,0.04274004683840749,0.06440281030444965,0.6855971896955504,0.3665105386416862,0.3629976580796253,0.610655737704918
0.04800936768149883,0.01405152224824356,0.3202576112412178,0.6861826697892272,0.009953161592505855,0.24004683840749413,0.3015222482435597,0.4572599531615925,0.7687353629976581,0.5749414519906323,0.5708430913348946
0.4929742388758782,0.7505854800936768,0.40866510538641687,0.47599531615925056,0.19672131147540983,0.7078454332552693,0.6733021077283372,0.43208430913348944,0.9976580796252927,0.9988290398126464,0.699648711943794
0.2230679156908665,0.4882903981264637,0.16920374707259953,0.2031615925058548,0.8758782201405152,0.936768149882904,0.9543325526932084,0.9361826697892272,0.9074941451990632,0.9461358313817331,0.7166276346604216
0.7611241217798594,0.8887587822014051,0.03395784543325527,0.9894613583138173,0.7289227166276346,0.16627634660421545,0.24824355971896955,0.398711943793911,0.727751756440281,0.5257611241217799,0.2259953161592506
0.00117096018735363,0.06440281030444965,0.9115925058548009,0.38114754098360654,0.08021077283372366,0.9490632318501171,0.927400468384075,0.8202576112412178,0.3167447306791569,0.5152224824355972,0.9724824355971897
0.5134660421545667,0.38231850117096017,0.09074941451990633,0.9379391100702577,0.4818501170960187,0.3009367681498829,0.4262295081967213,0.27459016393442626,0.13407494145199064,0.430327868852459,0.8542154566744731
0.8290398126463701,0.7125292740046838,0.49414519906323184,0.3940281030444965,0.9180327868852459,0.03278688524590164,0.4689695550351288,0.057962529274004686,0.8741217798594848,0.7084309133489461,0.23477751756440282
0.477751756440281,0.6451990632318502,0.7991803278688525,0.5403981264637002,0.7453161592505855,0.8647540983606558,0.8811475409836066,0.7909836065573771,0.35011709601873536,0.18618266978922718,0.3366510538641686
0.13875878220140514,0.43969555035128804,0.9022248243559718,0.7084309133489461,0.5644028103044496,0.12470725995316159,0.12412177985948478,0.7300936768149883,0.6018735362997658,0.5878220140515222,0.42330210772833726
0.8337236533957846,0.955503512880562,0.9742388758782201,0.9625292740046838,0.9976580796252927,0.43911007025761123,0.373536299765808,0.43208430913348944,0.38173302107728335,0.08840749414519906,0.25
0.8887587822014051,0.8056206088992974,0.990632318501171,0.7189695550351288,0.6709601873536299,0.8179156908665105,0.8185011709601874,0.7090163934426229,0.20960187353629978,0.1375878220140515,0.6252927400468384
0.32494145199063235,0.2640515222482436,0.7699063231850117,0.5743559718969555,0.6961358313817331,0.14929742388758782,0.1522248243559719,0.02576112412177986,0.5761124121779859,0.430327868852459,0.37177985948477754
0.7745901639344263,0.882903981264637,0.9156908665105387,0.6955503512880562,0.7763466042154566,0.5485948477751756,0.4180327868852459,0.41217798594847777,0.0585480093676815,0.9572599531615925,0.32435597189695553
0.164519906323185,0.4274004683840749,0.939695550351288,0.9221311475409836,0.9262295081967213,0.6785714285714286,0.5035128805620609,0.08196721311475409,0.02224824355971897,0.6411007025761124,0.01639344262295082
0.8758782201405152,0.9373536299765808,0.4203747072599532,0.20725995316159251,0.2066744730679157,0.2851288056206089,0.02224824355971897,0.24531615925058547,0.4092505854800937,0.20608899297423888,0.4783372365339578
0.05327868852459016,0.05562060889929742,0.14637002341920374,0.8928571428571429,0.6569086651053864,0.2464871194379391,0.4180327868852459,0.8676814988290398,0.8243559718969555,0.6135831381733021,0.05620608899297424
0.5281030444964872,0.25,0.6317330210772834,0.27459016393442626,0.3992974238875878,0.835480093676815,0.765807962529274,0.2336065573770492,0.39637002341920374,0.31791569086651056,0.2851288056206089
0.17681498829039813,0.281615925058548,0.03981264637002342,0.10831381733021077,0.4894613583138173,0.027517564402810304,0.02576112412177986,0.1364168618266979,0.05620608899297424,0.9637002341920374,0.05269320843091335
0.18442622950819673,0.4771662763466042,0.00936768149882904,0.9988290398126464,0.9660421545667447,0.5579625292740047,0.5362997658079626,0.5720140515222483,0.3009367681498829,0.2529274004683841,0.07962529274004684
0.7611241217798594,0.36768149882903983,0.9344262295081968,0.4057377049180328,0.01522248243559719,0.6188524590163934,0.48653395784543324,0.18618266978922718,0.7148711943793911,0.6598360655737705,0.2652224824355972
0.367096018735363,0.44730679156908665,0.05152224824355972,0.9186182669789227,0.3471896955503513,0.6528103044496487,0.8026932084309133,0.9285714285714286,0.860655737704918,0.4414519906323185,0.4490632318501171
0.8138173302107728,0.5889929742388759,0.12763466042154567,0.8430913348946136,0.036885245901639344,0.6012880562060889,0.3992974238875878,0.17388758782201405,0.9514051522248244,0.9490632318501171,0.6639344262295082
0.9976580796252927,0.9953161592505855,0.25117096018735363,0.547423887587822,0.31381733021077285,0.22072599531615925,0.14988290398126464,0.7710772833723654,0.2388758782201405,0.00819672131147541,0.0351288056206089
0.5281030444964872,0.7412177985948478,0.6475409836065574,0.23711943793911008,0.4648711943793911,0.7078454332552693,0.6129976580796253,0.12002341920374707,0.6937939110070258,0.8237704918032787,0.4560889929742389
0.8471896955503513,0.3114754098360656,0.7148711943793911,0.6481264637002342,0.3401639344262295,0.08665105386416862,0.15515222482435598,0.6586651053864169,0.6727166276346604,0.5813817330210773,0.31030444964871196
0.03161592505854801,0.36768149882903983,0.36768149882903983,0.0942622950819672,0.9028103044496487,0.544496487119438,0.6293911007025761,0.8395784543325527,0.3770491803278688,0.24707259953161592,0.11475409836065574
0.9695550351288056,0.9771662763466042,0.4274004683840749,0.5538641686182669,0.9859484777517564,0.7166276346604216,0.4689695550351288,0.17388758782201405,0.01990632318501171,0.021662763466042154,0.7084309133489461
0.5831381733021077,0.4882903981264637,0.5679156908665105,0.148711943793911,0.12002341920374707,0.01522248243559719,0.032201405152224825,0.00117096018735363,0.03629976580796253,0.00585480093676815,0.06206088992974239
0.4420374707259953,0.07962529274004684,0.7628805620608899,0.1680327868852459,0.00234192037470726,0.00819672131147541,0.24063231850117095,0.01873536299765808,0.7628805620608899,0.5960187353629977,0.4707259953161593
0.9314988290398126,0.9057377049180327,0.3442622950819672,0.5942622950819673,0.4818501170960187,0.7078454332552693,0.44672131147540983,0.2617096018735363,0.12177985948477751,0.050936768149882905,0.6639344262295082
0.7962529274004684,0.9882903981264637,0.7476580796252927,0.23711943793911008,0.3044496487119438,0.3542154566744731,0.32201405152224827,0.44320843091334894,0.14988290398126464,0.22540983606557377,0.7704918032786885
0.7745901639344263,0.7874707259953162,0.7552693208430913,0.36768149882903983,0.16334894613583137,0.5081967213114754,0.4689695550351288,0.367096018735363,0.7845433255269321,0.629976580796253,0.2306791569086651
0.5,0.7687353629976581,0.20023419203747073,0.3881733021077283,0.7242388758782201,0.7857142857142857,0.6639344262295082,0.07377049180327869,0.5245901639344263,0.1680327868852459,0.2259953161592506
0.7113583138173302,0.44730679156908665,0.5333723653395784,0.9882903981264637,0.9836065573770492,0.8067915690866511,0.727751756440281,0.04566744730679157,0.7628805620608899,0.8407494145199064,0.5608899297423887
0.8231850117096019,0.7505854800936768,0.6697892271662763,0.4455503512880562,0.5140515222482436,0.3167447306791569,0.08021077283372366,0.6323185011709602,0.9045667447306791,0.8987119437939111,0.4028103044496487
0.6001170960187353,0.6820843091334895,0.15281030444964872,0.00936768149882904,0.10772833723653395,0.33430913348946134,0.3079625292740047,0.35772833723653397,0.5122950819672131,0.3507025761124122,0.32435597189695553
0.42213114754098363,0.5544496487119438,0.3442622950819672,0.13992974238875877,0.22716627634660422,0.7792740046838408,0.8185011709601874,0.9256440281030445,0.6727166276346604,0.6135831381733021,0.5649882903981265
0.7517564402810304,0.20199063231850117,0.9742388758782201,0.4964871194379391,0.8647540983606558,0.752927400468384,0.7049180327868853,0.5398126463700235,0.7810304449648712,0.8559718969555035,0.3167447306791569
0.01288056206088993,0.2997658079625293,0.6007025761124122,0.8764637002341921,0.702576112412178,0.822599531615925,0.7927400468384075,0.05035128805620609,0.6475409836065574,0.6873536299765808,0.5304449648711944
0.6814988290398126,0.9244730679156908,0.23243559718969556,0.23711943793911008,0.5720140515222483,0.1053864168618267,0.13934426229508196,0.6949648711943794,0.3319672131147541,0.04156908665105386,0.6908665105386417
0.42213114754098363,0.44730679156908665,0.585480093676815,0.351288056206089,0.38992974238875877,0.3805620608899297,0.5281030444964872,0.8050351288056206,0.9004683840749415,0.8407494145199064,0.4853629976580796
0.11592505854800937,0.6030444964871194,0.02810304449648712,0.8021077283372365,0.2862997658079625,0.6188524590163934,0.48653395784543324,0.16744730679156908,0.15807962529274006,0.19262295081967212,0.9724824355971897
0.03044496487119438,0.018149882903981264,0.11007025761124122,0.7693208430913349,0.3951990632318501,0.0351288056206089,0.22131147540983606,0.6007025761124122,0.5298594847775175,0.59192037470726,0.29215456674473067
0.06206088992974239,0.04918032786885246,0.2968384074941452,0.2031615925058548,0.26288056206088994,0.59192037470726,0.5977751756440282,0.22189695550351288,0.927400468384075,0.8237704918032787,0.49473067915690866
0.10245901639344263,0.5333723653395784,0.2464871194379391,0.7611241217798594,0.4648711943793911,0.6861826697892272,0.5755269320843092,0.39227166276346603,0.6334894613583139,0.4859484777517564,0.2306791569086651
0.03454332552693208,0.04566744730679157,0.25117096018735363,0.8155737704918032,0.6053864168618267,0.6785714285714286,0.4104215456674473,0.3337236533957845,0.25995316159250587,0.4859484777517564,0.617096018735363
0.05620608899297424,0.09894613583138173,0.8185011709601874,0.351288056206089,0.2382903981264637,0.37763466042154564,0.7927400468384075,0.9859484777517564,0.28337236533957844,0.1375878220140515,0.2652224824355972
0.7031615925058547,0.6451990632318502,0.059718969555035126,0.977751756440281,0.8179156908665105,0.01053864168618267,0.11592505854800937,0.05562060889929742,0.7927400468384075,0.6873536299765808,0.1873536299765808
0.01990632318501171,0.00351288056206089,0.882903981264637,0.7517564402810304,0.7646370023419203,0.8466042154566745,0.8138173302107728,0.5620608899297423,0.5878220140515222,0.22540983606557377,0.10889929742388758
0.37822014051522246,0.38231850117096017,0.2775175644028103,0.5204918032786885,0.8934426229508197,0.18266978922716628,0.13348946135831383,0.34250585480093676,0.9139344262295082,0.8793911007025761,0.6920374707259953
0.20725995316159251,0.38231850117096017,0.07611241217798595,0.8284543325526932,0.3864168618266979,0.9859484777517564,0.9859484777517564,0.7008196721311475,0.1288056206088993,0.2997658079625293,0.8723653395784543
0.2851288056206089,0.07962529274004684,0.23770491803278687,0.5439110070257611,0.14929742388758782,0.5679156908665105,0.8185011709601874,0.9648711943793911,0.5655737704918032,0.7160421545667447,0.5708430913348946
0.4420374707259953,0.7505854800936768,0.44730679156908665,0.04742388758782201,0.594847775175644,0.21194379391100704,0.5977751756440282,0.9338407494145199,0.41920374707259955,0.4414519906323185,0.5304449648711944
0.21662763466042154,0.23653395784543327,0.07845433255269321,0.7084309133489461,0.5591334894613583,0.3881733021077283,0.765807962529274,0.7745901639344263,0.2031615925058548,0.16100702576112413,0.026346604215456676
0.4028103044496487,0.6522248243559718,0.27107728337236536,0.09133489461358314,0.7693208430913349,0.1375878220140515,0.08665105386416862,0.43208430913348944,0.8208430913348946,0.7833723653395784,0.1211943793911007
0.11007025761124122,0.01522248243559719,0.8729508196721312,0.1680327868852459,0.08489461358313817,0.19613583138173302,0.24063231850117095,0.4672131147540984,0.9004683840749415,0.905152224824356,0.5064402810304449
0.32494145199063235,0.18501170960187355,0.20433255269320844,0.2031615925058548,0.6399297423887588,0.1053864168618267,0.17857142857142858,0.8548009367681498,0.8518735362997658,0.9180327868852459,0.6838407494145199
0.18442622950819673,0.3337236533957845,0.16042154566744732,0.04742388758782201,0.9332552693208431,0.9244730679156908,0.8588992974238876,0.2927400468384075,0.08313817330210772,0.01053864168618267,0.832552693208431
0.8998829039812647,0.7921545667447307,0.6914519906323185,0.5439110070257611,0.04449648711943794,0.09074941451990633,0.7564402810304449,0.6124121779859485,0.6018735362997658,0.5403981264637002,0.34250585480093676
0.1996487119437939,0.4771662763466042,0.12002341920374707,0.4613583138173302,0.4016393442622951,0.9607728337236534,0.9473067915690867,0.9672131147540983,0.3875878220140515,0.16100702576112413,0.18266978922716628
0.29156908665105385,0.11592505854800937,0.8770491803278688,0.9285714285714286,0.9789227166276346,0.47599531615925056,0.18559718969555036,0.6656908665105387,0.6428571428571429,0.7265807962529274,0.4028103044496487
0.48653395784543324,0.5480093676814989,0.12939110070257612,0.3003512880562061,0.5070257611241218,0.19379391100702575,0.12412177985948478,0.5620608899297423,0.9783372365339579,0.9074941451990632,0.0234192037470726
0.5538641686182669,0.3225995316159251,0.16920374707259953,0.16276346604215455,0.14929742388758782,0.5737704918032787,0.9074941451990632,0.9824355971896955,0.44730679156908665,0.31030444964871196,0.3864168618266979
0.7611241217798594,0.5731850117096019,0.7921545667447307,0.8788056206088993,0.702576112412178,0.6715456674473068,0.5281030444964872,0.09250585480093677,0.5878220140515222,0.4724824355971897,0.25526932084309134
0.5485948477751756,0.4771662763466042,0.1358313817330211,0.148711943793911,0.5415690866510539,0.5579625292740047,0.2968384074941452,0.6949648711943794,0.9566744730679156,0.9285714285714286,0.43911007025761123
0.477751756440281,0.705503512880562,0.23243559718969556,0.01990632318501171,0.4420374707259953,0.002927400468384075,0.10655737704918032,0.7213114754098361,0.02107728337236534,0.9314988290398126,0.09660421545667447
0.8179156908665105,0.5889929742388759,0.351288056206089,0.5163934426229508,0.8278688524590164,0.6229508196721312,0.33079625292740045,0.16159250585480095,0.7060889929742389,0.8307962529274004,0.5105386416861827
0.6926229508196722,0.6358313817330211,0.5755269320843092,0.939695550351288,0.7734192037470726,0.990632318501171,0.984192037470726,0.7330210772833724,0.26639344262295084,0.06674473067915691,0.8454332552693209
0.5661592505854801,0.5802107728337237,0.38992974238875877,0.7611241217798594,0.44672131147540983,0.0117096018735363,0.024004683840749413,0.41217798594847777,0.7224824355971897,0.7265807962529274,0.4098360655737705
0.23946135831381732,0.9285714285714286,0.2605386416861827,0.7459016393442623,0.38992974238875877,0.6715456674473068,0.9215456674473068,0.03981264637002342,0.3319672131147541,0.5485948477751756,0.6639344262295082
0.6873536299765808,0.5169789227166276,0.4894613583138173,0.20725995316159251,0.40046838407494145,0.8782201405152225,0.8834894613583139,0.9285714285714286,0.6861826697892272,0.6504683840749415,0.6036299765807962
0.319672131147541,0.8764637002341921,0.6756440281030445,0.765807962529274,0.7494145199063232,0.3237704918032787,0.5433255269320844,0.7710772833723654,0.6861826697892272,0.6018735362997658,0.5550351288056206
0.430327868852459,0.6165105386416861,0.09953161592505855,0.32435597189695553,0.7617096018735363,0.10011709601873536,0.1598360655737705,0.2336065573770492,0.3741217798594848,0.4127634660421546,0.06557377049180328
0.3360655737704918,0.4203747072599532,0.40046838407494145,0.4490632318501171,0.08021077283372366,0.16042154566744732,0.5204918032786885,0.00819672131147541,0.936768149882904,0.9332552693208431,0.7306791569086651
0.5,0.5245901639344263,0.4203747072599532,0.36768149882903983,0.11768149882903982,0.6012880562060889,0.19847775175644028,0.22189695550351288,0.5720140515222483,0.7564402810304449,0.9672131147540983
0.09074941451990633,0.1446135831381733,0.21428571428571427,0.8899297423887588,0.44672131147540983,0.7441451990632318,0.48653395784543324,0.36124121779859486,0.026932084309133488,0.8659250585480094,0.07318501170960187
0.3436768149882904,0.44730679156908665,0.6639344262295082,0.05444964871194379,0.11065573770491803,0.7236533957845434,0.699648711943794,0.8179156908665105,0.12470725995316159,0.25878220140515223,0.7933255269320844
0.42213114754098363,0.7505854800936768,0.7306791569086651,0.4092505854800937,0.4344262295081967,0.6317330210772834,0.6639344262295082,0.11533957845433256,0.48711943793911006,0.6018735362997658,0.29859484777517564
0.21662763466042154,0.2997658079625293,0.17857142857142858,0.1920374707259953,0.6709601873536299,0.8430913348946136,0.5362997658079626,0.44320843091334894,0.3436768149882904,0.12002341920374707,0.17096018735362997
0.09601873536299765,0.16686182669789226,0.13934426229508196,0.857728337236534,0.7693208430913349,0.5521077283372365,0.6223653395784543,0.2617096018735363,0.14988290398126464,0.043911007025761124,0.8723653395784543
0.7611241217798594,0.7125292740046838,0.7745901639344263,0.23711943793911008,0.3190866510538642,0.7236533957845434,0.405152224824356,0.14695550351288056,0.8916861826697893,0.8407494145199064,0.6399297423887588
0.1252927400468384,0.05152224824355972,0.19262295081967212,0.3401639344262295,0.29566744730679156,0.37236533957845436,0.2300936768149883,0.18618266978922718,0.12295081967213115,0.16100702576112413,0.8185011709601874
0.00819672131147541,0.09484777517564402,0.38992974238875877,0.772248243559719,0.6662763466042154,0.5579625292740047,0.45491803278688525,0.6469555035128806,0.07142857142857142,0.3231850117096019,0.810304449648712
0.10597189695550352,0.04215456674473068,0.3793911007025761,0.6973067915690867,0.376463700234192,0.024004683840749413,0.16510538641686182,0.6733021077283372,0.25644028103044497,0.18618266978922718,0.08548009367681499
0.5134660421545667,0.4274004683840749,0.5333723653395784,0.1211943793911007,0.12997658079625293,0.7236533957845434,0.6411007025761124,0.21428571428571427,0.8044496487119438,0.7084309133489461,0.4028103044496487
0.6001170960187353,0.5889929742388759,0.6475409836065574,0.914519906323185,0.9361826697892272,0.6317330210772834,0.832552693208431,0.8600702576112412,0.2031615925058548,0.1680327868852459,0.9590163934426229
0.5281030444964872,0.4531615925058548,0.17271662763466042,0.33548009367681497,0.8518735362997658,0.59192037470726,0.6223653395784543,0.5784543325526932,0.39637002341920374,0.3507025761124122,0.05913348946135832
0.8635831381733021,0.8272833723653396,0.44730679156908665,0.4057377049180328,0.3471896955503513,0.819672131147541,0.6457845433255269,0.3337236533957845,0.1288056206088993,0.18618266978922718,0.9227166276346604
0.7418032786885246,0.6750585480093677,0.9531615925058547,0.9701405152224825,0.9941451990632318,0.4718969555035129,0.33079625292740045,0.3337236533957845,0.40105386416861827,0.4929742388758782,0.9455503512880562
0.30620608899297425,0.1375878220140515,0.7628805620608899,0.6574941451990632,0.35772833723653397,0.7318501170960188,0.2903981264637002,0.12587822014051522,0.5040983606557377,0.5485948477751756,0.3366510538641686
0.10597189695550352,0.09016393442622951,0.8436768149882904,0.5204918032786885,0.8717798594847775,0.8138173302107728,0.7985948477751756,0.2505854800936768,0.7060889929742389,0.35772833723653397,0.15807962529274006
0.6692037470725996,0.8887587822014051,0.8185011709601874,0.2687353629976581,0.2576112412177986,0.7921545667447307,0.5544496487119438,0.367096018735363,0.45550351288056207,0.4127634660421546,0.11241217798594848
0.15339578454332553,0.25585480093676816,0.44730679156908665,0.4637002341920375,0.32669789227166274,0.7236533957845434,0.7453161592505855,0.11065573770491803,0.5878220140515222,0.4724824355971897,0.2101873536299766
0.5720140515222483,0.6030444964871194,0.0936768149882904,0.10831381733021077,0.382903981264637,0.8466042154566745,0.5977751756440282,0.3079625292740047,0.3741217798594848,0.4022248243559719,0.16393442622950818
0.31323185011709603,0.09894613583138173,0.9156908665105387,0.3319672131147541,0.8911007025761124,0.9391100702576113,0.9110070257611241,0.8319672131147541,0.45550351288056207,0.430327868852459,0.1791569086651054
0.3360655737704918,0.5169789227166276,0.45491803278688525,0.01053864168618267,0.8179156908665105,0.4707259953161593,0.5433255269320844,0.5398126463700235,0.5567915690866511,0.2652224824355972,0.7218969555035128
0.1920374707259953,0.24004683840749413,0.16510538641686182,0.914519906323185,0.430327868852459,0.17037470725995316,0.08313817330210772,0.351288056206089,0.6428571428571429,0.2903981264637002,0.515807962529274
0.8471896955503513,0.8343091334894613,0.8471896955503513,0.6914519906323185,0.7090163934426229,0.15105386416861827,0.36416861826697894,0.7781030444964872,0.9765807962529274,0.9519906323185011,0.7142857142857143
0.9057377049180327,0.9197892271662763,0.5064402810304449,0.7353629976580797,0.5644028103044496,0.9086651053864169,0.9016393442622951,0.6733021077283372,0.08548009367681499,0.015807962529274005,0.8905152224824356
0.8682669789227166,0.2605386416861827,0.6832552693208431,0.3542154566744731,0.05444964871194379,0.857728337236534,0.8635831381733021,0.7090163934426229,0.9139344262295082,0.9601873536299765,0.9871194379391101
0.4613583138173302,0.6252927400468384,0.2851288056206089,0.7862997658079626,0.33489461358313816,0.8430913348946136,0.7511709601873536,0.06791569086651054,0.25175644028103045,0.33079625292740045,0.9332552693208431
0.42213114754098363,0.6750585480093677,0.7148711943793911,0.43911007025761123,0.3864168618266979,0.01288056206088993,0.101288056206089,0.00936768149882904,0.07142857142857142,0.28044496487119436,0.8600702576112412
0.5204918032786885,0.41217798594847777,0.45491803278688525,0.05152224824355972,0.15749414519906324,0.3951990632318501,0.6522248243559718,0.05152224824355972,0.1288056206088993,0.09074941451990633,0.8454332552693209
0.20725995316159251,0.24180327868852458,0.47540983606557374,0.6820843091334895,0.7289227166276346,0.30620608899297425,0.3149882903981265,0.6791569086651054,0.6018735362997658,0.5257611241217799,0.4637002341920375
0.6873536299765808,0.8665105386416861,0.3793911007025761,0.11651053864168619,0.09484777517564402,0.5204918032786885,0.6364168618266979,0.405152224824356,0.7927400468384075,0.6785714285714286,0.4490632318501171
0.3296252927400468,0.1323185011709602,0.2775175644028103,0.5784543325526932,0.4344262295081967,0.6528103044496487,0.5035128805620609,0.382903981264637,0.7810304449648712,0.6411007025761124,0.43911007025761123
0.04800936768149883,0.03044496487119438,0.23770491803278687,0.11651053864168619,0.8770491803278688,0.3009367681498829,0.6223653395784543,0.9010538641686182,0.879976580796253,0.7950819672131147,0.29566744730679156
0.5661592505854801,0.7804449648711944,0.4203747072599532,0.26288056206088994,0.42564402810304447,0.6651053864168618,0.727751756440281,0.41217798594847777,0.0936768149882904,0.4414519906323185,0.13466042154566746
0.00351288056206089,0.022833723653395786,0.36768149882903983,0.6147540983606558,0.07552693208430913,0.59192037470726,0.405152224824356,0.05327868852459016,0.04625292740046839,0.019320843091334895,0.8360655737704918
0.038056206088992975,0.00234192037470726,0.9086651053864169,0.5884074941451991,0.16744730679156908,0.42505854800936765,0.373536299765808,0.3237704918032787,0.03044496487119438,0.18618266978922718,0.8389929742388759
0.8905152224824356,0.7324355971896955,0.7259953161592506,0.49121779859484777,0.21370023419203746,0.8951990632318502,0.7962529274004684,0.07728337236533958,0.24355971896955503,0.12002341920374707,0.867096018735363
0.2617096018735363,0.2997658079625293,0.5755269320843092,0.1364168618266979,0.6797423887587822,0.45433255269320844,0.9578454332552693,0.42096018735363,0.6270491803278688,0.629976580796253,0.29215456674473067
0.8682669789227166,0.5638173302107728,0.7306791569086651,0.47599531615925056,0.5772833723653396,0.6861826697892272,0.6809133489461359,0.2535128805620609,0.46252927400468385,0.2862997658079625,0.026346604215456676
0.7224824355971897,0.8518735362997658,0.5679156908665105,0.6610070257611241,0.27459016393442626,0.9297423887587822,0.9227166276346604,0.9215456674473068,0.4420374707259953,0.28044496487119436,0.3741217798594848
0.7459016393442623,0.6633489461358314,0.8378220140515222,0.90807962529274,0.9473067915690867,0.45433255269320844,0.5860655737704918,0.10597189695550352,0.7558548009367682,0.629976580796253,0.14285714285714285
0.9677985948477752,0.9847775175644028,0.9560889929742389,0.8366510538641686,0.9502341920374707,0.8266978922716628,0.8085480093676815,0.43208430913348944,0.5450819672131147,0.2529274004683841,0.2382903981264637
0.23126463700234193,0.10245901639344263,0.905152224824356,0.9437939110070258,0.9402810304449649,0.0778688524590164,0.7371194379391101,0.8747072599531616,0.7494145199063232,0.4724824355971897,0.15807962529274006
0.8138173302107728,0.7757611241217799,0.8056206088992974,0.7002341920374707,0.9180327868852459,0.23302107728337237,0.4408665105386417,0.7382903981264637,0.5398126463700235,0.3507025761124122,0.23477751756440282
0.5204918032786885,0.4771662763466042,0.3629976580796253,0.6012880562060889,0.040983606557377046,0.2898126463700234,0.03044496487119438,0.27459016393442626,0.25526932084309134,0.06381733021077284,0.8389929742388759
0.6381733021077284,0.860655737704918,0.8266978922716628,0.8887587822014051,0.5989461358313818,0.05152224824355972,0.032201405152224825,0.398711943793911,0.41920374707259955,0.17388758782201405,0.20491803278688525
0.3635831381733021,0.4332552693208431,0.37177985948477754,0.9221311475409836,0.6797423887587822,0.9607728337236534,0.9373536299765808,0.7008196721311475,0.24180327868852458,0.27107728337236536,0.9320843091334895
0.13875878220140514,0.06791569086651054,0.7476580796252927,0.3881733021077283,0.5070257611241218,0.5679156908665105,0.7775175644028103,0.5848946135831382,0.1832552693208431,0.18618266978922718,0.7031615925058547
0.468384074941452,0.7125292740046838,0.9461358313817331,0.49121779859484777,0.5989461358313818,0.8395784543325527,0.8138173302107728,0.5620608899297423,0.22775175644028103,0.06908665105386416,0.6861826697892272
0.01639344262295082,0.01288056206088993,0.14285714285714285,0.7377049180327869,0.29566744730679156,0.6651053864168618,0.20433255269320844,0.44320843091334894,0.41920374707259955,0.4502341920374707,0.9754098360655737
0.1996487119437939,0.41217798594847777,0.6639344262295082,0.8466042154566745,0.5538641686182669,0.4314988290398126,0.2687353629976581,0.27459016393442626,0.5807962529274004,0.6135831381733021,0.2423887587822014
0.1996487119437939,0.4274004683840749,0.44730679156908665,0.3940281030444965,0.5720140515222483,0.20960187353629978,0.4180327868852459,0.7558548009367682,0.6563231850117096,0.7950819672131147,0.3366510538641686
0.37236533957845436,0.39285714285714285,0.6914519906323185,0.13114754098360656,0.47014051522248246,0.02927400468384075,0.06030444964871194,0.810304449648712,0.3114754098360656,0.39227166276346603,0.28044496487119436
0.5538641686182669,0.7687353629976581,0.8144028103044496,0.00585480093676815,0.00234192037470726,0.6715456674473068,0.7125292740046838,0.3155737704918033,0.008782201405152224,0.00351288056206089,0.05444964871194379
0.43618266978922715,0.7687353629976581,0.3372365339578454,0.26288056206088994,0.25175644028103045,0.30620608899297425,0.2300936768149883,0.5848946135831382,0.03278688524590164,0.35772833723653397,0.8846604215456675
0.04800936768149883,0.4203747072599532,0.19789227166276346,0.3834894613583138,0.6135831381733021,0.12295081967213115,0.3015222482435597,0.27459016393442626,0.5298594847775175,0.39227166276346603,0.18266978922716628
0.1920374707259953,0.45843091334894615,0.882903981264637,0.10480093676814989,0.2576112412177986,0.3296252927400468,0.16510538641686182,0.5784543325526932,0.22365339578454332,0.050936768149882905,0.7259953161592506
0.5831381733021077,0.2892271662763466,0.6252927400468384,0.7318501170960188,0.41569086651053866,0.31030444964871196,0.8085480093676815,0.8571428571428571,0.06557377049180328,0.08196721311475409,0.775175644028103
0.23126463700234193,0.3337236533957845,0.45901639344262296,0.4414519906323185,0.33489461358313816,0.5521077283372365,0.3905152224824356,0.11065573770491803,0.40105386416861827,0.41978922716627637,0.6873536299765808
0.2851288056206089,0.724824355971897,0.8864168618266979,0.8173302107728337,0.3401639344262295,0.936768149882904,0.9139344262295082,0.20140515222482436,0.039227166276346606,0.24707259953161592,0.9162763466042154
0.1920374707259953,0.39285714285714285,0.8266978922716628,0.5122950819672131,0.3951990632318501,0.49473067915690866,0.832552693208431,0.9151053864168618,0.8711943793911007,0.9074941451990632,0.49004683840749413
0.9127634660421545,0.9057377049180327,0.9461358313817331,0.6340749414519906,0.6662763466042154,0.5796252927400468,0.8711943793911007,0.9039812646370023,0.26229508196721313,0.15339578454332553,0.930327868852459
0.12822014051522249,0.12822014051522249,0.8612412177985949,0.585480093676815,0.7412177985948478,0.9461358313817331,0.8969555035128806,0.11065573770491803,0.6668618266978923,0.629976580796253,0.05444964871194379
0.05503512880562061,0.8741217798594848,0.8641686182669789,0.9467213114754098,0.9560889929742389,0.9402810304449649,0.8951990632318502,0.43208430913348944,0.8852459016393442,0.860655737704918,0.5374707259953162
0.34953161592505855,0.35655737704918034,0.27107728337236536,0.1873536299765808,0.2822014051522248,0.2259953161592506,0.2903981264637002,0.9110070257611241,0.26229508196721313,0.12646370023419204,0.148711943793911
0.10070257611241218,0.03629976580796253,0.6094847775175644,0.4572599531615925,0.5720140515222483,0.4894613583138173,0.35011709601873536,0.35772833723653397,0.7148711943793911,0.6984777517564403,0.32435597189695553
0.06088992974238876,0.5638173302107728,0.6252927400468384,0.22716627634660422,0.17447306791569087,0.2681498829039813,0.48653395784543324,0.44320843091334894,0.32084309133489464,0.24121779859484777,0.6738875878220141
0.5538641686182669,0.7687353629976581,0.5,0.22365339578454332,0.2862997658079625,0.20608899297423888,0.32201405152224827,0.8717798594847775,0.12002341920374707,0.10421545667447307,0.7734192037470726
0.11592505854800937,0.4771662763466042,0.3044496487119438,0.24882903981264637,0.6621779859484778,0.538056206088993,0.5685011709601874,0.12587822014051522,0.25175644028103045,0.19262295081967212,0.4560889929742389
0.7459016393442623,0.12060889929742388,0.968384074941452,0.6533957845433255,0.5011709601873536,0.8138173302107728,0.8243559718969555,0.9074941451990632,0.7318501170960188,0.2903981264637002,0.13466042154566746
0.5415690866510539,0.35655737704918034,0.6914519906323185,0.3430913348946136,0.19672131147540983,0.48711943793911006,0.7617096018735363,0.9490632318501171,0.7845433255269321,0.4502341920374707,0.5433255269320844
0.20725995316159251,0.3752927400468384,0.5573770491803278,0.6914519906323185,0.5772833723653396,0.06733021077283373,0.1920374707259953,0.36124121779859486,0.9806791569086651,0.9180327868852459,0.49004683840749413
0.6744730679156908,0.8231850117096019,0.6475409836065574,0.8214285714285714,0.7289227166276346,0.9672131147540983,0.9642857142857143,0.9443793911007026,0.10245901639344263,0.08196721311475409,0.9268149882903981
0.164519906323185,0.892271662763466,0.547423887587822,0.5884074941451991,0.5901639344262295,0.42213114754098363,0.25585480093676816,0.4572599531615925,0.6182669789227166,0.5257611241217799,0.2148711943793911
0.16686182669789226,0.20199063231850117,0.6428571428571429,0.30210772833723654,0.04332552693208431,0.08899297423887588,0.22540983606557377,0.00351288056206089,0.04449648711943794,0.9800936768149883,0.03395784543325527
0.13114754098360656,0.1797423887587822,0.351288056206089,0.9549180327868853,0.7933255269320844,0.544496487119438,0.45491803278688525,0.14695550351288056,0.7148711943793911,0.6065573770491803,0.515807962529274
0.272248243559719,0.5333723653395784,0.5187353629976581,0.6533957845433255,0.5193208430913349,0.22072599531615925,0.16510538641686182,0.484192037470726,0.6147540983606558,0.4022248243559719,0.08313817330210772
0.7962529274004684,0.6451990632318502,0.03161592505854801,0.9549180327868853,0.7693208430913349,0.857728337236534,0.8530444964871194,0.7359484777517564,0.29098360655737704,0.36826697892271665,0.9824355971896955
0.37236533957845436,0.16686182669789226,0.01873536299765808,0.9203747072599532,0.5193208430913349,0.6861826697892272,0.5433255269320844,0.3741217798594848,0.45550351288056207,0.33899297423887587,0.3864168618266979
0.2570257611241218,0.35655737704918034,0.7552693208430913,0.22365339578454332,0.16627634660421545,0.3477751756440281,0.281615925058548,0.5275175644028103,0.16978922716627634,0.02810304449648712,0.7400468384074942
0.7792740046838408,0.8384074941451991,0.6007025761124122,0.2886416861826698,0.26288056206088994,0.367096018735363,0.7371194379391101,0.34250585480093676,0.17388758782201405,0.24707259953161592,0.9607728337236534
0.8524590163934426,0.49824355971896955,0.9256440281030445,0.42564402810304447,0.15749414519906324,0.31381733021077285,0.0468384074941452,0.28337236533957844,0.474824355971897,0.37763466042154564,0.11592505854800937
0.9478922716627635,0.5802107728337237,0.18091334894613584,0.8073770491803278,0.5140515222482436,0.44379391100702575,0.26229508196721313,0.14695550351288056,0.13407494145199064,0.08196721311475409,0.00351288056206089
0.6569086651053864,0.41217798594847777,0.0743559718969555,0.02459016393442623,0.26288056206088994,0.6012880562060889,0.5614754098360656,0.34250585480093676,0.24824355971896955,0.25878220140515223,0.6768149882903981
0.272248243559719,0.0585480093676815,0.740632318501171,0.7318501170960188,0.5644028103044496,0.5322014051522248,0.9139344262295082,0.6323185011709602,0.9227166276346604,0.9695550351288056,0.4812646370023419
0.7611241217798594,0.8711943793911007,0.7628805620608899,0.05444964871194379,0.4344262295081967,0.17505854800936768,0.11592505854800937,0.4765807962529274,0.8466042154566745,0.6135831381733021,0.07962529274004684
0.6978922716627635,0.40398126463700235,0.3044496487119438,0.7154566744730679,0.6569086651053864,0.25644028103044497,0.14227166276346603,0.2927400468384075,0.860655737704918,0.9028103044496487,0.5433255269320844
0.11358313817330211,0.07377049180327869,0.7991803278688525,0.43266978922716626,0.35304449648711944,0.47599531615925056,0.5134660421545667,0.405152224824356,0.5807962529274004,0.39227166276346603,0.3975409836065574
0.5415690866510539,0.724824355971897,0.468384074941452,0.13992974238875877,0.5415690866510539,0.7921545667447307,0.8296252927400468,0.8284543325526932,0.26229508196721313,0.04566744730679157,0.7400468384074942
0.03278688524590164,0.02927400468384075,0.0626463700234192,0.21428571428571427,0.9361826697892272,0.2429742388758782,0.35011709601873536,0.6586651053864169,0.40105386416861827,0.4929742388758782,0.8940281030444965
0.9127634660421545,0.9695550351288056,0.4274004683840749,0.1563231850117096,0.06088992974238876,0.11416861826697892,0.04332552693208431,0.4765807962529274,0.28805620608899296,0.7716627634660421,0.968384074941452
0.7962529274004684,0.6522248243559718,0.810304449648712,0.31440281030444966,0.14227166276346603,0.7921545667447307,0.5204918032786885,0.13173302107728338,0.3741217798594848,0.12353629976580796,0.8050351288056206
0.8179156908665105,0.6943793911007026,0.7207259953161592,0.5907494145199064,0.6053864168618267,0.40398126463700235,0.3992974238875878,0.04449648711943794,0.9455503512880562,0.9373536299765808,0.6768149882903981
0.8038641686182669,0.8442622950819673,0.49414519906323184,0.0977751756440281,0.04215456674473068,0.6861826697892272,0.6223653395784543,0.08196721311475409,0.16744730679156908,0.01288056206088993,0.8641686182669789
0.5766978922716628,0.882903981264637,0.6252927400468384,0.860655737704918,0.3951990632318501,0.08665105386416862,0.00117096018735363,0.03044496487119438,0.9988290398126464,0.9976580796252927,0.6715456674473068
0.6147540983606558,0.6165105386416861,0.8957845433255269,0.5181498829039812,0.17037470725995316,0.43911007025761123,0.5433255269320844,0.12587822014051522,0.46252927400468385,0.18618266978922718,0.1522248243559719
0.477751756440281,0.1446135831381733,0.48302107728337235,0.1715456674473068,0.06206088992974239,0.9326697892271663,0.9291569086651054,0.9133489461358314,0.31381733021077285,0.25878220140515223,0.3665105386416862
0.057962529274004686,0.20901639344262296,0.6984777517564403,0.7517564402810304,0.7646370023419203,0.3009367681498829,0.3149882903981265,0.4918032786885246,0.9455503512880562,0.8741217798594848,0.43911007025761123
0.45433255269320844,0.5076112412177985,0.20023419203747073,0.8466042154566745,0.2687353629976581,0.4174473067915691,0.36826697892271665,0.5275175644028103,0.8711943793911007,0.6785714285714286,0.42915690866510536
0.367096018735363,0.5076112412177985,0.7827868852459017,0.5538641686182669,0.4344262295081967,0.7587822014051522,0.765807962529274,0.44320843091334894,0.7628805620608899,0.8067915690866511,0.474824355971897
0.5661592505854801,0.689695550351288,0.9613583138173302,0.03161592505854801,0.9180327868852459,0.5269320843091335,0.45491803278688525,0.6399297423887588,0.2968384074941452,0.3231850117096019,0.9022248243559718
0.050936768149882905,0.8442622950819673,0.6252927400468384,0.9847775175644028,0.9443793911007026,0.5146370023419203,0.6129976580796253,0.27459016393442626,0.11651053864168619,0.20608899297423888,0.8542154566744731
0.8583138173302107,0.2997658079625293,0.48302107728337235,0.12704918032786885,0.00585480093676815,0.9297423887587822,0.9250585480093677,0.9759953161592506,0.45550351288056207,0.33899297423887587,0.12997658079625293
0.5831381733021077,0.24180327868852458,0.7827868852459017,0.9022248243559718,0.9028103044496487,0.5848946135831382,0.8998829039812647,0.7909836065573771,0.06088992974238876,0.5076112412177985,0.8811475409836066
0.9642857142857143,0.9859484777517564,0.740632318501171,0.9918032786885246,0.968384074941452,0.7014051522248244,0.7564402810304449,0.4502341920374707,0.7318501170960188,0.7382903981264637,0.4853629976580796
0.2617096018735363,0.2640515222482436,0.03864168618266979,0.03161592505854801,0.7540983606557377,0.0702576112412178,0.0778688524590164,0.08665105386416862,0.6088992974238876,0.6504683840749415,0.5304449648711944
0.08782201405152225,0.3114754098360656,0.8144028103044496,0.9601873536299765,0.8688524590163934,0.3395784543325527,0.3401639344262295,0.351288056206089,0.1557377049180328,0.036885245901639344,0.832552693208431
0.2540983606557377,0.1522248243559719,0.22014051522248243,0.6715456674473068,0.4420374707259953,0.3237704918032787,0.3553864168618267,0.4572599531615925,0.7763466042154566,0.8887587822014051,0.617096018735363
0.26697892271662765,0.31791569086651056,0.7148711943793911,0.7517564402810304,0.5772833723653396,0.3881733021077283,0.2903981264637002,0.16744730679156908,0.059718969555035126,0.03864168618266979,0.8811475409836066
0.6381733021077284,0.6100702576112412,0.9918032786885246,0.525175644028103,0.3190866510538642,0.22072599531615925,0.101288056206089,0.2617096018735363,0.6791569086651054,0.7265807962529274,0.27693208430913346
0.5070257611241218,0.6358313817330211,0.468384074941452,0.7576112412177985,0.8126463700234192,0.5579625292740047,0.5491803278688525,0.06030444964871194,0.6937939110070258,0.5556206088992974,0.49004683840749413
0.4929742388758782,0.49824355971896955,0.7371194379391101,0.8073770491803278,0.7763466042154566,0.36007025761124123,0.2687353629976581,0.2617096018735363,0.8940281030444965,0.9238875878220141,0.6545667447306791
0.014637002341920375,0.3225995316159251,0.6007025761124122,0.8384074941451991,0.8559718969555035,0.5322014051522248,0.43618266978922715,0.16744730679156908,0.008782201405152224,0.990632318501171,0.07142857142857142
0.272248243559719,0.20901639344262296,0.3951990632318501,0.6481264637002342,0.2336065573770492,0.2968384074941452,0.38173302107728335,0.2535128805620609,0.8466042154566745,0.7617096018735363,0.6545667447306791
0.7031615925058547,0.8015222482435597,0.6756440281030445,0.45901639344262296,0.44672131147540983,0.4672131147540984,0.477751756440281,0.3337236533957845,0.46252927400468385,0.39227166276346603,0.765807962529274
0.12295081967213115,0.18501170960187355,0.7476580796252927,0.9789227166276346,0.9882903981264637,0.5737704918032787,0.5035128805620609,0.3237704918032787,0.44730679156908665,0.8307962529274004,0.9836065573770492
0.367096018735363,0.3477751756440281,0.5755269320843092,0.582552693208431,0.7933255269320844,0.06323185011709602,0.04332552693208431,0.42096018735363,0.9110070257611241,0.6785714285714286,0.3665105386416862
0.8231850117096019,0.2681498829039813,0.5064402810304449,0.31791569086651056,0.12295081967213115,0.14227166276346603,0.0778688524590164,0.20725995316159251,0.7763466042154566,0.6598360655737705,0.29859484777517564
0.4420374707259953,0.797423887587822,0.8612412177985949,0.430327868852459,0.2066744730679157,0.8706088992974239,0.7927400468384075,0.10304449648711944,0.6088992974238876,0.41978922716627637,0.20199063231850117
0.18442622950819673,0.08548009367681499,0.0468384074941452,0.08021077283372366,0.8313817330210773,0.8395784543325527,0.759367681498829,0.3003512880562061,0.09016393442622951,0.05913348946135832,0.867096018735363
0.2786885245901639,0.6943793911007026,0.7066744730679156,0.3483606557377049,0.5901639344262295,0.639344262295082,0.699648711943794,0.6949648711943794,0.053864168618266976,0.5749414519906323,0.7400468384074942
0.15690866510538642,0.3337236533957845,0.3793911007025761,0.8021077283372365,0.5720140515222483,0.2464871194379391,0.05503512880562061,0.4672131147540984,0.7224824355971897,0.629976580796253,0.5579625292740047
0.2851288056206089,0.10831381733021077,0.08723653395784543,0.06908665105386416,0.844847775175644,0.9566744730679156,0.9238875878220141,0.9238875878220141,0.3050351288056206,0.1680327868852459,0.19613583138173302
0.9730679156908665,0.9338407494145199,0.9361826697892272,0.6012880562060889,0.9695550351288056,0.9519906323185011,0.939695550351288,0.7482435597189696,0.8044496487119438,0.7716627634660421,0.5105386416861827
0.48653395784543324,0.4274004683840749,0.4274004683840749,0.26288056206088994,0.2687353629976581,0.5737704918032787,0.6048009367681498,0.351288056206089,0.3366510538641686,0.09836065573770492,0.7084309133489461
0.29859484777517564,0.2892271662763466,0.7066744730679156,0.297423887587822,0.06674473067915691,0.8647540983606558,0.6293911007025761,0.12587822014051522,0.9227166276346604,0.9104215456674473,0.765807962529274
0.6487119437939111,0.8015222482435597,0.9297423887587822,0.6481264637002342,0.7587822014051522,0.9976580796252927,0.9976580796252927,0.955503512880562,0.6621779859484778,0.5152224824355972,0.16393442622950818
0.15046838407494145,0.3225995316159251,0.7921545667447307,0.22365339578454332,0.08196721311475409,0.44789227166276346,0.5362997658079626,0.8442622950819673,0.25175644028103045,0.49765807962529274,0.9929742388758782
0.15046838407494145,0.13466042154566746,0.16510538641686182,0.6715456674473068,0.10421545667447307,0.2968384074941452,0.24824355971896955,0.6124121779859485,0.7435597189695551,0.7160421545667447,0.6012880562060889
0.6147540983606558,0.23653395784543327,0.8928571428571429,0.4174473067915691,0.5644028103044496,0.7014051522248244,0.9718969555035128,0.03395784543325527,0.474824355971897,0.8793911007025761,0.9953161592505855
0.4929742388758782,0.45843091334894615,0.9256440281030445,0.5298594847775175,0.01990632318501171,0.7587822014051522,0.699648711943794,0.1797423887587822,0.949648711943794,0.8987119437939111,0.6891100702576113
0.23594847775175645,0.12822014051522249,0.5,0.7318501170960188,0.31381733021077285,0.7494145199063232,0.43618266978922715,0.05562060889929742,0.8108899297423887,0.8512880562060889,0.7177985948477752
0.8998829039812647,0.6358313817330211,0.8729508196721312,0.4812646370023419,0.19672131147540983,0.5269320843091335,0.43208430913348944,0.11533957845433256,0.2968384074941452,0.8946135831381733,0.9988290398126464
0.00936768149882904,0.36768149882903983,0.00936768149882904,0.832552693208431,0.0468384074941452,0.14929742388758782,0.1375878220140515,0.952576112412178,0.4262295081967213,0.17388758782201405,0.17096018735362997
0.07552693208430913,0.7874707259953162,0.05269320843091335,0.9859484777517564,0.7693208430913349,0.3296252927400468,0.7453161592505855,0.026932084309133488,0.8108899297423887,0.9373536299765808,0.24707259953161592
0.00234192037470726,0.00702576112412178,0.9314988290398126,0.4414519906323185,0.12295081967213115,0.9443793911007026,0.9074941451990632,0.9086651053864169,0.8665105386416861,0.870023419203747,0.9437939110070258
0.4420374707259953,0.6451990632318502,0.8266978922716628,0.6639344262295082,0.6176814988290398,0.12763466042154567,0.15515222482435598,0.594847775175644,0.2300936768149883,0.6984777517564403,0.9508196721311475
0.5204918032786885,0.8231850117096019,0.6381733021077284,0.0977751756440281,0.12763466042154567,0.23711943793911008,0.14227166276346603,0.44320843091334894,0.6334894613583139,0.39227166276346603,0.4853629976580796
0.6258782201405152,0.35655737704918034,0.3951990632318501,0.10480093676814989,0.09484777517564402,0.2939110070257611,0.38173302107728335,0.4572599531615925,0.14227166276346603,0.5878220140515222,0.9894613583138173
0.6188524590163934,0.5638173302107728,0.06440281030444965,0.7002341920374707,0.5257611241217799,0.6264637002341921,0.2529274004683841,0.7160421545667447,0.4344262295081967,0.16100702576112413,0.07611241217798595
0.6381733021077284,0.8056206088992974,0.9795081967213115,0.8688524590163934,0.45081967213114754,0.43911007025761123,0.101288056206089,0.367096018735363,0.8044496487119438,0.8307962529274004,0.6059718969555035
0.917447306791569,0.810304449648712,0.21428571428571427,0.48653395784543324,0.1129976580796253,0.5796252927400468,0.6048009367681498,0.09894613583138173,0.09660421545667447,0.8009367681498829,0.01756440281030445
0.3360655737704918,0.039227166276346606,0.734192037470726,0.19672131147540983,0.01756440281030445,0.16334894613583137,0.24063231850117095,0.2617096018735363,0.32084309133489464,0.20608899297423888,0.11241217798594848
0.9314988290398126,0.6165105386416861,0.22775175644028103,0.8407494145199064,0.6528103044496487,0.4812646370023419,0.45491803278688525,0.28337236533957844,0.41920374707259955,0.33899297423887587,0.1873536299765808
0.9268149882903981,0.9309133489461359,0.5755269320843092,0.1446135831381733,0.14227166276346603,0.6528103044496487,0.5281030444964872,0.15456674473067916,0.19028103044496486,0.11358313817330211,0.8237704918032787
0.3436768149882904,0.6358313817330211,0.65807962529274,0.09250585480093677,0.3629976580796253,0.5322014051522248,0.9426229508196722,0.8770491803278688,0.8758782201405152,0.7833723653395784,0.5784543325526932
0.09074941451990633,0.05562060889929742,0.36768149882903983,0.0234192037470726,0.6861826697892272,0.9941451990632318,0.9918032786885246,0.7827868852459017,0.939695550351288,0.7617096018735363,0.30562060889929743
0.24531615925058547,0.45843091334894615,0.8056206088992974,0.28044496487119436,0.039227166276346606,0.3009367681498829,0.07552693208430913,0.2617096018735363,0.5040983606557377,0.6411007025761124,0.1756440281030445
0.319672131147541,0.23653395784543327,0.3548009367681499,0.7693208430913349,0.8676814988290398,0.41159250585480095,0.20433255269320844,0.42096018735363,0.06850117096018736,0.984192037470726,0.02810304449648712
0.06908665105386416,0.01990632318501171,0.10655737704918032,0.5339578454332553,0.09894613583138173,0.045081967213114756,0.5035128805620609,0.7482435597189696,0.7148711943793911,0.7265807962529274,0.09250585480093677
0.8758782201405152,0.6990632318501171,0.1955503512880562,0.430327868852459,0.9771662763466042,0.1375878220140515,0.05503512880562061,0.382903981264637,0.3009367681498829,0.22131147540983606,0.09074941451990633
0.13114754098360656,0.281615925058548,0.4894613583138173,0.36065573770491804,0.05737704918032787,0.25117096018735363,0.09133489461358314,0.7599531615925058,0.5878220140515222,0.6785714285714286,0.4637002341920375
0.6569086651053864,0.6451990632318502,0.6528103044496487,0.2107728337236534,0.07845433255269321,0.7078454332552693,0.43618266978922715,0.382903981264637,0.4092505854800937,0.28044496487119436,0.6370023419203747
0.11241217798594848,0.8711943793911007,0.3044496487119438,0.8729508196721312,0.186768149882904,0.7652224824355972,0.44672131147540983,0.5140515222482436,0.6563231850117096,0.7382903981264637,0.27107728337236536
0.30620608899297425,0.1252927400468384,0.6007025761124122,0.8852459016393442,0.7207259953161592,0.10772833723653395,0.00468384074941452,0.6323185011709602,0.5807962529274004,0.33899297423887587,0.5784543325526932
0.09894613583138173,0.02107728337236534,0.547423887587822,0.8811475409836066,0.8384074941451991,0.45433255269320844,0.26229508196721313,0.6656908665105387,0.560304449648712,0.6135831381733021,0.27693208430913346
0.8583138173302107,0.8442622950819673,0.6984777517564403,0.13114754098360656,0.5070257611241218,0.7757611241217799,0.8477751756440282,0.8969555035128806,0.1955503512880562,0.05444964871194379,0.7734192037470726
0.936768149882904,0.9625292740046838,0.3442622950819672,0.6282201405152225,0.06323185011709602,0.9789227166276346,0.9601873536299765,0.6855971896955504,0.7060889929742389,0.629976580796253,0.6399297423887588
0.6258782201405152,0.5245901639344263,0.977751756440281,0.7611241217798594,0.6475409836065574,0.8811475409836066,0.8507025761124122,0.8600702576112412,0.9004683840749415,0.8559718969555035,0.06440281030444965
0.2786885245901639,0.3114754098360656,0.6984777517564403,0.7084309133489461,0.6528103044496487,0.538056206088993,0.4104215456674473,0.3155737704918033,0.8887587822014051,0.5960187353629977,0.43911007025761123
0.6639344262295082,0.4203747072599532,0.9209601873536299,0.9718969555035128,0.9074941451990632,0.398711943793911,0.2968384074941452,0.5398126463700235,0.4953161592505855,0.2300936768149883,0.20199063231850117
0.17798594847775176,0.5169789227166276,0.4894613583138173,0.6375878220140515,0.7857142857142857,0.5737704918032787,0.6129976580796253,0.9402810304449649,0.44730679156908665,0.5076112412177985,0.4098360655737705
0.24531615925058547,0.18969555035128804,0.9238875878220141,0.49121779859484777,0.1451990632318501,0.3296252927400468,0.11182669789227166,0.8905152224824356,0.9637002341920374,0.9888758782201406,0.7798594847775175
0.607728337236534,0.16686182669789226,0.3442622950819672,0.6012880562060889,0.7693208430913349,0.25117096018735363,0.281615925058548,0.09250585480093677,0.8208430913348946,0.7382903981264637,0.6334894613583139
0.23946135831381732,0.705503512880562,0.6984777517564403,0.936768149882904,0.9607728337236534,0.3477751756440281,0.6457845433255269,0.5398126463700235,0.9648711943793911,0.9133489461358314,0.6504683840749415
0.430327868852459,0.7611241217798594,0.09953161592505855,0.4092505854800937,0.7359484777517564,0.20843091334894615,0.038056206088992975,0.44320843091334894,0.9297423887587822,0.8723653395784543,0.6574941451990632
0.08021077283372366,0.65807962529274,0.5333723653395784,0.4613583138173302,0.7494145199063232,0.4174473067915691,0.16510538641686182,0.5398126463700235,0.27634660421545665,0.043911007025761124,0.6334894613583139
0.5,0.718384074941452,0.2903981264637002,0.509367681498829,0.4648711943793911,0.6188524590163934,0.6048009367681498,0.3155737704918033,0.3009367681498829,0.4724824355971897,0.05152224824355972
0.6814988290398126,0.5076112412177985,0.9332552693208431,0.8050351288056206,0.7412177985948478,0.44789227166276346,0.3079625292740047,0.351288056206089,0.430327868852459,0.7265807962529274,0.9022248243559718
0.08489461358313817,0.65807962529274,0.3372365339578454,0.1563231850117096,0.24414519906323184,0.6129976580796253,0.275175644028103,0.3003512880562061,0.40105386416861827,0.31030444964871196,0.36124121779859486
0.30620608899297425,0.4531615925058548,0.2903981264637002,0.3483606557377049,0.844847775175644,0.01405152224824356,0.07142857142857142,0.0234192037470726,0.3255269320843091,0.2529274004683841,0.6135831381733021
0.8758782201405152,0.20901639344262296,0.07142857142857142,0.01288056206088993,0.585480093676815,0.9578454332552693,0.9197892271662763,0.8179156908665105,0.594847775175644,0.4637002341920375,0.11768149882903982
0.9642857142857143,0.939695550351288,0.9701405152224825,0.4677985948477752,0.8384074941451991,0.6129976580796253,0.7839578454332553,0.9110070257611241,0.430327868852459,0.5257611241217799,0.6715456674473068
0.8758782201405152,0.7921545667447307,0.04215456674473068,0.775175644028103,0.37236533957845436,0.8067915690866511,0.5860655737704918,0.2336065573770492,0.16159250585480095,0.15339578454332553,0.5784543325526932
0.7845433255269321,0.6820843091334895,0.6147540983606558,0.6914519906323185,0.6756440281030445,0.0702576112412178,0.5755269320843092,0.8319672131147541,0.03395784543325527,0.1680327868852459,0.7400468384074942
0.11826697892271663,0.46662763466042156,0.8536299765807962,0.37236533957845436,0.08782201405152225,0.5737704918032787,0.6293911007025761,0.06791569086651054,0.19028103044496486,0.7669789227166276,0.9607728337236534
0.8758782201405152,0.689695550351288,0.6428571428571429,0.2570257611241218,0.06908665105386416,0.8319672131147541,0.8477751756440282,0.961943793911007,0.04859484777517564,0.27459016393442626,0.8764637002341921
0.2540983606557377,0.6252927400468384,0.27107728337236536,0.8255269320843092,0.547423887587822,0.15515222482435598,0.07142857142857142,0.4918032786885246,0.6475409836065574,0.430327868852459,0.2148711943793911
0.6639344262295082,0.25585480093676816,0.7476580796252927,0.13992974238875877,0.026932084309133488,0.5521077283372365,0.6364168618266979,0.3237704918032787,0.3594847775175644,0.2300936768149883,0.07318501170960187
0.810304449648712,0.6252927400468384,0.32669789227166274,0.6411007025761124,0.6756440281030445,0.25117096018735363,0.1920374707259953,0.7113583138173302,0.917447306791569,0.8407494145199064,0.8723653395784543
0.5415690866510539,0.34133489461358313,0.8056206088992974,0.12470725995316159,0.3401639344262295,0.7757611241217799,0.6364168618266979,0.2336065573770492,0.4092505854800937,0.41978922716627637,0.04566744730679157
0.31323185011709603,0.5638173302107728,0.7207259953161592,0.7459016393442623,0.4724824355971897,0.5204918032786885,0.38173302107728335,0.382903981264637,0.9455503512880562,0.977751756440281,0.6370023419203747
0.6814988290398126,0.7412177985948478,0.9613583138173302,0.531615925058548,0.376463700234192,0.37236533957845436,0.477751756440281,0.7675644028103045,0.4344262295081967,0.2997658079625293,0.6083138173302107
0.6381733021077284,0.4771662763466042,0.7827868852459017,0.42564402810304447,0.10070257611241218,0.3167447306791569,0.44672131147540983,0.5070257611241218,0.35011709601873536,0.41978922716627637,0.7347775175644028
0.5204918032786885,0.1446135831381733,0.31381733021077285,0.5942622950819673,0.08313817330210772,0.752927400468384,0.727751756440281,0.16159250585480095,0.02927400468384075,0.02459016393442623,0.8185011709601874
0.07552693208430913,0.16686182669789226,0.8144028103044496,0.3319672131147541,0.2775175644028103,0.5204918032786885,0.6891100702576113,0.06323185011709602,0.9584309133489461,0.9601873536299765,0.5023419203747073
0.5134660421545667,0.4882903981264637,0.12002341920374707,0.6768149882903981,0.42096018735363,0.7827868852459017,0.8085480093676815,0.8864168618266979,0.3875878220140515,0.22540983606557377,0.1791569086651054
0.21662763466042154,0.21955503512880561,0.1955503512880562,0.33548009367681497,0.8026932084309133,0.538056206088993,0.3992974238875878,0.705503512880562,0.6510538641686182,0.7265807962529274,0.5433255269320844
0.7324355971896955,0.5544496487119438,0.7827868852459017,0.7418032786885246,0.7359484777517564,0.6973067915690867,0.6639344262295082,0.20140515222482436,0.8108899297423887,0.8179156908665105,0.6463700234192038
0.17330210772833723,0.20901639344262296,0.6007025761124122,0.7154566744730679,0.6861826697892272,0.4672131147540984,0.3149882903981265,0.24531615925058547,0.8284543325526932,0.5960187353629977,0.27693208430913346
0.6258782201405152,0.49824355971896955,0.14929742388758782,0.01405152224824356,0.3044496487119438,0.25117096018735363,0.281615925058548,0.4918032786885246,0.8395784543325527,0.6727166276346604,0.5866510538641686
0.4484777517564403,0.35655737704918034,0.44730679156908665,0.6311475409836066,0.4894613583138173,0.4174473067915691,0.6949648711943794,0.7675644028103045,0.008782201405152224,0.9730679156908665,0.1522248243559719
0.477751756440281,0.2640515222482436,0.9666276346604216,0.5181498829039812,0.4894613583138173,0.27576112412177983,0.20433255269320844,0.594847775175644,0.6727166276346604,0.7160421545667447,0.2605386416861827
0.03629976580796253,0.00936768149882904,0.2646370023419204,0.4677985948477752,0.3799765807962529,0.20140515222482436,0.5544496487119438,0.9578454332552693,0.6861826697892272,0.8179156908665105,0.5023419203747073
0.468384074941452,0.5480093676814989,0.7628805620608899,0.17447306791569087,0.3044496487119438,0.31030444964871196,0.26229508196721313,0.4672131147540984,0.1832552693208431,0.7511709601873536,0.8079625292740047
0.29859484777517564,0.1797423887587822,0.4203747072599532,0.4964871194379391,0.9028103044496487,0.6861826697892272,0.405152224824356,0.13173302107728338,0.3635831381733021,0.5685011709601874,0.3167447306791569
0.3588992974238876,0.8665105386416861,0.132903981264637,0.6715456674473068,0.42096018735363,0.8524590163934426,0.8612412177985949,0.5070257611241218,0.8337236533957846,0.6018735362997658,0.13114754098360656
0.9209601873536299,0.724824355971897,0.8729508196721312,0.7230679156908665,0.547423887587822,0.7318501170960188,0.6639344262295082,0.3079625292740047,0.5655737704918032,0.4127634660421546,0.3553864168618267
0.9391100702576113,0.9244730679156908,0.7921545667447307,0.6656908665105387,0.6399297423887588,0.835480093676815,0.7699063231850117,0.11533957845433256,0.20608899297423888,0.8307962529274004,0.6639344262295082
0.23126463700234193,0.5889929742388759,0.547423887587822,0.6440281030444965,0.3951990632318501,0.8032786885245902,0.5755269320843092,0.12002341920374707,0.6791569086651054,0.7511709601873536,0.3325526932084309
0.8682669789227166,0.8307962529274004,0.40866510538641687,0.13114754098360656,0.7494145199063232,0.18266978922716628,0.275175644028103,0.5497658079625293,0.7985948477751756,0.6504683840749415,0.41510538641686184
0.2505854800936768,0.8056206088992974,0.04918032786885246,0.2687353629976581,0.24414519906323184,0.09601873536299765,0.1832552693208431,0.6399297423887588,0.14637002341920374,0.12997658079625293,0.8126463700234192
0.5415690866510539,0.12060889929742388,0.8536299765807962,0.781615925058548,0.7359484777517564,0.8905152224824356,0.9197892271662763,0.9402810304449649,0.5398126463700235,0.40866510538641687,0.14578454332552693
0.2786885245901639,0.19437939110070257,0.585480093676815,0.4677985948477752,0.059718969555035126,0.9988290398126464,0.9988290398126464,0.9988290398126464,0.5450819672131147,0.6411007025761124,0.5913348946135831
0.3588992974238876,0.43969555035128804,0.8266978922716628,0.35714285714285715,0.05620608899297424,0.5579625292740047,0.4180327868852459,0.405152224824356,0.9074941451990632,0.6984777517564403,0.5374707259953162
0.45433255269320844,0.7757611241217799,0.7745901639344263,0.781615925058548,0.15749414519906324,0.9227166276346604,0.9039812646370023,0.7827868852459017,0.08138173302107728,0.17857142857142858,0.9361826697892272
0.6926229508196722,0.5544496487119438,0.5333723653395784,0.13114754098360656,0.405152224824356,0.3009367681498829,0.5860655737704918,0.7827868852459017,0.9227166276346604,0.9004683840749415,0.699648711943794
0.59192037470726,0.8343091334894613,0.6007025761124122,0.0942622950819672,0.3190866510538642,0.20608899297423888,0.34543325526932084,0.04215456674473068,0.9297423887587822,0.870023419203747,0.5064402810304449
0.234192037470726,0.40398126463700235,0.8056206088992974,0.582552693208431,0.5813817330210773,0.3395784543325527,0.5685011709601874,0.1797423887587822,0.3009367681498829,0.24121779859484777,0.06791569086651054
0.9795081967213115,0.8489461358313818,0.9894613583138173,0.9110070257611241,0.9238875878220141,0.9209601873536299,0.832552693208431,0.2617096018735363,0.8337236533957846,0.7564402810304449,0.25175644028103045
0.2617096018735363,0.032201405152224825,0.7628805620608899,0.07377049180327869,0.050936768149882905,0.5579625292740047,0.43208430913348944,0.03747072599531616,0.8665105386416861,0.7511709601873536,0.4812646370023419
0.4484777517564403,0.724824355971897,0.00936768149882904,0.7903981264637002,0.13875878220140514,0.00702576112412178,0.11182669789227166,0.7259953161592506,0.09660421545667447,0.6217798594847775,0.7611241217798594
0.7704918032786885,0.7125292740046838,0.7207259953161592,0.6861826697892272,0.32669789227166274,0.382903981264637,0.3149882903981265,0.5784543325526932,0.3875878220140515,0.21721311475409835,0.032201405152224825
0.13466042154566746,0.3477751756440281,0.8536299765807962,0.6715456674473068,0.5591334894613583,0.9443793911007026,0.9344262295081968,0.5620608899297423,0.7763466042154566,0.6598360655737705,0.32903981264637
0.02927400468384075,0.10831381733021077,0.620023419203747,0.12470725995316159,0.22716627634660422,0.9695550351288056,0.9660421545667447,0.9882903981264637,0.008782201405152224,0.9888758782201406,0.05035128805620609
0.9432084309133489,0.27400468384074944,0.6094847775175644,0.4677985948477752,0.07259953161592506,0.367096018735363,0.5281030444964872,0.5070257611241218,0.6147540983606558,0.4414519906323185,0.34894613583138173
0.810304449648712,0.9338407494145199,0.8343091334894613,0.7189695550351288,0.2336065573770492,0.11768149882903982,0.06850117096018736,0.5210772833723654,0.2540983606557377,0.11651053864168619,0.00351288056206089
0.42213114754098363,0.25585480093676816,0.468384074941452,0.3319672131147541,0.1129976580796253,0.6604215456674473,0.6809133489461359,0.6469555035128806,0.9227166276346604,0.7511709601873536,0.20491803278688525
0.6001170960187353,0.39285714285714285,0.8185011709601874,0.6375878220140515,0.430327868852459,0.6715456674473068,0.5544496487119438,0.09250585480093677,0.7494145199063232,0.39227166276346603,0.25526932084309134
0.18442622950819673,0.07611241217798595,0.04332552693208431,0.32728337236533955,0.6709601873536299,0.17798594847775176,0.024004683840749413,0.2927400468384075,0.9730679156908665,0.9666276346604216,0.6943793911007026
0.2786885245901639,0.32786885245901637,0.04566744730679157,0.01522248243559719,0.2687353629976581,0.7078454332552693,0.7371194379391101,0.18618266978922718,0.39285714285714285,0.4502341920374707,0.09894613583138173
0.5485948477751756,0.21252927400468383,0.9666276346604216,0.43676814988290397,0.3864168618266979,0.544496487119438,0.373536299765808,0.17388758782201405,0.699648711943794,0.5749414519906323,0.6451990632318502
0.014637002341920375,0.24531615925058547,0.8471896955503513,0.7388758782201406,0.702576112412178,0.25644028103044497,0.24473067915690866,0.15866510538641687,0.4092505854800937,0.4637002341920375,0.3864168618266979
0.59192037470726,0.27400468384074944,0.3202576112412178,0.4057377049180328,0.8073770491803278,0.8032786885245902,0.8659250585480094,0.9601873536299765,0.9537470725995316,0.9572599531615925,0.6692037470725996
0.7113583138173302,0.6820843091334895,0.8992974238875878,0.7862997658079626,0.8793911007025761,0.3477751756440281,0.477751756440281,0.8284543325526932,0.08723653395784543,0.31030444964871196,0.7564402810304449
0.3296252927400468,0.16686182669789226,0.40866510538641687,0.5743559718969555,0.6135831381733021,0.8266978922716628,0.7892271662763466,0.7482435597189696,0.41920374707259955,0.38524590163934425,0.1873536299765808
0.30620608899297425,0.04332552693208431,0.8957845433255269,0.49121779859484777,0.9262295081967213,0.4894613583138173,0.4953161592505855,0.1797423887587822,0.4262295081967213,0.2300936768149883,0.040983606557377046
0.1885245901639344,0.45843091334894615,0.882903981264637,0.8688524590163934,0.7798594847775175,0.16510538641686182,0.10655737704918032,0.5210772833723654,0.5720140515222483,0.37763466042154564,0.3799765807962529
0.7371194379391101,0.22950819672131148,0.7699063231850117,0.3161592505854801,0.37236533957845436,0.19789227166276346,0.7049180327868853,0.021662763466042154,0.10011709601873536,0.23536299765807964,0.9227166276346604
0.4420374707259953,0.16686182669789226,0.49414519906323184,0.8852459016393442,0.7154566744730679,0.3881733021077283,0.21721311475409835,0.4572599531615925,0.4707259953161593,0.09836065573770492,0.3015222482435597
0.08489461358313817,0.04742388758782201,0.9812646370023419,0.5122950819672131,0.5257611241217799,0.2259953161592506,0.09718969555035128,0.6124121779859485,0.2464871194379391,0.08196721311475409,0.8237704918032787
0.5281030444964872,0.10831381733021077,0.6381733021077284,0.0977751756440281,0.547423887587822,0.11065573770491803,0.11592505854800937,0.01639344262295082,0.3700234192037471,0.3629976580796253,0.1405152224824356
0.2230679156908665,0.1053864168618267,0.9953161592505855,0.8951990632318502,0.8934426229508197,0.8266978922716628,0.6364168618266979,0.14695550351288056,0.02576112412177986,0.17388758782201405,0.7862997658079626
0.272248243559719,0.19437939110070257,0.08313817330210772,0.018149882903981264,0.20140515222482436,0.8266978922716628,0.8770491803278688,0.9186182669789227,0.5398126463700235,0.2652224824355972,0.01990632318501171
0.37236533957845436,0.19437939110070257,0.5333723653395784,0.31440281030444966,0.08489461358313817,0.7587822014051522,0.3905152224824356,0.2336065573770492,0.1756440281030445,0.3231850117096019,0.06088992974238876
0.6692037470725996,0.7125292740046838,0.132903981264637,0.41217798594847777,0.03395784543325527,0.04918032786885246,0.057962529274004686,0.03278688524590164,0.7628805620608899,0.6598360655737705,0.5649882903981265
0.7845433255269321,0.8173302107728337,0.25585480093676816,0.8542154566744731,0.45433255269320844,0.59192037470726,0.5977751756440282,0.15456674473067916,0.8337236533957846,0.8138173302107728,0.6738875878220141
0.29156908665105385,0.10421545667447307,0.585480093676815,0.3752927400468384,0.2066744730679157,0.36007025761124123,0.26229508196721313,0.367096018735363,0.2031615925058548,0.7511709601873536,0.8542154566744731
0.09894613583138173,0.1446135831381733,0.3583138173302108,0.8255269320843092,0.6902810304449649,0.024004683840749413,0.46194379391100704,0.740632318501171,0.6791569086651054,0.6873536299765808,0.30562060889929743
0.5281030444964872,0.882903981264637,0.7745901639344263,0.21779859484777517,0.45843091334894615,0.6317330210772834,0.7049180327868853,0.3003512880562061,0.8284543325526932,0.7763466042154566,0.6504683840749415
0.39637002341920374,0.27400468384074944,0.47540983606557374,0.3788056206088993,0.04800936768149883,0.6229508196721312,0.5860655737704918,0.22189695550351288,0.3079625292740047,0.2997658079625293,0.594847775175644
0.3436768149882904,0.3752927400468384,0.46311475409836067,0.23126463700234193,0.13348946135831383,0.977751756440281,0.9754098360655737,0.7160421545667447,0.9672131147540983,0.8946135831381733,0.5550351288056206
0.40807962529274006,0.6165105386416861,0.3583138173302108,0.1563231850117096,0.3044496487119438,0.59192037470726,0.7453161592505855,0.20725995316159251,0.3255269320843091,0.33079625292740045,0.01405152224824356
0.11124121779859485,0.3629976580796253,0.0936768149882904,0.4016393442622951,0.12295081967213115,0.17037470725995316,0.12412177985948478,0.6124121779859485,0.484192037470726,0.4859484777517564,0.25
0.045081967213114756,0.07962529274004684,0.563231850117096,0.6147540983606558,0.5989461358313818,0.17037470725995316,0.09133489461358314,0.24531615925058547,0.1053864168618267,0.021662763466042154,0.6943793911007026
0.43618266978922715,0.6750585480093677,0.38992974238875877,0.6610070257611241,0.8887587822014051,0.2898126463700234,0.7453161592505855,0.800351288056206,0.9045667447306791,0.7716627634660421,0.5509367681498829
0.22775175644028103,0.0585480093676815,0.7552693208430913,0.1797423887587822,0.09484777517564402,0.31030444964871196,0.2903981264637002,0.6323185011709602,0.9806791569086651,0.9759953161592506,0.5649882903981265
0.7371194379391101,0.5638173302107728,0.04918032786885246,0.21428571428571427,0.8243559718969555,0.08665105386416862,0.17857142857142858,0.7558548009367682,0.47950819672131145,0.4414519906323185,0.4637002341920375
0.477751756440281,0.4332552693208431,0.5187353629976581,0.7903981264637002,0.5140515222482436,0.7388758782201406,0.5860655737704918,0.2336065573770492,0.2862997658079625,0.33079625292740045,0.7985948477751756
0.9584309133489461,0.9437939110070258,0.9988290398126464,0.9660421545667447,0.990632318501171,0.2898126463700234,0.3149882903981265,0.04800936768149883,0.1990632318501171,0.37763466042154564,0.9162763466042154
0.24531615925058547,0.22950819672131148,0.8266978922716628,0.5538641686182669,0.22716627634660422,0.0942622950819672,0.7892271662763466,0.8155737704918032,0.9537470725995316,0.8120608899297423,0.3864168618266979
0.1446135831381733,0.18501170960187355,0.5187353629976581,0.1920374707259953,0.1791569086651054,0.25117096018735363,0.1832552693208431,0.5070257611241218,0.31381733021077285,0.36826697892271665,0.9402810304449649
0.7113583138173302,0.8711943793911007,0.47540983606557374,0.90807962529274,0.6902810304449649,0.9262295081967213,0.8981264637002342,0.9039812646370023,0.699648711943794,0.8460187353629977,0.5983606557377049
0.12002341920374707,0.22950819672131148,0.5333723653395784,0.6820843091334895,0.2862997658079625,0.42505854800936765,0.5134660421545667,0.14695550351288056,0.6668618266978923,0.7084309133489461,0.27107728337236536
0.00585480093676815,0.12822014051522249,0.22014051522248243,0.9121779859484778,0.7540983606557377,0.6973067915690867,0.7453161592505855,0.04332552693208431,0.40105386416861827,0.27459016393442626,0.06674473067915691
0.5597189695550351,0.4882903981264637,0.14637002341920374,0.23711943793911008,0.6475409836065574,0.21194379391100704,0.3015222482435597,0.5398126463700235,0.19379391100702575,0.06908665105386416,0.7798594847775175
0.059718969555035126,0.5731850117096019,0.47540983606557374,0.5339578454332553,0.29098360655737704,0.5204918032786885,0.3905152224824356,0.5327868852459017,0.29098360655737704,0.18618266978922718,0.3167447306791569
0.40807962529274006,0.45843091334894615,0.20901639344262296,0.6147540983606558,0.19672131147540983,0.11768149882903982,0.10655737704918032,0.6323185011709602,0.6270491803278688,0.39227166276346603,0.4637002341920375
0.3436768149882904,0.25585480093676816,0.5679156908665105,0.6375878220140515,0.29566744730679156,0.59192037470726,0.477751756440281,0.351288056206089,0.7927400468384075,0.6018735362997658,0.2148711943793911
0.34953161592505855,0.6820843091334895,0.36768149882903983,0.8120608899297423,0.585480093676815,0.6932084309133489,0.7892271662763466,0.1797423887587822,0.5298594847775175,0.34543325526932084,0.5649882903981265
0.6744730679156908,0.7505854800936768,0.2775175644028103,0.10480093676814989,0.1358313817330211,0.4812646370023419,0.48653395784543324,0.07084309133489461,0.23302107728337237,0.49765807962529274,0.9115925058548009
0.607728337236534,0.7564402810304449,0.00936768149882904,0.990632318501171,0.7933255269320844,0.9209601873536299,0.9039812646370023,0.740632318501171,0.9004683840749415,0.7763466042154566,0.42915690866510536
0.7745901639344263,0.35655737704918034,0.9830210772833724,0.5374707259953162,0.6797423887587822,0.7078454332552693,0.6639344262295082,0.4572599531615925,0.11651053864168619,0.0860655737704918,0.7833723653395784
0.6569086651053864,0.46662763466042156,0.00936768149882904,0.7903981264637002,0.16334894613583137,0.9508196721311475,0.9531615925058547,0.9361826697892272,0.7985948477751756,0.8946135831381733,0.43911007025761123
0.9209601873536299,0.8173302107728337,0.8495316159250585,0.34601873536299765,0.9742388758782201,0.4847775175644028,0.35011709601873536,0.5720140515222483,0.8466042154566745,0.430327868852459,0.16393442622950818
0.7224824355971897,0.8272833723653396,0.9209601873536299,0.5661592505854801,0.405152224824356,0.7991803278688525,0.7699063231850117,0.3079625292740047,0.1715456674473068,0.036885245901639344,0.474824355971897
0.7792740046838408,0.9672131147540983,0.7628805620608899,0.2529274004683841,0.35304449648711944,0.5023419203747073,0.3992974238875878,0.13934426229508196,0.6861826697892272,0.7716627634660421,0.5216627634660421
0.7845433255269321,0.6451990632318502,0.48302107728337235,0.857728337236534,0.8717798594847775,0.42213114754098363,0.4262295081967213,0.6007025761124122,0.9484777517564403,0.9537470725995316,0.6334894613583139
0.09484777517564402,0.7921545667447307,0.6697892271662763,0.351288056206089,0.2687353629976581,0.6317330210772834,0.7453161592505855,0.13173302107728338,0.8852459016393442,0.6873536299765808,0.07962529274004684
0.5538641686182669,0.5889929742388759,0.6528103044496487,0.2570257611241218,0.15281030444964872,0.7991803278688525,0.7125292740046838,0.22189695550351288,0.164519906323185,0.09543325526932084,0.8454332552693209
0.9964871194379391,0.9941451990632318,0.40866510538641687,0.9871194379391101,0.9104215456674473,0.9426229508196722,0.9110070257611241,0.12002341920374707,0.990632318501171,0.9812646370023419,0.8542154566744731
0.4139344262295082,0.3752927400468384,0.5187353629976581,0.5403981264637002,0.7090163934426229,0.9414519906323185,0.9156908665105387,0.3337236533957845,0.8665105386416861,0.7265807962529274,0.39344262295081966
0.2230679156908665,0.3477751756440281,0.7827868852459017,0.1996487119437939,0.42096018735363,0.639344262295082,0.8026932084309133,0.8050351288056206,0.5521077283372365,0.38524590163934425,0.3167447306791569
0.8834894613583139,0.7412177985948478,0.2968384074941452,0.6311475409836066,0.5644028103044496,0.8864168618266979,0.7564402810304449,0.16744730679156908,0.9004683840749415,0.9373536299765808,0.7084309133489461
0.9402810304449649,0.8998829039812647,0.44730679156908665,0.056791569086651054,0.5327868852459017,0.4314988290398126,0.3992974238875878,0.10597189695550352,0.13700234192037472,0.05444964871194379,0.7833723653395784
0.2230679156908665,0.21955503512880561,0.8770491803278688,0.48653395784543324,0.9180327868852459,0.04742388758782201,0.21135831381733022,0.5011709601873536,0.8887587822014051,0.6217798594847775,0.5023419203747073
0.21662763466042154,0.6522248243559718,0.8266978922716628,0.2933255269320843,0.05444964871194379,0.6451990632318502,0.765807962529274,0.620023419203747,0.4953161592505855,0.24121779859484777,0.22131147540983606
0.4613583138173302,0.17505854800936768,0.9086651053864169,0.5538641686182669,0.9718969555035128,0.5204918032786885,0.5134660421545667,0.5210772833723654,0.4894613583138173,0.6065573770491803,0.8296252927400468
0.5070257611241218,0.35655737704918034,0.5925058548009368,0.23126463700234193,0.22716627634660422,0.00468384074941452,0.01990632318501171,0.27459016393442626,0.7494145199063232,0.6873536299765808,0.42915690866510536
0.8635831381733021,0.7412177985948478,0.36768149882903983,0.2570257611241218,0.9104215456674473,0.5848946135831382,0.6522248243559718,0.36124121779859486,0.4379391100702576,0.13407494145199064,0.27107728337236536
0.8378220140515222,0.1797423887587822,0.65807962529274,0.7418032786885246,0.4104215456674473,0.7166276346604216,0.5755269320843092,0.07084309133489461,0.2862997658079625,0.6873536299765808,0.8905152224824356
0.3296252927400468,0.4274004683840749,0.46311475409836067,0.22716627634660422,0.4959016393442623,0.23302107728337237,0.26229508196721313,0.7008196721311475,0.7927400468384075,0.7833723653395784,0.22131147540983606
0.08782201405152225,0.04742388758782201,0.8641686182669789,0.9426229508196722,0.9028103044496487,0.9016393442622951,0.8507025761124122,0.19379391100702575,0.8044496487119438,0.6411007025761124,0.3553864168618267
0.04215456674473068,0.11592505854800937,0.6317330210772834,0.24473067915690866,0.32669789227166274,0.09074941451990633,0.14227166276346603,0.021662763466042154,0.9455503512880562,0.6598360655737705,0.01873536299765808
0.607728337236534,0.9754098360655737,0.5187353629976581,0.1446135831381733,0.09133489461358314,0.12763466042154567,0.22131147540983606,0.01756440281030445,0.018149882903981264,0.17857142857142858,0.7306791569086651
0.7224824355971897,0.46662763466042156,0.0234192037470726,0.9818501170960188,0.8384074941451991,0.36007025761124123,0.5134660421545667,0.6399297423887588,0.9859484777517564,0.9789227166276346,0.765807962529274
0.16042154566744732,0.00468384074941452,0.620023419203747,0.319672131147541,0.3401639344262295,0.7921545667447307,0.7453161592505855,0.27459016393442626,0.2775175644028103,0.11358313817330211,0.9578454332552693
0.43618266978922715,0.6990632318501171,0.40866510538641687,0.7517564402810304,0.6305620608899297,0.7734192037470726,0.5035128805620609,0.09543325526932084,0.040983606557377046,0.4637002341920375,0.7441451990632318
0.17330210772833723,0.5544496487119438,0.8208430913348946,0.42564402810304447,0.0702576112412178,0.7236533957845434,0.7617096018735363,0.7359484777517564,0.8108899297423887,0.8793911007025761,0.6288056206088993
0.8378220140515222,0.49824355971896955,0.585480093676815,0.1797423887587822,0.20140515222482436,0.9824355971896955,0.984192037470726,0.8460187353629977,0.35011709601873536,0.20608899297423888,0.4028103044496487
0.9584309133489461,0.9836065573770492,0.740632318501171,0.5784543325526932,0.7154566744730679,0.19613583138173302,0.21135831381733022,0.4765807962529274,0.6217798594847775,0.36826697892271665,0.4637002341920375
0.5281030444964872,0.5889929742388759,0.4274004683840749,0.08489461358313817,0.0234192037470726,0.6264637002341921,0.6639344262295082,0.2336065573770492,0.38173302107728335,0.2997658079625293,0.3553864168618267
0.23594847775175645,0.11241217798594848,0.18442622950819673,0.9186182669789227,0.5327868852459017,0.2429742388758782,0.1715456674473068,0.6586651053864169,0.3366510538641686,0.03395784543325527,0.6692037470725996
0.6258782201405152,0.4203747072599532,0.45901639344262296,0.30620608899297425,0.45843091334894615,0.37763466042154564,0.727751756440281,0.7482435597189696,0.3284543325526932,0.18618266978922718,0.41510538641686184
0.607728337236534,0.41217798594847777,0.8436768149882904,0.2687353629976581,0.13348946135831383,0.12060889929742388,0.25585480093676816,0.8571428571428571,0.6727166276346604,0.8512880562060889,0.9789227166276346
0.8231850117096019,0.44730679156908665,0.5755269320843092,0.5614754098360656,0.4420374707259953,0.18266978922716628,0.5860655737704918,0.794496487119438,0.3548009367681499,0.4566744730679157,0.31030444964871196
0.37236533957845436,0.41217798594847777,0.22014051522248243,0.7517564402810304,0.32669789227166274,0.19379391100702575,0.08313817330210772,0.810304449648712,0.2224824355971897,0.0351288056206089,0.7060889929742389
0.6814988290398126,0.6358313817330211,0.8770491803278688,0.9168618266978923,0.6235362997658079,0.3237704918032787,0.46194379391100704,0.484192037470726,0.6621779859484778,0.5257611241217799,0.19613583138173302
0.13114754098360656,0.09894613583138173,0.7148711943793911,0.06908665105386416,0.6621779859484778,0.22892271662763466,0.5614754098360656,0.39227166276346603,0.5761124121779859,0.49765807962529274,0.8764637002341921
0.21252927400468383,0.08548009367681499,0.2851288056206089,0.1797423887587822,0.844847775175644,0.8524590163934426,0.8442622950819673,0.8237704918032787,0.38173302107728335,0.1411007025761124,0.09660421545667447
0.0936768149882904,0.9028103044496487,0.08313817330210772,0.13466042154566746,0.594847775175644,0.5848946135831382,0.5685011709601874,0.7482435597189696,0.7558548009367682,0.8067915690866511,0.4098360655737705
0.4139344262295082,0.41217798594847777,0.5333723653395784,0.3401639344262295,0.29566744730679156,0.968384074941452,0.9519906323185011,0.9871194379391101,0.7060889929742389,0.6873536299765808,0.5983606557377049
0.34953161592505855,0.06791569086651054,0.9941451990632318,0.9250585480093677,0.870023419203747,0.8067915690866511,0.7839578454332553,0.4502341920374707,0.04625292740046839,0.4637002341920375,0.867096018735363
0.3588992974238876,0.6100702576112412,0.6832552693208431,0.5942622950819673,0.19086651053864168,0.2429742388758782,0.14227166276346603,0.6855971896955504,0.7763466042154566,0.4929742388758782,0.1211943793911007
0.6258782201405152,0.39285714285714285,0.18442622950819673,0.007611241217798595,0.6832552693208431,0.5146370023419203,0.3401639344262295,0.2336065573770492,0.4420374707259953,0.6217798594847775,0.727751756440281
0.917447306791569,0.7125292740046838,0.20433255269320844,0.08021077283372366,0.8647540983606558,0.11065573770491803,0.00702576112412178,0.08196721311475409,0.5398126463700235,0.2862997658079625,0.05737704918032787
0.7792740046838408,0.46662763466042156,0.7827868852459017,0.5585480093676815,0.8073770491803278,0.7318501170960188,0.3905152224824356,0.15866510538641687,0.936768149882904,0.9707259953161592,0.617096018735363
0.4139344262295082,0.1446135831381733,0.15281030444964872,0.7962529274004684,0.4648711943793911,0.14637002341920374,0.2529274004683841,0.5784543325526932,0.7558548009367682,0.6598360655737705,0.15807962529274006
