child,parent_set,selected_order,selected_number_bins,bin_index,bin_lower,bin_upper,bin_center,bin_count,empirical_conditional_tau,fitted_conditional_tau,global_empirical_conditional_tau
mean_radius,"['mean_smoothness', 'mean_texture']","['mean_texture', 'mean_smoothness', 'mean_radius']",4,0,0.0,0.2508771929824561,0.12543859649122804,142,0.0755508995598461,0.0866297578727222,0.2282872221389423
mean_radius,"['mean_smoothness', 'mean_texture']","['mean_texture', 'mean_smoothness', 'mean_radius']",4,1,0.2508771929824561,0.5,0.375438596491228,142,0.2326022953116337,0.2239766775518066,0.2282872221389423
mean_radius,"['mean_smoothness', 'mean_texture']","['mean_texture', 'mean_smoothness', 'mean_radius']",4,2,0.5,0.7482456140350877,0.6241228070175439,141,0.2930685102754107,0.27429660302901293,0.2282872221389423
mean_radius,"['mean_smoothness', 'mean_texture']","['mean_texture', 'mean_smoothness', 'mean_radius']",4,3,0.7482456140350877,1.0,0.8741228070175439,144,0.3133864446169813,0.295121439874796,0.2282872221389423
mean_radius,"['mean_compactness', 'mean_texture']","['mean_texture', 'mean_compactness', 'mean_radius']",6,0,0.0,0.16783625730994145,0.08391812865497073,95,0.020828667413213885,0.0063030199980670335,0.15183544147132355
mean_radius,"['mean_compactness', 'mean_texture']","['mean_texture', 'mean_compactness', 'mean_radius']",6,1,0.16783625730994145,0.3339181286549707,0.2508771929824561,95,0.05890257558790593,0.06290676665567567,0.15183544147132355
mean_radius,"['mean_compactness', 'mean_texture']","['mean_texture', 'mean_compactness', 'mean_radius']",6,2,0.3339181286549707,0.5,0.41695906432748536,94,0.13337908945321436,0.14283983008154244,0.15183544147132355
mean_radius,"['mean_compactness', 'mean_texture']","['mean_texture', 'mean_compactness', 'mean_radius']",6,3,0.5,0.6660818713450292,0.5830409356725146,95,0.32900335946248593,0.31862936171410794,0.15183544147132355
mean_radius,"['mean_compactness', 'mean_texture']","['mean_texture', 'mean_compactness', 'mean_radius']",6,4,0.6660818713450292,0.8315789473684211,0.7488304093567251,95,0.14132138857782753,0.08430887068249591,0.15183544147132355
mean_radius,"['mean_compactness', 'mean_texture']","['mean_texture', 'mean_compactness', 'mean_radius']",6,5,0.8315789473684211,1.0,0.9157894736842105,95,0.24165733482642773,0.2309788012227851,0.15183544147132355
mean_radius,"['mean_concavity', 'mean_texture']","['mean_concavity', 'mean_texture', 'mean_radius']",2,0,0.0,0.5,0.25,284,0.31478624396556015,0.37339618502633654,0.41968860615361764
mean_radius,"['mean_concavity', 'mean_texture']","['mean_concavity', 'mean_texture', 'mean_radius']",2,1,0.5,1.0,0.75,285,0.5000741289844329,0.45400506140169655,0.41968860615361764
mean_radius,"['mean_concave_points', 'mean_texture']","['mean_texture', 'mean_concave_points', 'mean_radius']",1,0,0.0,1.0,0.5,569,0.10050991361172307,0.10640967333089979,0.10050991361172307
mean_radius,"['mean_symmetry', 'mean_texture']","['mean_texture', 'mean_symmetry', 'mean_radius']",1,0,0.0,1.0,0.5,569,0.22485705091710187,0.22387382126578403,0.22485705091710187
mean_radius,"['mean_fractal_dimension', 'mean_texture']","['mean_texture', 'mean_fractal_dimension', 'mean_radius']",1,0,0.0,1.0,0.5,569,0.23120898164569628,0.23708485295220916,0.23120898164569628
mean_radius,"['mean_texture', 'radius_error']","['mean_texture', 'radius_error', 'mean_radius']",5,0,0.0,0.20105263157894734,0.10052631578947367,114,0.029032758888371372,0.03714327505838533,0.12226787791777025
mean_radius,"['mean_texture', 'radius_error']","['mean_texture', 'radius_error', 'mean_radius']",5,1,0.20105263157894734,0.4003508771929825,0.3007017543859649,114,0.09237696009936346,0.1033555180829202,0.12226787791777025
mean_radius,"['mean_texture', 'radius_error']","['mean_texture', 'radius_error', 'mean_radius']",5,2,0.4003508771929825,0.5996491228070177,0.5000000000000001,113,0.07269279393173197,0.0736985800174157,0.12226787791777025
mean_radius,"['mean_texture', 'radius_error']","['mean_texture', 'radius_error', 'mean_radius']",5,3,0.5996491228070177,0.7989473684210527,0.6992982456140352,114,0.2265176214873467,0.20610199338990287,0.12226787791777025
mean_radius,"['mean_texture', 'radius_error']","['mean_texture', 'radius_error', 'mean_radius']",5,4,0.7989473684210527,1.0,0.8994736842105264,114,0.15510013972985562,0.16968740103807844,0.12226787791777025
mean_radius,"['mean_texture', 'texture_error']","['mean_texture', 'texture_error', 'mean_radius']",1,0,0.0,1.0,0.5,569,0.3170251738904428,0.3186110901761807,0.3170251738904428
mean_radius,"['mean_texture', 'worst_radius']","['mean_texture', 'worst_radius', 'mean_radius']",1,0,0.0,1.0,0.5,569,-0.04270539711831724,0.0,-0.04270539711831724
mean_radius,"['mean_texture', 'worst_texture']","['worst_texture', 'mean_texture', 'mean_radius']",1,0,0.0,1.0,0.5,569,0.008490309166068466,0.0,0.008490309166068466
mean_radius,"['mean_compactness', 'mean_smoothness']","['mean_compactness', 'mean_smoothness', 'mean_radius']",2,0,0.0,0.5,0.25,284,0.31075498929975615,0.31394208540216473,0.3915195920691106
mean_radius,"['mean_compactness', 'mean_smoothness']","['mean_compactness', 'mean_smoothness', 'mean_radius']",2,1,0.5,1.0,0.75,285,0.46508524833209786,0.45616763502753616,0.3915195920691106
mean_radius,"['mean_concavity', 'mean_smoothness']","['mean_smoothness', 'mean_concavity', 'mean_radius']",1,0,0.0,1.0,0.5,569,-0.2513552315651377,-0.2525287631525689,-0.2513552315651377
mean_radius,"['mean_concave_points', 'mean_smoothness']","['mean_smoothness', 'mean_concave_points', 'mean_radius']",2,0,0.0,0.5,0.25,284,-0.35549693923256853,-0.34523966523871585,-0.4198618777692517
mean_radius,"['mean_concave_points', 'mean_smoothness']","['mean_smoothness', 'mean_concave_points', 'mean_radius']",2,1,0.5,1.0,0.75,285,-0.49478626142821847,-0.5008581320520671,-0.4198618777692517
mean_radius,"['mean_smoothness', 'mean_symmetry']","['mean_smoothness', 'mean_symmetry', 'mean_radius']",1,0,0.0,1.0,0.5,569,0.05412262679769301,0.06557788356391908,0.05412262679769301
mean_radius,"['mean_fractal_dimension', 'mean_smoothness']","['mean_fractal_dimension', 'mean_smoothness', 'mean_radius']",4,0,0.0,0.2508771929824561,0.12543859649122804,142,-0.5255219258815303,-0.5051613473309269,-0.3924478328671502
mean_radius,"['mean_fractal_dimension', 'mean_smoothness']","['mean_fractal_dimension', 'mean_smoothness', 'mean_radius']",4,1,0.2508771929824561,0.5,0.375438596491228,142,-0.4448107082209569,-0.4315406304594399,-0.3924478328671502
mean_radius,"['mean_fractal_dimension', 'mean_smoothness']","['mean_fractal_dimension', 'mean_smoothness', 'mean_radius']",4,2,0.5,0.7482456140350877,0.6241228070175439,141,-0.38095238095238093,-0.35520720849632154,-0.3924478328671502
mean_radius,"['mean_fractal_dimension', 'mean_smoothness']","['mean_fractal_dimension', 'mean_smoothness', 'mean_radius']",4,3,0.7482456140350877,1.0,0.8741228070175439,144,-0.2733100233100233,-0.2744951125581883,-0.3924478328671502
mean_radius,"['mean_smoothness', 'radius_error']","['mean_smoothness', 'radius_error', 'mean_radius']",1,0,0.0,1.0,0.5,569,-0.05451867620485656,0.0,-0.05451867620485656
mean_radius,"['mean_smoothness', 'texture_error']","['mean_smoothness', 'texture_error', 'mean_radius']",5,0,0.0,0.20105263157894734,0.10052631578947367,114,0.03959012575687005,0.1272372844375248,0.10218074704819424
mean_radius,"['mean_smoothness', 'texture_error']","['mean_smoothness', 'texture_error', 'mean_radius']",5,1,0.20105263157894734,0.4003508771929825,0.3007017543859649,114,0.22185995963359728,0.13612048920669792,0.10218074704819424
mean_radius,"['mean_smoothness', 'texture_error']","['mean_smoothness', 'texture_error', 'mean_radius']",5,2,0.4003508771929825,0.5996491228070177,0.5000000000000001,113,0.02718078381795196,7.98482962941264e-07,0.10218074704819424
mean_radius,"['mean_smoothness', 'texture_error']","['mean_smoothness', 'texture_error', 'mean_radius']",5,3,0.5996491228070177,0.7992982456140352,0.6994736842105265,114,0.17497283030585314,0.10196125658581684,0.10218074704819424
mean_radius,"['mean_smoothness', 'texture_error']","['mean_smoothness', 'texture_error', 'mean_radius']",5,4,0.7992982456140352,1.0,0.8996491228070176,114,0.036485017854370444,0.10513926807420429,0.10218074704819424
mean_radius,"['mean_smoothness', 'worst_radius']","['mean_smoothness', 'worst_radius', 'mean_radius']",4,0,0.0,0.25,0.125,141,-0.08064842958459979,-0.033029605235105335,-0.13441587172974478
mean_radius,"['mean_smoothness', 'worst_radius']","['mean_smoothness', 'worst_radius', 'mean_radius']",4,1,0.25,0.5008771929824561,0.37543859649122807,143,-0.20999753780699726,-0.17275781358061795,-0.13441587172974478
mean_radius,"['mean_smoothness', 'worst_radius']","['mean_smoothness', 'worst_radius', 'mean_radius']",4,2,0.5008771929824561,0.7491228070175439,0.625,142,-0.1954849665368095,-0.14561182232934325,-0.13441587172974478
mean_radius,"['mean_smoothness', 'worst_radius']","['mean_smoothness', 'worst_radius', 'mean_radius']",4,3,0.7491228070175439,1.0,0.8745614035087719,143,-0.07652910469811877,-0.08452774658725298,-0.13441587172974478
mean_radius,"['mean_smoothness', 'worst_texture']","['worst_texture', 'mean_smoothness', 'mean_radius']",6,0,0.0,0.16783625730994145,0.08391812865497073,95,0.012768817524686182,0.0045622659375652574,0.20587252623326868
mean_radius,"['mean_smoothness', 'worst_texture']","['worst_texture', 'mean_smoothness', 'mean_radius']",6,1,0.16783625730994145,0.3339181286549707,0.2508771929824561,95,0.11468249595944803,0.14291148872194848,0.20587252623326868
mean_radius,"['mean_smoothness', 'worst_texture']","['worst_texture', 'mean_smoothness', 'mean_radius']",6,2,0.3339181286549707,0.5,0.41695906432748536,94,0.28215103713563566,0.2603043216502948,0.20587252623326868
mean_radius,"['mean_smoothness', 'worst_texture']","['worst_texture', 'mean_smoothness', 'mean_radius']",6,3,0.5,0.6663742690058477,0.5831871345029238,95,0.33042115524407223,0.3081022261713732,0.20587252623326868
mean_radius,"['mean_smoothness', 'worst_texture']","['worst_texture', 'mean_smoothness', 'mean_radius']",6,4,0.6663742690058477,0.8324561403508772,0.7494152046783624,94,0.28561622005644105,0.2498852848852019,0.20587252623326868
mean_radius,"['mean_smoothness', 'worst_texture']","['worst_texture', 'mean_smoothness', 'mean_radius']",6,5,0.8324561403508772,1.0,0.9162280701754386,96,0.1921895753248496,0.19108400691979655,0.20587252623326868
mean_radius,"['mean_compactness', 'mean_concavity']","['mean_compactness', 'mean_concavity', 'mean_radius']",6,0,0.0,0.16783625730994145,0.08391812865497073,95,-0.16282194848824186,-0.1550797541519302,-0.20816109309636374
mean_radius,"['mean_compactness', 'mean_concavity']","['mean_compactness', 'mean_concavity', 'mean_radius']",6,1,0.16783625730994145,0.3339181286549707,0.2508771929824561,95,-0.11534154535274355,-0.14138794298494473,-0.20816109309636374
mean_radius,"['mean_compactness', 'mean_concavity']","['mean_compactness', 'mean_concavity', 'mean_radius']",6,2,0.3339181286549707,0.5,0.41695906432748536,94,-0.07572637840311142,-0.06829777105548995,-0.20816109309636374
mean_radius,"['mean_compactness', 'mean_concavity']","['mean_compactness', 'mean_concavity', 'mean_radius']",6,3,0.5,0.6660818713450292,0.5830409356725146,95,-0.2909294512877939,-0.27838856301350257,-0.20816109309636374
mean_radius,"['mean_compactness', 'mean_concavity']","['mean_compactness', 'mean_concavity', 'mean_radius']",6,4,0.6660818713450292,0.8321637426900584,0.7491228070175437,95,-0.29003359462486,-0.29091749828330626,-0.20816109309636374
mean_radius,"['mean_compactness', 'mean_concavity']","['mean_compactness', 'mean_concavity', 'mean_radius']",6,5,0.8321637426900584,1.0,0.9160818713450292,95,-0.277491601343785,-0.2970358596441455,-0.20816109309636374
mean_radius,"['mean_compactness', 'mean_concave_points']","['mean_compactness', 'mean_concave_points', 'mean_radius']",4,0,0.0,0.25,0.125,141,-0.31590678824721374,-0.3073168161763557,-0.3323349587861085
mean_radius,"['mean_compactness', 'mean_concave_points']","['mean_compactness', 'mean_concave_points', 'mean_radius']",4,1,0.25,0.5,0.375,143,-0.259529203191175,-0.2569693615628817,-0.3323349587861085
mean_radius,"['mean_compactness', 'mean_concave_points']","['mean_compactness', 'mean_concave_points', 'mean_radius']",4,2,0.5,0.7491228070175439,0.6245614035087719,142,-0.34591948856258115,-0.38101073352886755,-0.3323349587861085
mean_radius,"['mean_compactness', 'mean_concave_points']","['mean_compactness', 'mean_concave_points', 'mean_radius']",4,3,0.7491228070175439,1.0,0.8745614035087719,143,-0.4439082044715847,-0.4013479005631416,-0.3323349587861085
mean_radius,"['mean_compactness', 'mean_symmetry']","['mean_symmetry', 'mean_compactness', 'mean_radius']",1,0,0.0,1.0,0.5,569,-0.15463254040941607,-0.1510059038577056,-0.15463254040941607
mean_radius,"['mean_compactness', 'mean_fractal_dimension']","['mean_fractal_dimension', 'mean_compactness', 'mean_radius']",6,0,0.0,0.16783625730994145,0.08391812865497073,95,-0.6188129899216125,-0.6396552973617521,-0.6449293299339092
mean_radius,"['mean_compactness', 'mean_fractal_dimension']","['mean_fractal_dimension', 'mean_compactness', 'mean_radius']",6,1,0.16783625730994145,0.3339181286549707,0.2508771929824561,95,-0.6600223964165732,-0.6739787527829676,-0.6449293299339092
mean_radius,"['mean_compactness', 'mean_fractal_dimension']","['mean_fractal_dimension', 'mean_compactness', 'mean_radius']",6,2,0.3339181286549707,0.5,0.41695906432748536,94,-0.743765728666209,-0.72300755800127,-0.6449293299339092
mean_radius,"['mean_compactness', 'mean_fractal_dimension']","['mean_fractal_dimension', 'mean_compactness', 'mean_radius']",6,3,0.5,0.6660818713450292,0.5830409356725146,95,-0.612541993281075,-0.5998955245597724,-0.6449293299339092
mean_radius,"['mean_compactness', 'mean_fractal_dimension']","['mean_fractal_dimension', 'mean_compactness', 'mean_radius']",6,4,0.6660818713450292,0.8315789473684211,0.7488304093567251,95,-0.7061590145576707,-0.6128241901135942,-0.6449293299339092
mean_radius,"['mean_compactness', 'mean_fractal_dimension']","['mean_fractal_dimension', 'mean_compactness', 'mean_radius']",6,5,0.8315789473684211,1.0,0.9157894736842105,95,-0.5722284434490481,-0.5889137549275409,-0.6449293299339092
mean_radius,"['mean_compactness', 'radius_error']","['mean_compactness', 'radius_error', 'mean_radius']",1,0,0.0,1.0,0.5,569,0.15828362088170497,0.1570533070379684,0.15828362088170497
mean_radius,"['mean_compactness', 'texture_error']","['texture_error', 'mean_compactness', 'mean_radius']",4,0,0.0,0.2508771929824561,0.12543859649122804,142,-0.18765926703523989,-0.11464414999371722,-0.12917082046314354
mean_radius,"['mean_compactness', 'texture_error']","['texture_error', 'mean_compactness', 'mean_radius']",4,1,0.2508771929824561,0.5,0.375438596491228,142,-0.18371628463303072,-0.1719701544991908,-0.12917082046314354
mean_radius,"['mean_compactness', 'texture_error']","['texture_error', 'mean_compactness', 'mean_radius']",4,2,0.5,0.7482456140350877,0.6241228070175439,141,-0.11968584118612159,-0.10592864428357804,-0.12917082046314354
mean_radius,"['mean_compactness', 'texture_error']","['texture_error', 'mean_compactness', 'mean_radius']",4,3,0.7482456140350877,1.0,0.8741228070175439,144,-0.05391752235573922,-0.06009740260849042,-0.12917082046314354
mean_radius,"['mean_compactness', 'worst_radius']","['mean_compactness', 'worst_radius', 'mean_radius']",1,0,0.0,1.0,0.5,569,-0.09719948884761759,-0.07359559493435963,-0.09719948884761759
mean_radius,"['mean_compactness', 'worst_texture']","['worst_texture', 'mean_compactness', 'mean_radius']",6,0,0.0,0.16783625730994145,0.08391812865497073,95,0.035610302351623734,0.03165846890101284,0.1296814277581128
mean_radius,"['mean_compactness', 'worst_texture']","['worst_texture', 'mean_compactness', 'mean_radius']",6,1,0.16783625730994145,0.3339181286549707,0.2508771929824561,95,0.06024636058230683,0.06389081972759882,0.1296814277581128
mean_radius,"['mean_compactness', 'worst_texture']","['worst_texture', 'mean_compactness', 'mean_radius']",6,2,0.3339181286549707,0.5,0.41695906432748536,94,0.131548844657973,0.13861635069103478,0.1296814277581128
mean_radius,"['mean_compactness', 'worst_texture']","['worst_texture', 'mean_compactness', 'mean_radius']",6,3,0.5,0.6660818713450292,0.5830409356725146,95,0.2694288913773796,0.27993314863773394,0.1296814277581128
mean_radius,"['mean_compactness', 'worst_texture']","['worst_texture', 'mean_compactness', 'mean_radius']",6,4,0.6660818713450292,0.8315789473684211,0.7488304093567251,95,0.11310190369540872,0.05768973694935834,0.1296814277581128
mean_radius,"['mean_compactness', 'worst_texture']","['worst_texture', 'mean_compactness', 'mean_radius']",6,5,0.8315789473684211,1.0,0.9157894736842105,95,0.14535274356103023,0.1564031387576608,0.1296814277581128
mean_radius,"['mean_concave_points', 'mean_concavity']","['mean_concavity', 'mean_concave_points', 'mean_radius']",4,0,0.0,0.25,0.125,141,-0.12348790079676453,-0.09941887204848056,-0.16414021535841855
mean_radius,"['mean_concave_points', 'mean_concavity']","['mean_concavity', 'mean_concave_points', 'mean_radius']",4,1,0.25,0.5,0.375,143,-0.16674874421353292,-0.173216288009019,-0.16414021535841855
mean_radius,"['mean_concave_points', 'mean_concavity']","['mean_concavity', 'mean_concave_points', 'mean_radius']",4,2,0.5,0.7491228070175439,0.6245614035087719,142,-0.14334232344421136,-0.15063056044193374,-0.16414021535841855
mean_radius,"['mean_concave_points', 'mean_concavity']","['mean_concavity', 'mean_concave_points', 'mean_radius']",4,3,0.7491228070175439,1.0,0.8745614035087719,143,-0.25302866147936565,-0.18869180220526807,-0.16414021535841855
mean_radius,"['mean_concavity', 'mean_symmetry']","['mean_symmetry', 'mean_concavity', 'mean_radius']",6,0,0.0,0.16783625730994145,0.08391812865497073,95,-0.38589025755879053,-0.36156087594208935,-0.2032847347706626
mean_radius,"['mean_concavity', 'mean_symmetry']","['mean_symmetry', 'mean_concavity', 'mean_radius']",6,1,0.16783625730994145,0.3339181286549707,0.2508771929824561,95,-0.08264277715565509,-0.0986312129837823,-0.2032847347706626
mean_radius,"['mean_concavity', 'mean_symmetry']","['mean_symmetry', 'mean_concavity', 'mean_radius']",6,2,0.3339181286549707,0.5,0.41695906432748536,94,-0.16220544497826583,-0.180022709061179,-0.2032847347706626
mean_radius,"['mean_concavity', 'mean_symmetry']","['mean_symmetry', 'mean_concavity', 'mean_radius']",6,3,0.5,0.6660818713450292,0.5830409356725146,95,-0.08085106382978723,-0.09069977607711976,-0.2032847347706626
mean_radius,"['mean_concavity', 'mean_symmetry']","['mean_symmetry', 'mean_concavity', 'mean_radius']",6,4,0.6660818713450292,0.8321637426900584,0.7491228070175437,95,-0.20268756998880177,-0.16341441549156777,-0.2032847347706626
mean_radius,"['mean_concavity', 'mean_symmetry']","['mean_symmetry', 'mean_concavity', 'mean_radius']",6,5,0.8321637426900584,1.0,0.9160818713450292,95,-0.30436730123180283,-0.29727448089619457,-0.2032847347706626
mean_radius,"['mean_concavity', 'mean_fractal_dimension']","['mean_fractal_dimension', 'mean_concavity', 'mean_radius']",6,0,0.0,0.16783625730994145,0.08391812865497073,95,-0.5574468085106382,-0.5922688848831705,-0.5661402509963117
mean_radius,"['mean_concavity', 'mean_fractal_dimension']","['mean_fractal_dimension', 'mean_concavity', 'mean_radius']",6,1,0.16783625730994145,0.3339181286549707,0.2508771929824561,95,-0.5229563269876819,-0.5682388587008352,-0.5661402509963117
mean_radius,"['mean_concavity', 'mean_fractal_dimension']","['mean_fractal_dimension', 'mean_concavity', 'mean_radius']",6,2,0.3339181286549707,0.5,0.41695906432748536,94,-0.5209334248455731,-0.5486764034789321,-0.5661402509963117
mean_radius,"['mean_concavity', 'mean_fractal_dimension']","['mean_fractal_dimension', 'mean_concavity', 'mean_radius']",6,3,0.5,0.6660818713450292,0.5830409356725146,95,-0.5650615901455767,-0.5344502255188224,-0.5661402509963117
mean_radius,"['mean_concavity', 'mean_fractal_dimension']","['mean_fractal_dimension', 'mean_concavity', 'mean_radius']",6,4,0.6660818713450292,0.8321637426900584,0.7491228070175437,95,-0.6662933930571108,-0.6097075875813082,-0.5661402509963117
mean_radius,"['mean_concavity', 'mean_fractal_dimension']","['mean_fractal_dimension', 'mean_concavity', 'mean_radius']",6,5,0.8321637426900584,1.0,0.9160818713450292,95,-0.5583426651735722,-0.5032092777921509,-0.5661402509963117
mean_radius,"['mean_concavity', 'radius_error']","['mean_concavity', 'radius_error', 'mean_radius']",1,0,0.0,1.0,0.5,569,0.2887200178222233,0.29134508286789607,0.2887200178222233
mean_radius,"['mean_concavity', 'texture_error']","['texture_error', 'mean_concavity', 'mean_radius']",1,0,0.0,1.0,0.5,569,-0.15736929952543785,-0.14972407983729794,-0.15736929952543785
mean_radius,"['mean_concavity', 'worst_radius']","['mean_concavity', 'worst_radius', 'mean_radius']",1,0,0.0,1.0,0.5,569,-0.035551732566980514,0.0,-0.035551732566980514
mean_radius,"['mean_concavity', 'worst_texture']","['mean_concavity', 'worst_texture', 'mean_radius']",1,0,0.0,1.0,0.5,569,0.42158221738161833,0.4209644682210208,0.42158221738161833
mean_radius,"['mean_concave_points', 'mean_symmetry']","['mean_concave_points', 'mean_symmetry', 'mean_radius']",3,0,0.0,0.3339181286549707,0.16695906432748536,190,0.41687552213868,0.5168752887293061,0.6022921359439589
mean_radius,"['mean_concave_points', 'mean_symmetry']","['mean_concave_points', 'mean_symmetry', 'mean_radius']",3,1,0.3339181286549707,0.6657894736842104,0.49985380116959055,189,0.6652031971180907,0.6142102657715888,0.6022921359439589
mean_radius,"['mean_concave_points', 'mean_symmetry']","['mean_concave_points', 'mean_symmetry', 'mean_radius']",3,2,0.6657894736842104,1.0,0.8328947368421051,190,0.6834307992202728,0.6473043164368916,0.6022921359439589
mean_radius,"['mean_concave_points', 'mean_fractal_dimension']","['mean_fractal_dimension', 'mean_concave_points', 'mean_radius']",4,0,0.0,0.25,0.125,141,-0.6261398176291794,-0.6230882883421562,-0.5894081536671699
mean_radius,"['mean_concave_points', 'mean_fractal_dimension']","['mean_fractal_dimension', 'mean_concave_points', 'mean_radius']",4,1,0.25,0.5,0.375,143,-0.551462621885157,-0.5211876281516246,-0.5894081536671699
mean_radius,"['mean_concave_points', 'mean_fractal_dimension']","['mean_fractal_dimension', 'mean_concave_points', 'mean_radius']",4,2,0.5,0.7491228070175439,0.6245614035087719,142,-0.6014384177404855,-0.5457026158220483,-0.5894081536671699
mean_radius,"['mean_concave_points', 'mean_fractal_dimension']","['mean_fractal_dimension', 'mean_concave_points', 'mean_radius']",4,3,0.7491228070175439,1.0,0.8745614035087719,143,-0.6022850389047572,-0.5862078597059733,-0.5894081536671699
mean_radius,"['mean_concave_points', 'radius_error']","['radius_error', 'mean_concave_points', 'mean_radius']",2,0,0.0,0.5,0.25,284,-0.033096103120489724,4.8767646230449755e-06,0.10412386445209039
mean_radius,"['mean_concave_points', 'radius_error']","['radius_error', 'mean_concave_points', 'mean_radius']",2,1,0.5,1.0,0.75,285,0.2446256486286138,0.22701949028592883,0.10412386445209039
mean_radius,"['mean_concave_points', 'texture_error']","['texture_error', 'mean_concave_points', 'mean_radius']",1,0,0.0,1.0,0.5,569,-0.15463362618357349,-0.1548479160614449,-0.15463362618357349
mean_radius,"['mean_concave_points', 'worst_radius']","['mean_concave_points', 'worst_radius', 'mean_radius']",2,0,0.0,0.5008771929824561,0.25043859649122807,284,-0.030135247790714012,0.012432084810708184,0.02224690662807571
mean_radius,"['mean_concave_points', 'worst_radius']","['mean_concave_points', 'worst_radius', 'mean_radius']",2,1,0.5008771929824561,1.0,0.7504385964912281,285,0.08139362490733877,0.10288843091621631,0.02224690662807571
mean_radius,"['mean_concave_points', 'worst_texture']","['worst_texture', 'mean_concave_points', 'mean_radius']",1,0,0.0,1.0,0.5,569,0.07609099235129582,0.06897202702073221,0.07609099235129582
mean_radius,"['mean_fractal_dimension', 'mean_symmetry']","['mean_fractal_dimension', 'mean_symmetry', 'mean_radius']",1,0,0.0,1.0,0.5,569,-0.3241911928513082,-0.3288483312323402,-0.3241911928513082
mean_radius,"['mean_symmetry', 'radius_error']","['mean_symmetry', 'radius_error', 'mean_radius']",5,0,0.0,0.20105263157894734,0.10052631578947367,114,-0.13181183046110853,-0.14123728768977106,-0.07201910938389564
mean_radius,"['mean_symmetry', 'radius_error']","['mean_symmetry', 'radius_error', 'mean_radius']",5,1,0.20105263157894734,0.4003508771929825,0.3007017543859649,114,-0.08275112560161466,-0.14143137204214845,-0.07201910938389564
mean_radius,"['mean_symmetry', 'radius_error']","['mean_symmetry', 'radius_error', 'mean_radius']",5,2,0.4003508771929825,0.5996491228070177,0.5000000000000001,113,-0.0041087231352718075,-0.030139172907202017,-0.07201910938389564
mean_radius,"['mean_symmetry', 'radius_error']","['mean_symmetry', 'radius_error', 'mean_radius']",5,3,0.5996491228070177,0.7989473684210527,0.6992982456140352,114,-0.11380220462661078,-0.06598521058767819,-0.07201910938389564
mean_radius,"['mean_symmetry', 'radius_error']","['mean_symmetry', 'radius_error', 'mean_radius']",5,4,0.7989473684210527,1.0,0.8994736842105264,114,-0.059152305542617606,-0.06621476331439623,-0.07201910938389564
mean_radius,"['mean_symmetry', 'texture_error']","['mean_symmetry', 'texture_error', 'mean_radius']",3,0,0.0,0.3339181286549707,0.16695906432748536,190,0.19465329991645783,0.22699582652879632,0.08612836951409687
mean_radius,"['mean_symmetry', 'texture_error']","['mean_symmetry', 'texture_error', 'mean_radius']",3,1,0.3339181286549707,0.6657894736842104,0.49985380116959055,189,0.07306090284813689,0.038413016315737035,0.08612836951409687
mean_radius,"['mean_symmetry', 'texture_error']","['mean_symmetry', 'texture_error', 'mean_radius']",3,2,0.6657894736842104,1.0,0.8328947368421051,190,0.015427457532720689,0.05788206189096975,0.08612836951409687
mean_radius,"['mean_symmetry', 'worst_radius']","['mean_symmetry', 'worst_radius', 'mean_radius']",1,0,0.0,1.0,0.5,569,-0.10528139706911044,-0.07401065143888574,-0.10528139706911044
mean_radius,"['mean_symmetry', 'worst_texture']","['worst_texture', 'mean_symmetry', 'mean_radius']",1,0,0.0,1.0,0.5,569,0.19916334562736698,0.2001476676405589,0.19916334562736698
mean_radius,"['mean_fractal_dimension', 'radius_error']","['mean_fractal_dimension', 'radius_error', 'mean_radius']",4,0,0.0,0.2508771929824561,0.12543859649122804,142,-0.3879896257449811,-0.4024462980824585,-0.3036113935284056
mean_radius,"['mean_fractal_dimension', 'radius_error']","['mean_fractal_dimension', 'radius_error', 'mean_radius']",4,1,0.2508771929824561,0.5,0.375438596491228,142,-0.23089220163222277,-0.285538071227929,-0.3036113935284056
mean_radius,"['mean_fractal_dimension', 'radius_error']","['mean_fractal_dimension', 'radius_error', 'mean_radius']",4,2,0.5,0.7491228070175439,0.6245614035087719,142,-0.32101109642766407,-0.261129450370624,-0.3036113935284056
mean_radius,"['mean_fractal_dimension', 'radius_error']","['mean_fractal_dimension', 'radius_error', 'mean_radius']",4,3,0.7491228070175439,1.0,0.8745614035087719,143,-0.2745812927818277,-0.19066720800701567,-0.3036113935284056
mean_radius,"['mean_fractal_dimension', 'texture_error']","['mean_fractal_dimension', 'texture_error', 'mean_radius']",1,0,0.0,1.0,0.5,569,-0.23883016906359067,-0.24442985274018728,-0.23883016906359067
mean_radius,"['mean_fractal_dimension', 'worst_radius']","['worst_radius', 'mean_fractal_dimension', 'mean_radius']",5,0,0.0,0.20105263157894734,0.10052631578947367,114,0.8525073746312686,0.8736987485835976,0.8779177702418376
mean_radius,"['mean_fractal_dimension', 'worst_radius']","['worst_radius', 'mean_fractal_dimension', 'mean_radius']",5,1,0.20105263157894734,0.3996491228070176,0.3003508771929825,114,0.8754851731097656,0.8765557025501038,0.8779177702418376
mean_radius,"['mean_fractal_dimension', 'worst_radius']","['worst_radius', 'mean_fractal_dimension', 'mean_radius']",5,2,0.3996491228070176,0.5996491228070177,0.4996491228070176,113,0.8979140328697851,0.8845975847346141,0.8779177702418376
mean_radius,"['mean_fractal_dimension', 'worst_radius']","['worst_radius', 'mean_fractal_dimension', 'mean_radius']",5,3,0.5996491228070177,0.7989473684210527,0.6992982456140352,114,0.8761061946902655,0.851602110023012,0.8779177702418376
mean_radius,"['mean_fractal_dimension', 'worst_radius']","['worst_radius', 'mean_fractal_dimension', 'mean_radius']",5,4,0.7989473684210527,1.0,0.8994736842105264,114,0.871759043626766,0.8431116237058309,0.8779177702418376
mean_radius,"['mean_fractal_dimension', 'worst_texture']","['worst_texture', 'mean_fractal_dimension', 'mean_radius']",1,0,0.0,1.0,0.5,569,0.2176200475726573,0.22092439895969163,0.2176200475726573
mean_radius,"['radius_error', 'texture_error']","['texture_error', 'radius_error', 'mean_radius']",1,0,0.0,1.0,0.5,569,-0.2726428872001782,-0.2714108018530066,-0.2726428872001782
mean_radius,"['radius_error', 'worst_radius']","['radius_error', 'worst_radius', 'mean_radius']",1,0,0.0,1.0,0.5,569,-0.15702788753474858,-0.15071053861220618,-0.15702788753474858
mean_radius,"['radius_error', 'worst_texture']","['worst_texture', 'radius_error', 'mean_radius']",5,0,0.0,0.20105263157894734,0.10052631578947367,114,-0.0045024064586244375,-0.0062365841174070735,0.13408747741280722
mean_radius,"['radius_error', 'worst_texture']","['worst_texture', 'radius_error', 'mean_radius']",5,1,0.20105263157894734,0.4003508771929825,0.3007017543859649,114,0.09299798167986338,0.11543113476117782,0.13408747741280722
mean_radius,"['radius_error', 'worst_texture']","['worst_texture', 'radius_error', 'mean_radius']",5,2,0.4003508771929825,0.5996491228070177,0.5000000000000001,113,0.12958280657395702,0.1262187153803988,0.13408747741280722
mean_radius,"['radius_error', 'worst_texture']","['worst_texture', 'radius_error', 'mean_radius']",5,3,0.5996491228070177,0.7989473684210527,0.6992982456140352,114,0.2361434559850955,0.18696936995565966,0.13408747741280722
mean_radius,"['radius_error', 'worst_texture']","['worst_texture', 'radius_error', 'mean_radius']",5,4,0.7989473684210527,1.0,0.8994736842105264,114,0.18615121875485177,0.1847757390028846,0.13408747741280722
mean_radius,"['texture_error', 'worst_radius']","['texture_error', 'worst_radius', 'mean_radius']",1,0,0.0,1.0,0.5,569,0.014820957266826517,0.07789500885132594,0.014820957266826517
mean_radius,"['texture_error', 'worst_texture']","['worst_texture', 'texture_error', 'mean_radius']",5,0,0.0,0.20105263157894734,0.10052631578947367,114,0.368421052631579,0.43087261879331173,0.3126438773236961
mean_radius,"['texture_error', 'worst_texture']","['worst_texture', 'texture_error', 'mean_radius']",5,1,0.20105263157894734,0.4003508771929825,0.3007017543859649,114,0.3296072038503339,0.33546248822851776,0.3126438773236961
mean_radius,"['texture_error', 'worst_texture']","['worst_texture', 'texture_error', 'mean_radius']",5,2,0.4003508771929825,0.5996491228070177,0.5000000000000001,113,0.4096080910240202,0.38244429553660375,0.3126438773236961
mean_radius,"['texture_error', 'worst_texture']","['worst_texture', 'texture_error', 'mean_radius']",5,3,0.5996491228070177,0.7992982456140352,0.6994736842105265,114,0.2519795062878435,0.2413144489495429,0.3126438773236961
mean_radius,"['texture_error', 'worst_texture']","['worst_texture', 'texture_error', 'mean_radius']",5,4,0.7992982456140352,1.0,0.8996491228070176,114,0.22993324018009628,0.2123015924752214,0.3126438773236961
mean_radius,"['worst_radius', 'worst_texture']","['worst_texture', 'worst_radius', 'mean_radius']",1,0,0.0,1.0,0.5,569,-0.15856258373607343,-0.1635392615509806,-0.15856258373607343
mean_texture,"['mean_radius', 'mean_smoothness']","['mean_smoothness', 'mean_radius', 'mean_texture']",1,0,0.0,1.0,0.5,569,-0.014963241664397631,0.0,-0.014963241664397631
mean_texture,"['mean_compactness', 'mean_radius']","['mean_radius', 'mean_compactness', 'mean_texture']",6,0,0.0,0.16783625730994145,0.08391812865497073,95,0.020828667413213885,0.006303019998171259,0.15183544147132355
mean_texture,"['mean_compactness', 'mean_radius']","['mean_radius', 'mean_compactness', 'mean_texture']",6,1,0.16783625730994145,0.3339181286549707,0.2508771929824561,95,0.05890257558790593,0.06290676665690538,0.15183544147132355
mean_texture,"['mean_compactness', 'mean_radius']","['mean_radius', 'mean_compactness', 'mean_texture']",6,2,0.3339181286549707,0.5,0.41695906432748536,94,0.13337908945321436,0.1428398300821077,0.15183544147132355
mean_texture,"['mean_compactness', 'mean_radius']","['mean_radius', 'mean_compactness', 'mean_texture']",6,3,0.5,0.6660818713450292,0.5830409356725146,95,0.32900335946248593,0.31862936171686673,0.15183544147132355
mean_texture,"['mean_compactness', 'mean_radius']","['mean_radius', 'mean_compactness', 'mean_texture']",6,4,0.6660818713450292,0.8315789473684211,0.7488304093567251,95,0.14132138857782753,0.08430887068409325,0.15183544147132355
mean_texture,"['mean_compactness', 'mean_radius']","['mean_radius', 'mean_compactness', 'mean_texture']",6,5,0.8315789473684211,1.0,0.9157894736842105,95,0.24165733482642773,0.23097880122603615,0.15183544147132355
mean_texture,"['mean_concavity', 'mean_radius']","['mean_concavity', 'mean_radius', 'mean_texture']",1,0,0.0,1.0,0.5,569,0.10732938934132032,0.11054581872335056,0.10732938934132032
mean_texture,"['mean_concave_points', 'mean_radius']","['mean_concave_points', 'mean_radius', 'mean_texture']",1,0,0.0,1.0,0.5,569,0.04232778039060372,0.0,0.04232778039060372
mean_texture,"['mean_radius', 'mean_symmetry']","['mean_symmetry', 'mean_radius', 'mean_texture']",1,0,0.0,1.0,0.5,569,0.05084284264461991,0.04852261683621749,0.05084284264461991
mean_texture,"['mean_fractal_dimension', 'mean_radius']","['mean_radius', 'mean_fractal_dimension', 'mean_texture']",1,0,0.0,1.0,0.5,569,0.23120898164569628,0.23708485292962855,0.23120898164569628
mean_texture,"['mean_radius', 'radius_error']","['mean_radius', 'radius_error', 'mean_texture']",5,0,0.0,0.20105263157894734,0.10052631578947367,114,0.029032758888371372,0.03714327505875126,0.12226787791777025
mean_texture,"['mean_radius', 'radius_error']","['mean_radius', 'radius_error', 'mean_texture']",5,1,0.20105263157894734,0.4003508771929825,0.3007017543859649,114,0.09237696009936346,0.10335551808220478,0.12226787791777025
mean_texture,"['mean_radius', 'radius_error']","['mean_radius', 'radius_error', 'mean_texture']",5,2,0.4003508771929825,0.5996491228070177,0.5000000000000001,113,0.07269279393173197,0.07369857994311246,0.12226787791777025
mean_texture,"['mean_radius', 'radius_error']","['mean_radius', 'radius_error', 'mean_texture']",5,3,0.5996491228070177,0.7989473684210527,0.6992982456140352,114,0.2265176214873467,0.20610199338995505,0.12226787791777025
mean_texture,"['mean_radius', 'radius_error']","['mean_radius', 'radius_error', 'mean_texture']",5,4,0.7989473684210527,1.0,0.8994736842105264,114,0.15510013972985562,0.16968740104024826,0.12226787791777025
mean_texture,"['mean_radius', 'texture_error']","['mean_radius', 'texture_error', 'mean_texture']",1,0,0.0,1.0,0.5,569,0.3170251738904428,0.31861109017612876,0.3170251738904428
mean_texture,"['mean_radius', 'worst_radius']","['mean_radius', 'worst_radius', 'mean_texture']",1,0,0.0,1.0,0.5,569,-0.04270539711831724,0.0,-0.04270539711831724
mean_texture,"['mean_radius', 'worst_texture']","['worst_texture', 'mean_radius', 'mean_texture']",3,0,0.0,0.3342105263157894,0.1671052631578947,189,0.703928852865023,0.7011944393430259,0.7210574519171266
mean_texture,"['mean_radius', 'worst_texture']","['worst_texture', 'mean_radius', 'mean_texture']",3,1,0.3342105263157894,0.6660818713450292,0.5001461988304092,190,0.7669729880256195,0.7491090268934427,0.7210574519171266
mean_texture,"['mean_radius', 'worst_texture']","['worst_texture', 'mean_radius', 'mean_texture']",3,2,0.6660818713450292,1.0,0.8330409356725146,190,0.6797549429128377,0.7202819079078504,0.7210574519171266
mean_texture,"['mean_compactness', 'mean_smoothness']","['mean_smoothness', 'mean_compactness', 'mean_texture']",1,0,0.0,1.0,0.5,569,-0.1573306269957177,-0.13521971875613387,-0.1573306269957177
mean_texture,"['mean_concavity', 'mean_smoothness']","['mean_smoothness', 'mean_concavity', 'mean_texture']",6,0,0.0,0.16783625730994145,0.08391812865497073,95,-0.16864501679731242,-0.1407577961952291,-0.12844377336072674
mean_texture,"['mean_concavity', 'mean_smoothness']","['mean_smoothness', 'mean_concavity', 'mean_texture']",6,1,0.16783625730994145,0.3339181286549707,0.2508771929824561,95,-0.06159014557670772,-0.06677213339320431,-0.12844377336072674
mean_texture,"['mean_concavity', 'mean_smoothness']","['mean_smoothness', 'mean_concavity', 'mean_texture']",6,2,0.3339181286549707,0.5,0.41695906432748536,94,-0.07252345001143902,-0.07455016099873557,-0.12844377336072674
mean_texture,"['mean_concavity', 'mean_smoothness']","['mean_smoothness', 'mean_concavity', 'mean_texture']",6,3,0.5,0.6660818713450292,0.5830409356725146,95,-0.23896976483762594,-0.20707054989224072,-0.12844377336072674
mean_texture,"['mean_concavity', 'mean_smoothness']","['mean_smoothness', 'mean_concavity', 'mean_texture']",6,4,0.6660818713450292,0.8321637426900584,0.7491228070175437,95,-0.09473684210526315,-0.141191043256379,-0.12844377336072674
mean_texture,"['mean_concavity', 'mean_smoothness']","['mean_smoothness', 'mean_concavity', 'mean_texture']",6,5,0.8321637426900584,1.0,0.9160818713450292,95,-0.19104143337066068,-0.20234088293044294,-0.12844377336072674
mean_texture,"['mean_concave_points', 'mean_smoothness']","['mean_smoothness', 'mean_concave_points', 'mean_texture']",2,0,0.0,0.5,0.25,284,-0.08525357089533668,-0.08495613204411687,-0.12588182875813755
mean_texture,"['mean_concave_points', 'mean_smoothness']","['mean_smoothness', 'mean_concave_points', 'mean_texture']",2,1,0.5,1.0,0.75,285,-0.16827279466271314,-0.1999457742933343,-0.12588182875813755
mean_texture,"['mean_smoothness', 'mean_symmetry']","['mean_smoothness', 'mean_symmetry', 'mean_texture']",5,0,0.0,0.20105263157894734,0.10052631578947367,114,0.014128240956373236,-0.03912017915856689,-0.035557810836901904
mean_texture,"['mean_smoothness', 'mean_symmetry']","['mean_smoothness', 'mean_symmetry', 'mean_texture']",5,1,0.20105263157894734,0.4,0.3005263157894737,112,-0.02445302445302445,-7.853330632101414e-07,-0.035557810836901904
mean_texture,"['mean_smoothness', 'mean_symmetry']","['mean_smoothness', 'mean_symmetry', 'mean_texture']",5,2,0.4,0.5996491228070177,0.49982456140350884,115,-0.033104500381388256,-8.273248280748216e-07,-0.035557810836901904
mean_texture,"['mean_smoothness', 'mean_symmetry']","['mean_smoothness', 'mean_symmetry', 'mean_texture']",5,3,0.5996491228070177,0.7989473684210527,0.6992982456140352,114,-0.0936190032603633,-0.10372054321411804,-0.035557810836901904
mean_texture,"['mean_smoothness', 'mean_symmetry']","['mean_smoothness', 'mean_symmetry', 'mean_texture']",5,4,0.7989473684210527,1.0,0.8994736842105264,114,-0.006986492780624127,-0.09165076173042841,-0.035557810836901904
mean_texture,"['mean_fractal_dimension', 'mean_smoothness']","['mean_fractal_dimension', 'mean_smoothness', 'mean_texture']",1,0,0.0,1.0,0.5,569,-0.05326639948224188,0.0,-0.05326639948224188
mean_texture,"['mean_smoothness', 'radius_error']","['radius_error', 'mean_smoothness', 'mean_texture']",1,0,0.0,1.0,0.5,569,0.25559824532495634,0.254564838766589,0.25559824532495634
mean_texture,"['mean_smoothness', 'texture_error']","['mean_smoothness', 'texture_error', 'mean_texture']",1,0,0.0,1.0,0.5,569,-0.031077501918364312,-0.05399334849581551,-0.031077501918364312
mean_texture,"['mean_smoothness', 'worst_radius']","['mean_smoothness', 'worst_radius', 'mean_texture']",4,0,0.0,0.25,0.125,141,-0.0988855116514691,-0.10347875887979342,-0.02901061907472957
mean_texture,"['mean_smoothness', 'worst_radius']","['mean_smoothness', 'worst_radius', 'mean_texture']",4,1,0.25,0.5008771929824561,0.37543859649122807,143,-0.07298335467349551,-0.044859300141716775,-0.02901061907472957
mean_texture,"['mean_smoothness', 'worst_radius']","['mean_smoothness', 'worst_radius', 'mean_texture']",4,2,0.5008771929824561,0.7491228070175439,0.625,142,0.050844071521326535,-9.045562037444273e-07,-0.02901061907472957
mean_texture,"['mean_smoothness', 'worst_radius']","['mean_smoothness', 'worst_radius', 'mean_texture']",4,3,0.7491228070175439,1.0,0.8745614035087719,143,-0.05092091007583965,-0.059283097488538716,-0.02901061907472957
mean_texture,"['mean_smoothness', 'worst_texture']","['worst_texture', 'mean_smoothness', 'mean_texture']",4,0,0.0,0.2508771929824561,0.12543859649122804,142,0.7917229058867061,0.7777180544765884,0.7412926906699541
mean_texture,"['mean_smoothness', 'worst_texture']","['worst_texture', 'mean_smoothness', 'mean_texture']",4,1,0.2508771929824561,0.5,0.375438596491228,142,0.7275271082884308,0.7111339251502682,0.7412926906699541
mean_texture,"['mean_smoothness', 'worst_texture']","['worst_texture', 'mean_smoothness', 'mean_texture']",4,2,0.5,0.7482456140350877,0.6241228070175439,141,0.7430946236293466,0.7599327897529579,0.7412926906699541
mean_texture,"['mean_smoothness', 'worst_texture']","['worst_texture', 'mean_smoothness', 'mean_texture']",4,3,0.7482456140350877,1.0,0.8741228070175439,144,0.7189504508977355,0.7067111437184004,0.7412926906699541
mean_texture,"['mean_compactness', 'mean_concavity']","['mean_compactness', 'mean_concavity', 'mean_texture']",1,0,0.0,1.0,0.5,569,-0.04000099012351791,0.0,-0.04000099012351791
mean_texture,"['mean_compactness', 'mean_concave_points']","['mean_concave_points', 'mean_compactness', 'mean_texture']",1,0,0.0,1.0,0.5,569,0.08372731998316789,0.08440760584464702,0.08372731998316789
mean_texture,"['mean_compactness', 'mean_symmetry']","['mean_symmetry', 'mean_compactness', 'mean_texture']",1,0,0.0,1.0,0.5,569,-0.0319314834525607,0.0,-0.0319314834525607
mean_texture,"['mean_compactness', 'mean_fractal_dimension']","['mean_compactness', 'mean_fractal_dimension', 'mean_texture']",1,0,0.0,1.0,0.5,569,0.240333289935856,0.24183002225340522,0.240333289935856
mean_texture,"['mean_compactness', 'radius_error']","['radius_error', 'mean_compactness', 'mean_texture']",4,0,0.0,0.2508771929824561,0.12543859649122804,142,0.131755069423634,0.1281262517256727,0.17897720240600012
mean_texture,"['mean_compactness', 'radius_error']","['radius_error', 'mean_compactness', 'mean_texture']",4,1,0.2508771929824561,0.5,0.375438596491228,142,0.26321046848466684,0.2600338706558829,0.17897720240600012
mean_texture,"['mean_compactness', 'radius_error']","['radius_error', 'mean_compactness', 'mean_texture']",4,2,0.5,0.7482456140350877,0.6241228070175439,141,0.23242147922998985,0.23023447294048216,0.17897720240600012
mean_texture,"['mean_compactness', 'radius_error']","['radius_error', 'mean_compactness', 'mean_texture']",4,3,0.7482456140350877,1.0,0.8741228070175439,144,0.07964257964257965,0.08897824897509299,0.17897720240600012
mean_texture,"['mean_compactness', 'texture_error']","['texture_error', 'mean_compactness', 'mean_texture']",1,0,0.0,1.0,0.5,569,0.3105670066698427,0.2973980685064764,0.3105670066698427
mean_texture,"['mean_compactness', 'worst_radius']","['mean_compactness', 'worst_radius', 'mean_texture']",1,0,0.0,1.0,0.5,569,0.06935815242951558,0.0,0.06935815242951558
mean_texture,"['mean_compactness', 'worst_texture']","['worst_texture', 'mean_compactness', 'mean_texture']",5,0,0.0,0.20105263157894734,0.10052631578947367,114,0.744760130414532,0.7073226995039482,0.7238297977672714
mean_texture,"['mean_compactness', 'worst_texture']","['worst_texture', 'mean_compactness', 'mean_texture']",5,1,0.20105263157894734,0.4003508771929825,0.3007017543859649,114,0.7550069864927806,0.7491102109294756,0.7238297977672714
mean_texture,"['mean_compactness', 'worst_texture']","['worst_texture', 'mean_compactness', 'mean_texture']",5,2,0.4003508771929825,0.5996491228070177,0.5000000000000001,113,0.743046776232617,0.7561627407373546,0.7238297977672714
mean_texture,"['mean_compactness', 'worst_texture']","['worst_texture', 'mean_compactness', 'mean_texture']",5,3,0.5996491228070177,0.7989473684210527,0.6992982456140352,114,0.7267505045800342,0.7343210462968449,0.7238297977672714
mean_texture,"['mean_compactness', 'worst_texture']","['worst_texture', 'mean_compactness', 'mean_texture']",5,4,0.7989473684210527,1.0,0.8994736842105264,114,0.6755162241887906,0.6934390552295634,0.7238297977672714
mean_texture,"['mean_concave_points', 'mean_concavity']","['mean_concavity', 'mean_concave_points', 'mean_texture']",5,0,0.0,0.20105263157894734,0.10052631578947367,114,0.06826118539361109,0.07871460189814439,0.12495899644225633
mean_texture,"['mean_concave_points', 'mean_concavity']","['mean_concavity', 'mean_concave_points', 'mean_texture']",5,1,0.20105263157894734,0.4003508771929825,0.3007017543859649,114,0.16131035553485484,0.15164873661185396,0.12495899644225633
mean_texture,"['mean_concave_points', 'mean_concavity']","['mean_concavity', 'mean_concave_points', 'mean_texture']",5,2,0.4003508771929825,0.5996491228070177,0.5000000000000001,113,0.06826801517067003,0.09224242931870519,0.12495899644225633
mean_texture,"['mean_concave_points', 'mean_concavity']","['mean_concavity', 'mean_concave_points', 'mean_texture']",5,3,0.5996491228070177,0.7989473684210527,0.6992982456140352,114,0.22620711069709676,0.26137814501007384,0.12495899644225633
mean_texture,"['mean_concave_points', 'mean_concavity']","['mean_concavity', 'mean_concave_points', 'mean_texture']",5,4,0.7989473684210527,1.0,0.8994736842105264,114,0.06784660766961653,0.06604112096589532,0.12495899644225633
mean_texture,"['mean_concavity', 'mean_symmetry']","['mean_symmetry', 'mean_concavity', 'mean_texture']",1,0,0.0,1.0,0.5,569,-0.031807718012822096,0.0,-0.031807718012822096
mean_texture,"['mean_concavity', 'mean_fractal_dimension']","['mean_fractal_dimension', 'mean_concavity', 'mean_texture']",1,0,0.0,1.0,0.5,569,-0.11022550063120375,-0.1196142363422021,-0.11022550063120375
mean_texture,"['mean_concavity', 'radius_error']","['mean_concavity', 'radius_error', 'mean_texture']",1,0,0.0,1.0,0.5,569,0.11513898858882644,0.12279785395675002,0.11513898858882644
mean_texture,"['mean_concavity', 'texture_error']","['mean_concavity', 'texture_error', 'mean_texture']",1,0,0.0,1.0,0.5,569,0.2283491238234074,0.23312289978234269,0.2283491238234074
mean_texture,"['mean_concavity', 'worst_radius']","['worst_radius', 'mean_concavity', 'mean_texture']",1,0,0.0,1.0,0.5,569,0.10666105596673184,0.1146086341189986,0.10666105596673184
mean_texture,"['mean_concavity', 'worst_texture']","['worst_texture', 'mean_concavity', 'mean_texture']",6,0,0.0,0.16783625730994145,0.08391812865497073,95,0.7944008958566628,0.7674790955136658,0.7138666798683134
mean_texture,"['mean_concavity', 'worst_texture']","['worst_texture', 'mean_concavity', 'mean_texture']",6,1,0.16783625730994145,0.3339181286549707,0.2508771929824561,95,0.6940649496080626,0.6701633923922062,0.7138666798683134
mean_texture,"['mean_concavity', 'worst_texture']","['worst_texture', 'mean_concavity', 'mean_texture']",6,2,0.3339181286549707,0.5,0.41695906432748536,94,0.7854037977579501,0.767961884895395,0.7138666798683134
mean_texture,"['mean_concavity', 'worst_texture']","['worst_texture', 'mean_concavity', 'mean_texture']",6,3,0.5,0.6660818713450292,0.5830409356725146,95,0.7164613661814109,0.7441172408472765,0.7138666798683134
mean_texture,"['mean_concavity', 'worst_texture']","['worst_texture', 'mean_concavity', 'mean_texture']",6,4,0.6660818713450292,0.8321637426900584,0.7491228070175437,95,0.6810750279955207,0.7022979217218926,0.7138666798683134
mean_texture,"['mean_concavity', 'worst_texture']","['worst_texture', 'mean_concavity', 'mean_texture']",6,5,0.8321637426900584,1.0,0.9160818713450292,95,0.6604703247480403,0.682177616145917,0.7138666798683134
mean_texture,"['mean_concave_points', 'mean_symmetry']","['mean_symmetry', 'mean_concave_points', 'mean_texture']",1,0,0.0,1.0,0.5,569,-0.018366791257209334,0.0,-0.018366791257209334
mean_texture,"['mean_concave_points', 'mean_fractal_dimension']","['mean_concave_points', 'mean_fractal_dimension', 'mean_texture']",1,0,0.0,1.0,0.5,569,0.21624115434202854,0.2199444061724125,0.21624115434202854
mean_texture,"['mean_concave_points', 'radius_error']","['mean_concave_points', 'radius_error', 'mean_texture']",1,0,0.0,1.0,0.5,569,0.06756355355330577,0.0,0.06756355355330577
mean_texture,"['mean_concave_points', 'texture_error']","['mean_concave_points', 'texture_error', 'mean_texture']",1,0,0.0,1.0,0.5,569,0.21400319075404933,0.21660045394805216,0.21400319075404933
mean_texture,"['mean_concave_points', 'worst_radius']","['mean_concave_points', 'worst_radius', 'mean_texture']",1,0,0.0,1.0,0.5,569,0.013898858882645608,0.0,0.013898858882645608
mean_texture,"['mean_concave_points', 'worst_texture']","['worst_texture', 'mean_concave_points', 'mean_texture']",6,0,0.0,0.16783625730994145,0.08391812865497073,95,0.7818589025755879,0.7651922746057536,0.7189163098096487
mean_texture,"['mean_concave_points', 'worst_texture']","['worst_texture', 'mean_concave_points', 'mean_texture']",6,1,0.16783625730994145,0.3339181286549707,0.2508771929824561,95,0.7124300111982083,0.7067680463105643,0.7189163098096487
mean_texture,"['mean_concave_points', 'worst_texture']","['worst_texture', 'mean_concave_points', 'mean_texture']",6,2,0.3339181286549707,0.5,0.41695906432748536,94,0.7268359643102265,0.7224964092961634,0.7189163098096487
mean_texture,"['mean_concave_points', 'worst_texture']","['worst_texture', 'mean_concave_points', 'mean_texture']",6,3,0.5,0.6660818713450292,0.5830409356725146,95,0.7567749160134378,0.7470117873102546,0.7189163098096487
mean_texture,"['mean_concave_points', 'worst_texture']","['worst_texture', 'mean_concave_points', 'mean_texture']",6,4,0.6660818713450292,0.8321637426900584,0.7491228070175437,95,0.6882418812989921,0.7011083353283719,0.7189163098096487
mean_texture,"['mean_concave_points', 'worst_texture']","['worst_texture', 'mean_concave_points', 'mean_texture']",6,5,0.8321637426900584,1.0,0.9160818713450292,95,0.6806270996640537,0.7042415198564692,0.7189163098096487
mean_texture,"['mean_fractal_dimension', 'mean_symmetry']","['mean_fractal_dimension', 'mean_symmetry', 'mean_texture']",1,0,0.0,1.0,0.5,569,-0.07544741206465506,-0.08749334628467093,-0.07544741206465506
mean_texture,"['mean_symmetry', 'radius_error']","['mean_symmetry', 'radius_error', 'mean_texture']",1,0,0.0,1.0,0.5,569,-0.014134013218148963,0.0,-0.014134013218148963
mean_texture,"['mean_symmetry', 'texture_error']","['mean_symmetry', 'texture_error', 'mean_texture']",1,0,0.0,1.0,0.5,569,0.020842100051981484,0.0,0.020842100051981484
mean_texture,"['mean_symmetry', 'worst_radius']","['mean_symmetry', 'worst_radius', 'mean_texture']",1,0,0.0,1.0,0.5,569,0.036399415827124436,0.04039088284882852,0.036399415827124436
mean_texture,"['mean_symmetry', 'worst_texture']","['mean_symmetry', 'worst_texture', 'mean_texture']",1,0,0.0,1.0,0.5,569,-0.01155969207158593,0.0,-0.01155969207158593
mean_texture,"['mean_fractal_dimension', 'radius_error']","['mean_fractal_dimension', 'radius_error', 'mean_texture']",1,0,0.0,1.0,0.5,569,-0.03923656242638403,0.0,-0.03923656242638403
mean_texture,"['mean_fractal_dimension', 'texture_error']","['mean_fractal_dimension', 'texture_error', 'mean_texture']",1,0,0.0,1.0,0.5,569,-0.11079482165400133,-0.11793922320342547,-0.11079482165400133
mean_texture,"['mean_fractal_dimension', 'worst_radius']","['worst_radius', 'mean_fractal_dimension', 'mean_texture']",1,0,0.0,1.0,0.5,569,0.2458425398532523,0.2505213740990416,0.2458425398532523
mean_texture,"['mean_fractal_dimension', 'worst_texture']","['mean_fractal_dimension', 'worst_texture', 'mean_texture']",1,0,0.0,1.0,0.5,569,-0.03879090341160257,0.0,-0.03879090341160257
mean_texture,"['radius_error', 'texture_error']","['texture_error', 'radius_error', 'mean_texture']",1,0,0.0,1.0,0.5,569,0.26144211490383423,0.25726521302616295,0.26144211490383423
mean_texture,"['radius_error', 'worst_radius']","['worst_radius', 'radius_error', 'mean_texture']",5,0,0.0,0.20105263157894734,0.10052631578947367,114,0.0408321689178699,0.0473886094535346,0.13755290972548823
mean_texture,"['radius_error', 'worst_radius']","['worst_radius', 'radius_error', 'mean_texture']",5,1,0.20105263157894734,0.4003508771929825,0.3007017543859649,114,0.09734513274336283,0.0987414501174454,0.13755290972548823
mean_texture,"['radius_error', 'worst_radius']","['worst_radius', 'radius_error', 'mean_texture']",5,2,0.4003508771929825,0.5996491228070177,0.5000000000000001,113,0.08849557522123892,0.07945578627228272,0.13755290972548823
mean_texture,"['radius_error', 'worst_radius']","['worst_radius', 'radius_error', 'mean_texture']",5,3,0.5996491228070177,0.7989473684210527,0.6992982456140352,114,0.24235367179009473,0.1824039852881733,0.13755290972548823
mean_texture,"['radius_error', 'worst_radius']","['worst_radius', 'radius_error', 'mean_texture']",5,4,0.7989473684210527,1.0,0.8994736842105264,114,0.17963049215960256,0.16403809200898933,0.13755290972548823
mean_texture,"['radius_error', 'worst_texture']","['worst_texture', 'radius_error', 'mean_texture']",1,0,0.0,1.0,0.5,569,0.7263917423698606,0.7277997831226873,0.7263917423698606
mean_texture,"['texture_error', 'worst_radius']","['worst_radius', 'texture_error', 'mean_texture']",1,0,0.0,1.0,0.5,569,0.3367286318968291,0.33998102967394006,0.3367286318968291
mean_texture,"['texture_error', 'worst_texture']","['texture_error', 'worst_texture', 'mean_texture']",1,0,0.0,1.0,0.5,569,-0.02295848907151167,0.0,-0.02295848907151167
mean_texture,"['worst_radius', 'worst_texture']","['worst_texture', 'worst_radius', 'mean_texture']",5,0,0.0,0.20105263157894734,0.10052631578947367,114,0.7509703462195312,0.7437127718574869,0.713817173692418
mean_texture,"['worst_radius', 'worst_texture']","['worst_texture', 'worst_radius', 'mean_texture']",5,1,0.20105263157894734,0.4003508771929825,0.3007017543859649,114,0.6860735910572893,0.6663199591279294,0.713817173692418
mean_texture,"['worst_radius', 'worst_texture']","['worst_texture', 'worst_radius', 'mean_texture']",5,2,0.4003508771929825,0.6003508771929826,0.5003508771929825,113,0.7620101137800253,0.743117935023003,0.713817173692418
mean_texture,"['worst_radius', 'worst_texture']","['worst_texture', 'worst_radius', 'mean_texture']",5,3,0.6003508771929826,0.7989473684210527,0.6996491228070176,114,0.727682036950784,0.7241400323912015,0.713817173692418
mean_texture,"['worst_radius', 'worst_texture']","['worst_texture', 'worst_radius', 'mean_texture']",5,4,0.7989473684210527,1.0,0.8994736842105264,114,0.6609222170470423,0.7197821256648363,0.713817173692418
mean_smoothness,"['mean_radius', 'mean_texture']","['mean_texture', 'mean_radius', 'mean_smoothness']",1,0,0.0,1.0,0.5,569,-0.014963241664397631,0.0,-0.014963241664397631
mean_smoothness,"['mean_compactness', 'mean_radius']","['mean_compactness', 'mean_radius', 'mean_smoothness']",3,0,0.0,0.3342105263157894,0.1671052631578947,189,0.4548013058651356,0.44080232689430715,0.5189732419119284
mean_smoothness,"['mean_compactness', 'mean_radius']","['mean_compactness', 'mean_radius', 'mean_smoothness']",3,1,0.3342105263157894,0.6660818713450292,0.5001461988304092,190,0.5575605680868838,0.468510801894352,0.5189732419119284
mean_smoothness,"['mean_compactness', 'mean_radius']","['mean_compactness', 'mean_radius', 'mean_smoothness']",3,2,0.6660818713450292,1.0,0.8330409356725146,190,0.534057365636313,0.5721596940072224,0.5189732419119284
mean_smoothness,"['mean_concavity', 'mean_radius']","['mean_concavity', 'mean_radius', 'mean_smoothness']",2,0,0.0,0.5,0.25,284,0.30030358831433834,0.29176029165065076,0.415393945394688
mean_smoothness,"['mean_concavity', 'mean_radius']","['mean_concavity', 'mean_radius', 'mean_smoothness']",2,1,0.5,1.0,0.75,285,0.5559673832468496,0.5721508512943496,0.415393945394688
mean_smoothness,"['mean_concave_points', 'mean_radius']","['mean_radius', 'mean_concave_points', 'mean_smoothness']",2,0,0.0,0.5,0.25,284,-0.35549693923256853,-0.3452396652385885,-0.4198618777692517
mean_smoothness,"['mean_concave_points', 'mean_radius']","['mean_radius', 'mean_concave_points', 'mean_smoothness']",2,1,0.5,1.0,0.75,285,-0.49478626142821847,-0.5008581320521547,-0.4198618777692517
mean_smoothness,"['mean_radius', 'mean_symmetry']","['mean_radius', 'mean_symmetry', 'mean_smoothness']",1,0,0.0,1.0,0.5,569,0.05412262679769301,0.06557788356391908,0.05412262679769301
mean_smoothness,"['mean_fractal_dimension', 'mean_radius']","['mean_radius', 'mean_fractal_dimension', 'mean_smoothness']",1,0,0.0,1.0,0.5,569,0.3357261318349464,0.3388973277059696,0.3357261318349464
mean_smoothness,"['mean_radius', 'radius_error']","['mean_radius', 'radius_error', 'mean_smoothness']",1,0,0.0,1.0,0.5,569,-0.05451867620485656,0.0,-0.05451867620485656
mean_smoothness,"['mean_radius', 'texture_error']","['mean_radius', 'texture_error', 'mean_smoothness']",5,0,0.0,0.20105263157894734,0.10052631578947367,114,0.03959012575687005,0.1272372844375248,0.10218074704819424
mean_smoothness,"['mean_radius', 'texture_error']","['mean_radius', 'texture_error', 'mean_smoothness']",5,1,0.20105263157894734,0.4003508771929825,0.3007017543859649,114,0.22185995963359728,0.13612048920669792,0.10218074704819424
mean_smoothness,"['mean_radius', 'texture_error']","['mean_radius', 'texture_error', 'mean_smoothness']",5,2,0.4003508771929825,0.5996491228070177,0.5000000000000001,113,0.02718078381795196,7.98482962941264e-07,0.10218074704819424
mean_smoothness,"['mean_radius', 'texture_error']","['mean_radius', 'texture_error', 'mean_smoothness']",5,3,0.5996491228070177,0.7992982456140352,0.6994736842105265,114,0.17497283030585314,0.10196125658581684,0.10218074704819424
mean_smoothness,"['mean_radius', 'texture_error']","['mean_radius', 'texture_error', 'mean_smoothness']",5,4,0.7992982456140352,1.0,0.8996491228070176,114,0.036485017854370444,0.10513926807420429,0.10218074704819424
mean_smoothness,"['mean_radius', 'worst_radius']","['worst_radius', 'mean_radius', 'mean_smoothness']",1,0,0.0,1.0,0.5,569,0.16609992233774137,0.13916889937086865,0.16609992233774137
mean_smoothness,"['mean_radius', 'worst_texture']","['worst_texture', 'mean_radius', 'mean_smoothness']",1,0,0.0,1.0,0.5,569,0.011596821703507511,0.0,0.011596821703507511
mean_smoothness,"['mean_compactness', 'mean_texture']","['mean_compactness', 'mean_texture', 'mean_smoothness']",6,0,0.0,0.1684210526315789,0.08421052631578944,95,0.5269407713257428,0.4919965512013544,0.5091963020292343
mean_smoothness,"['mean_compactness', 'mean_texture']","['mean_compactness', 'mean_texture', 'mean_smoothness']",6,1,0.1684210526315789,0.3339181286549707,0.2511695906432748,95,0.5010645044001198,0.5093026599172458,0.5091963020292343
mean_smoothness,"['mean_compactness', 'mean_texture']","['mean_compactness', 'mean_texture', 'mean_smoothness']",6,2,0.3339181286549707,0.5,0.41695906432748536,94,0.5191714252921003,0.5374333062536556,0.5091963020292343
mean_smoothness,"['mean_compactness', 'mean_texture']","['mean_compactness', 'mean_texture', 'mean_smoothness']",6,3,0.5,0.6657894736842105,0.5828947368421052,94,0.48003661222502086,0.5085357482217163,0.5091963020292343
mean_smoothness,"['mean_compactness', 'mean_texture']","['mean_compactness', 'mean_texture', 'mean_smoothness']",6,4,0.6657894736842105,0.8315789473684211,0.7486842105263158,96,0.41992105841525357,0.44461045687643164,0.5091963020292343
mean_smoothness,"['mean_compactness', 'mean_texture']","['mean_compactness', 'mean_texture', 'mean_smoothness']",6,5,0.8315789473684211,1.0,0.9157894736842105,95,0.6152123121005485,0.5541335676190147,0.5091963020292343
mean_smoothness,"['mean_concavity', 'mean_texture']","['mean_texture', 'mean_concavity', 'mean_smoothness']",6,0,0.0,0.16783625730994145,0.08391812865497073,95,-0.16864501679731242,-0.140757796194384,-0.12844377336072674
mean_smoothness,"['mean_concavity', 'mean_texture']","['mean_texture', 'mean_concavity', 'mean_smoothness']",6,1,0.16783625730994145,0.3339181286549707,0.2508771929824561,95,-0.06159014557670772,-0.06677213338637866,-0.12844377336072674
mean_smoothness,"['mean_concavity', 'mean_texture']","['mean_texture', 'mean_concavity', 'mean_smoothness']",6,2,0.3339181286549707,0.5,0.41695906432748536,94,-0.07252345001143902,-0.07455016093150135,-0.12844377336072674
mean_smoothness,"['mean_concavity', 'mean_texture']","['mean_texture', 'mean_concavity', 'mean_smoothness']",6,3,0.5,0.6660818713450292,0.5830409356725146,95,-0.23896976483762594,-0.2070705498887777,-0.12844377336072674
mean_smoothness,"['mean_concavity', 'mean_texture']","['mean_texture', 'mean_concavity', 'mean_smoothness']",6,4,0.6660818713450292,0.8321637426900584,0.7491228070175437,95,-0.09473684210526315,-0.14119104325723297,-0.12844377336072674
mean_smoothness,"['mean_concavity', 'mean_texture']","['mean_texture', 'mean_concavity', 'mean_smoothness']",6,5,0.8321637426900584,1.0,0.9160818713450292,95,-0.19104143337066068,-0.20234088293246932,-0.12844377336072674
mean_smoothness,"['mean_concave_points', 'mean_texture']","['mean_texture', 'mean_concave_points', 'mean_smoothness']",2,0,0.0,0.5,0.25,284,-0.08525357089533668,-0.08495613204260685,-0.12588182875813755
mean_smoothness,"['mean_concave_points', 'mean_texture']","['mean_texture', 'mean_concave_points', 'mean_smoothness']",2,1,0.5,1.0,0.75,285,-0.16827279466271314,-0.19994577429330782,-0.12588182875813755
mean_smoothness,"['mean_symmetry', 'mean_texture']","['mean_symmetry', 'mean_texture', 'mean_smoothness']",1,0,0.0,1.0,0.5,569,0.38269582501146726,0.3769532964786536,0.38269582501146726
mean_smoothness,"['mean_fractal_dimension', 'mean_texture']","['mean_fractal_dimension', 'mean_texture', 'mean_smoothness']",1,0,0.0,1.0,0.5,569,0.4170704498865422,0.41809237463377863,0.4170704498865422
mean_smoothness,"['mean_texture', 'radius_error']","['radius_error', 'mean_texture', 'mean_smoothness']",1,0,0.0,1.0,0.5,569,0.23097449337050446,0.24115578474280458,0.23097449337050446
mean_smoothness,"['mean_texture', 'texture_error']","['mean_texture', 'texture_error', 'mean_smoothness']",1,0,0.0,1.0,0.5,569,-0.031077501918364312,-0.05399334849581551,-0.031077501918364312
mean_smoothness,"['mean_texture', 'worst_radius']","['mean_texture', 'worst_radius', 'mean_smoothness']",4,0,0.0,0.25,0.125,141,-0.0988855116514691,-0.10347875885309012,-0.02901061907472957
mean_smoothness,"['mean_texture', 'worst_radius']","['mean_texture', 'worst_radius', 'mean_smoothness']",4,1,0.25,0.5008771929824561,0.37543859649122807,143,-0.07298335467349551,-0.04485930013606233,-0.02901061907472957
mean_smoothness,"['mean_texture', 'worst_radius']","['mean_texture', 'worst_radius', 'mean_smoothness']",4,2,0.5008771929824561,0.7491228070175439,0.625,142,0.050844071521326535,-9.045562037444273e-07,-0.02901061907472957
mean_smoothness,"['mean_texture', 'worst_radius']","['mean_texture', 'worst_radius', 'mean_smoothness']",4,3,0.7491228070175439,1.0,0.8745614035087719,143,-0.05092091007583965,-0.059283097479254095,-0.02901061907472957
mean_smoothness,"['mean_texture', 'worst_texture']","['worst_texture', 'mean_texture', 'mean_smoothness']",3,0,0.0,0.3339181286549707,0.16695906432748536,190,0.03571229794494241,0.058837532372904865,0.0716757621078451
mean_smoothness,"['mean_texture', 'worst_texture']","['worst_texture', 'mean_texture', 'mean_smoothness']",3,1,0.3339181286549707,0.6657894736842105,0.4998538011695906,188,0.0138300004062266,0.011965861903798856,0.0716757621078451
mean_smoothness,"['mean_texture', 'worst_texture']","['worst_texture', 'mean_texture', 'mean_smoothness']",3,2,0.6657894736842105,1.0,0.8328947368421052,191,0.14577533982341714,0.16769703217093979,0.0716757621078451
mean_smoothness,"['mean_compactness', 'mean_concavity']","['mean_concavity', 'mean_compactness', 'mean_smoothness']",3,0,0.0,0.3339181286549707,0.16695906432748536,190,-0.10832637148426622,-0.13201275131336532,-0.15015223149087847
mean_smoothness,"['mean_compactness', 'mean_concavity']","['mean_concavity', 'mean_compactness', 'mean_smoothness']",3,1,0.3339181286549707,0.6660818713450292,0.49999999999999994,189,-0.2907801418439716,-0.1940394557699109,-0.15015223149087847
mean_smoothness,"['mean_compactness', 'mean_concavity']","['mean_concavity', 'mean_compactness', 'mean_smoothness']",3,2,0.6660818713450292,1.0,0.8330409356725146,190,-0.01743247006404901,-0.11120070620085884,-0.15015223149087847
mean_smoothness,"['mean_compactness', 'mean_concave_points']","['mean_compactness', 'mean_concave_points', 'mean_smoothness']",1,0,0.0,1.0,0.5,569,0.3240426743236218,0.28968921578215434,0.3240426743236218
mean_smoothness,"['mean_compactness', 'mean_symmetry']","['mean_symmetry', 'mean_compactness', 'mean_smoothness']",3,0,0.0,0.3339181286549707,0.16695906432748536,190,0.10565302144249512,0.10783291470620125,0.1674793930542835
mean_smoothness,"['mean_compactness', 'mean_symmetry']","['mean_symmetry', 'mean_compactness', 'mean_smoothness']",3,1,0.3339181286549707,0.6660818713450292,0.49999999999999994,189,0.22661263086795,0.19129214281736945,0.1674793930542835
mean_smoothness,"['mean_compactness', 'mean_symmetry']","['mean_symmetry', 'mean_compactness', 'mean_smoothness']",3,2,0.6660818713450292,1.0,0.8330409356725146,190,0.1748259537733222,0.18446286154683797,0.1674793930542835
mean_smoothness,"['mean_compactness', 'mean_fractal_dimension']","['mean_fractal_dimension', 'mean_compactness', 'mean_smoothness']",1,0,0.0,1.0,0.5,569,0.2774202331740885,0.25328946607319486,0.2774202331740885
mean_smoothness,"['mean_compactness', 'radius_error']","['radius_error', 'mean_compactness', 'mean_smoothness']",1,0,0.0,1.0,0.5,569,-0.026027871977029132,0.0,-0.026027871977029132
mean_smoothness,"['mean_compactness', 'texture_error']","['mean_compactness', 'texture_error', 'mean_smoothness']",1,0,0.0,1.0,0.5,569,0.4917223181214574,0.4896925522591758,0.4917223181214574
mean_smoothness,"['mean_compactness', 'worst_radius']","['mean_compactness', 'worst_radius', 'mean_smoothness']",3,0,0.0,0.3342105263157893,0.16710526315789465,190,0.4475076580339738,0.4223836626538241,0.5176365751627515
mean_smoothness,"['mean_compactness', 'worst_radius']","['mean_compactness', 'worst_radius', 'mean_smoothness']",3,1,0.3342105263157893,0.6660818713450292,0.5001461988304092,189,0.5459867161994821,0.4841612753306022,0.5176365751627515
mean_smoothness,"['mean_compactness', 'worst_radius']","['mean_compactness', 'worst_radius', 'mean_smoothness']",3,2,0.6660818713450292,1.0,0.8330409356725146,190,0.5417432470064049,0.5762527669207255,0.5176365751627515
mean_smoothness,"['mean_compactness', 'worst_texture']","['worst_texture', 'mean_compactness', 'mean_smoothness']",1,0,0.0,1.0,0.5,569,-0.1178989578949974,-0.11978637785706744,-0.1178989578949974
mean_smoothness,"['mean_concave_points', 'mean_concavity']","['mean_concave_points', 'mean_concavity', 'mean_smoothness']",1,0,0.0,1.0,0.5,569,0.14258745007151857,0.1372242139702482,0.14258745007151857
mean_smoothness,"['mean_concavity', 'mean_symmetry']","['mean_concavity', 'mean_symmetry', 'mean_smoothness']",1,0,0.0,1.0,0.5,569,0.24296393475086014,0.24371460476355794,0.24296393475086014
mean_smoothness,"['mean_concavity', 'mean_fractal_dimension']","['mean_concavity', 'mean_fractal_dimension', 'mean_smoothness']",2,0,0.0,0.5,0.25,284,0.45956303190165726,0.4428117864526596,0.33410480457437064
mean_smoothness,"['mean_concavity', 'mean_fractal_dimension']","['mean_concavity', 'mean_fractal_dimension', 'mean_smoothness']",2,1,0.5,1.0,0.75,285,0.2213985668396343,0.2087778376814933,0.33410480457437064
mean_smoothness,"['mean_concavity', 'radius_error']","['mean_concavity', 'radius_error', 'mean_smoothness']",3,0,0.0,0.3342105263157894,0.1671052631578947,190,0.21693121693121692,0.24434818017951088,0.30704967944751105
mean_smoothness,"['mean_concavity', 'radius_error']","['mean_concavity', 'radius_error', 'mean_smoothness']",3,1,0.3342105263157894,0.6666666666666665,0.5004385964912279,189,0.3266914330744118,0.3283103422473077,0.30704967944751105
mean_smoothness,"['mean_concavity', 'radius_error']","['mean_concavity', 'radius_error', 'mean_smoothness']",3,2,0.6666666666666665,1.0,0.8333333333333333,190,0.3941520467836257,0.38431798932736166,0.30704967944751105
mean_smoothness,"['mean_concavity', 'texture_error']","['mean_concavity', 'texture_error', 'mean_smoothness']",1,0,0.0,1.0,0.5,569,0.36200724092050984,0.3588537600219233,0.36200724092050984
mean_smoothness,"['mean_concavity', 'worst_radius']","['mean_concavity', 'worst_radius', 'mean_smoothness']",4,0,0.0,0.25,0.125,141,0.1714285714285714,0.1796588431398929,0.39239832669125474
mean_smoothness,"['mean_concavity', 'worst_radius']","['mean_concavity', 'worst_radius', 'mean_smoothness']",4,1,0.25,0.5008771929824561,0.37543859649122807,143,0.37102334285432875,0.39326183129054676,0.39239832669125474
mean_smoothness,"['mean_concavity', 'worst_radius']","['mean_concavity', 'worst_radius', 'mean_smoothness']",4,2,0.5008771929824561,0.7491228070175439,0.625,142,0.5001498351813005,0.49136041030020555,0.39239832669125474
mean_smoothness,"['mean_concavity', 'worst_radius']","['mean_concavity', 'worst_radius', 'mean_smoothness']",4,3,0.7491228070175439,1.0,0.8745614035087719,143,0.5282182606126268,0.564636722155782,0.39239832669125474
mean_smoothness,"['mean_concavity', 'worst_texture']","['worst_texture', 'mean_concavity', 'mean_smoothness']",1,0,0.0,1.0,0.5,569,-0.08729176464763978,-0.08098306626505765,-0.08729176464763978
mean_smoothness,"['mean_concave_points', 'mean_symmetry']","['mean_symmetry', 'mean_concave_points', 'mean_smoothness']",5,0,0.0,0.20105263157894734,0.10052631578947367,114,0.23428039124359576,0.21857792637254592,0.2765291220079705
mean_smoothness,"['mean_concave_points', 'mean_symmetry']","['mean_symmetry', 'mean_concave_points', 'mean_smoothness']",5,1,0.20105263157894734,0.4003508771929825,0.3007017543859649,114,0.16783108213010403,0.18000717621700785,0.2765291220079705
mean_smoothness,"['mean_concave_points', 'mean_symmetry']","['mean_symmetry', 'mean_concave_points', 'mean_smoothness']",5,2,0.4003508771929825,0.5996491228070177,0.5000000000000001,113,0.3988621997471555,0.4286457077330043,0.2765291220079705
mean_smoothness,"['mean_concave_points', 'mean_symmetry']","['mean_symmetry', 'mean_concave_points', 'mean_smoothness']",5,3,0.5996491228070177,0.7989473684210527,0.6992982456140352,114,0.3128396211768359,0.25946622831371824,0.2765291220079705
mean_smoothness,"['mean_concave_points', 'mean_symmetry']","['mean_symmetry', 'mean_concave_points', 'mean_smoothness']",5,4,0.7989473684210527,1.0,0.8994736842105264,114,0.2774413910883403,0.3590030810537049,0.2765291220079705
mean_smoothness,"['mean_concave_points', 'mean_fractal_dimension']","['mean_fractal_dimension', 'mean_concave_points', 'mean_smoothness']",1,0,0.0,1.0,0.5,569,0.4565583306517488,0.4605405653759119,0.4565583306517488
mean_smoothness,"['mean_concave_points', 'radius_error']","['mean_concave_points', 'radius_error', 'mean_smoothness']",1,0,0.0,1.0,0.5,569,0.35358548478922747,0.3603865143806251,0.35358548478922747
mean_smoothness,"['mean_concave_points', 'texture_error']","['mean_concave_points', 'texture_error', 'mean_smoothness']",1,0,0.0,1.0,0.5,569,0.3995568077285774,0.394621443751929,0.3995568077285774
mean_smoothness,"['mean_concave_points', 'worst_radius']","['worst_radius', 'mean_concave_points', 'mean_smoothness']",4,0,0.0,0.25,0.125,141,-0.3890577507598784,-0.3608693892249282,-0.3659496522191143
mean_smoothness,"['mean_concave_points', 'worst_radius']","['worst_radius', 'mean_concave_points', 'mean_smoothness']",4,1,0.25,0.5,0.375,143,-0.3034571062740076,-0.2922723402660651,-0.3659496522191143
mean_smoothness,"['mean_concave_points', 'worst_radius']","['worst_radius', 'mean_concave_points', 'mean_smoothness']",4,2,0.5,0.7491228070175439,0.6245614035087719,142,-0.41664169413644986,-0.42790536658707634,-0.3659496522191143
mean_smoothness,"['mean_concave_points', 'worst_radius']","['worst_radius', 'mean_concave_points', 'mean_smoothness']",4,3,0.7491228070175439,1.0,0.8745614035087719,143,-0.4043139958632916,-0.4071375921669004,-0.3659496522191143
mean_smoothness,"['mean_concave_points', 'worst_texture']","['worst_texture', 'mean_concave_points', 'mean_smoothness']",1,0,0.0,1.0,0.5,569,-0.08720512883982276,-0.07401690537134221,-0.08720512883982276
mean_smoothness,"['mean_fractal_dimension', 'mean_symmetry']","['mean_symmetry', 'mean_fractal_dimension', 'mean_smoothness']",1,0,0.0,1.0,0.5,569,0.2785960048516052,0.2777466389062626,0.2785960048516052
mean_smoothness,"['mean_symmetry', 'radius_error']","['mean_symmetry', 'radius_error', 'mean_smoothness']",1,0,0.0,1.0,0.5,569,0.3471125522908982,0.34424398443344406,0.3471125522908982
mean_smoothness,"['mean_symmetry', 'texture_error']","['texture_error', 'mean_symmetry', 'mean_smoothness']",1,0,0.0,1.0,0.5,569,0.0029456174657788554,0.0,0.0029456174657788554
mean_smoothness,"['mean_symmetry', 'worst_radius']","['worst_radius', 'mean_symmetry', 'mean_smoothness']",1,0,0.0,1.0,0.5,569,0.08106636302878784,0.07963019184124168,0.08106636302878784
mean_smoothness,"['mean_symmetry', 'worst_texture']","['worst_texture', 'mean_symmetry', 'mean_smoothness']",1,0,0.0,1.0,0.5,569,-0.010458179657912323,0.0,-0.010458179657912323
mean_smoothness,"['mean_fractal_dimension', 'radius_error']","['mean_fractal_dimension', 'radius_error', 'mean_smoothness']",1,0,0.0,1.0,0.5,569,0.45771037730617126,0.4554657903898605,0.45771037730617126
mean_smoothness,"['mean_fractal_dimension', 'texture_error']","['texture_error', 'mean_fractal_dimension', 'mean_smoothness']",1,0,0.0,1.0,0.5,569,0.0012376543973860738,0.0,0.0012376543973860738
mean_smoothness,"['mean_fractal_dimension', 'worst_radius']","['worst_radius', 'mean_fractal_dimension', 'mean_smoothness']",2,0,0.0,0.5,0.25,284,0.4074553327029313,0.4496748942045703,0.3438698977697468
mean_smoothness,"['mean_fractal_dimension', 'worst_radius']","['worst_radius', 'mean_fractal_dimension', 'mean_smoothness']",2,1,0.5,1.0,0.75,285,0.2942426488757104,0.26603012462850895,0.3438698977697468
mean_smoothness,"['mean_fractal_dimension', 'worst_texture']","['worst_texture', 'mean_fractal_dimension', 'mean_smoothness']",1,0,0.0,1.0,0.5,569,0.07845710247528452,0.07945621305315331,0.07845710247528452
mean_smoothness,"['radius_error', 'texture_error']","['texture_error', 'radius_error', 'mean_smoothness']",1,0,0.0,1.0,0.5,569,-0.008341790638382137,0.0,-0.008341790638382137
mean_smoothness,"['radius_error', 'worst_radius']","['worst_radius', 'radius_error', 'mean_smoothness']",1,0,0.0,1.0,0.5,569,-0.02935716230599767,0.0,-0.02935716230599767
mean_smoothness,"['radius_error', 'worst_texture']","['worst_texture', 'radius_error', 'mean_smoothness']",1,0,0.0,1.0,0.5,569,-0.033255773657763804,0.0,-0.033255773657763804
mean_smoothness,"['texture_error', 'worst_radius']","['worst_radius', 'texture_error', 'mean_smoothness']",1,0,0.0,1.0,0.5,569,0.14161241614891457,0.14138155515797646,0.14161241614891457
mean_smoothness,"['texture_error', 'worst_texture']","['texture_error', 'worst_texture', 'mean_smoothness']",1,0,0.0,1.0,0.5,569,0.05530758841522613,0.0,0.05530758841522613
mean_smoothness,"['worst_radius', 'worst_texture']","['worst_texture', 'worst_radius', 'mean_smoothness']",1,0,0.0,1.0,0.5,569,-0.005458055892472586,0.0,-0.005458055892472586
mean_compactness,"['mean_radius', 'mean_texture']","['mean_radius', 'mean_texture', 'mean_compactness']",2,0,0.0,0.5,0.25,284,0.2036032449111631,0.21329702527158928,0.2923710982945122
mean_compactness,"['mean_radius', 'mean_texture']","['mean_radius', 'mean_texture', 'mean_compactness']",2,1,0.5,1.0,0.75,285,0.3676303434642946,0.33350660427366535,0.2923710982945122
mean_compactness,"['mean_radius', 'mean_smoothness']","['mean_radius', 'mean_smoothness', 'mean_compactness']",2,0,0.0,0.5,0.25,284,0.31075498929975615,0.3139420854019579,0.3915195920691106
mean_compactness,"['mean_radius', 'mean_smoothness']","['mean_radius', 'mean_smoothness', 'mean_compactness']",2,1,0.5,1.0,0.75,285,0.46508524833209786,0.4561676350274561,0.3915195920691106
mean_compactness,"['mean_concavity', 'mean_radius']","['mean_radius', 'mean_concavity', 'mean_compactness']",6,0,0.0,0.16783625730994145,0.08391812865497073,95,-0.16282194848824186,-0.1550797541520541,-0.20816109309636374
mean_compactness,"['mean_concavity', 'mean_radius']","['mean_radius', 'mean_concavity', 'mean_compactness']",6,1,0.16783625730994145,0.3339181286549707,0.2508771929824561,95,-0.11534154535274355,-0.1413879429857685,-0.20816109309636374
mean_compactness,"['mean_concavity', 'mean_radius']","['mean_radius', 'mean_concavity', 'mean_compactness']",6,2,0.3339181286549707,0.5,0.41695906432748536,94,-0.07572637840311142,-0.06829777104205359,-0.20816109309636374
mean_compactness,"['mean_concavity', 'mean_radius']","['mean_radius', 'mean_concavity', 'mean_compactness']",6,3,0.5,0.6660818713450292,0.5830409356725146,95,-0.2909294512877939,-0.2783885630139803,-0.20816109309636374
mean_compactness,"['mean_concavity', 'mean_radius']","['mean_radius', 'mean_concavity', 'mean_compactness']",6,4,0.6660818713450292,0.8321637426900584,0.7491228070175437,95,-0.29003359462486,-0.2909174982830135,-0.20816109309636374
mean_compactness,"['mean_concavity', 'mean_radius']","['mean_radius', 'mean_concavity', 'mean_compactness']",6,5,0.8321637426900584,1.0,0.9160818713450292,95,-0.277491601343785,-0.29703585964574486,-0.20816109309636374
mean_compactness,"['mean_concave_points', 'mean_radius']","['mean_radius', 'mean_concave_points', 'mean_compactness']",4,0,0.0,0.25,0.125,141,-0.31590678824721374,-0.307316816176597,-0.3323349587861085
mean_compactness,"['mean_concave_points', 'mean_radius']","['mean_radius', 'mean_concave_points', 'mean_compactness']",4,1,0.25,0.5,0.375,143,-0.259529203191175,-0.2569693615619318,-0.3323349587861085
mean_compactness,"['mean_concave_points', 'mean_radius']","['mean_radius', 'mean_concave_points', 'mean_compactness']",4,2,0.5,0.7491228070175439,0.6245614035087719,142,-0.34591948856258115,-0.381010733528572,-0.3323349587861085
mean_compactness,"['mean_concave_points', 'mean_radius']","['mean_radius', 'mean_concave_points', 'mean_compactness']",4,3,0.7491228070175439,1.0,0.8745614035087719,143,-0.4439082044715847,-0.4013479005633715,-0.3323349587861085
mean_compactness,"['mean_radius', 'mean_symmetry']","['mean_symmetry', 'mean_radius', 'mean_compactness']",1,0,0.0,1.0,0.5,569,0.3989826480853486,0.3805641202173214,0.3989826480853486
mean_compactness,"['mean_fractal_dimension', 'mean_radius']","['mean_radius', 'mean_fractal_dimension', 'mean_compactness']",1,0,0.0,1.0,0.5,569,0.6671947325428846,0.6360006930104439,0.6671947325428846
mean_compactness,"['mean_radius', 'radius_error']","['mean_radius', 'radius_error', 'mean_compactness']",1,0,0.0,1.0,0.5,569,0.15828362088170497,0.15705330703785328,0.15828362088170497
mean_compactness,"['mean_radius', 'texture_error']","['texture_error', 'mean_radius', 'mean_compactness']",1,0,0.0,1.0,0.5,569,0.06657343003539691,0.0,0.06657343003539691
mean_compactness,"['mean_radius', 'worst_radius']","['mean_radius', 'worst_radius', 'mean_compactness']",1,0,0.0,1.0,0.5,569,-0.09719948884761757,-0.07359559493451227,-0.09719948884761757
mean_compactness,"['mean_radius', 'worst_texture']","['mean_radius', 'worst_texture', 'mean_compactness']",1,0,0.0,1.0,0.5,569,0.2939552959231664,0.2772477153319404,0.2939552959231664
mean_compactness,"['mean_smoothness', 'mean_texture']","['mean_smoothness', 'mean_texture', 'mean_compactness']",6,0,0.0,0.1684210526315789,0.08421052631578944,95,0.5269407713257428,0.4919965512009265,0.5091963020292343
mean_compactness,"['mean_smoothness', 'mean_texture']","['mean_smoothness', 'mean_texture', 'mean_compactness']",6,1,0.1684210526315789,0.3339181286549707,0.2511695906432748,95,0.5010645044001197,0.5093026599151825,0.5091963020292343
mean_compactness,"['mean_smoothness', 'mean_texture']","['mean_smoothness', 'mean_texture', 'mean_compactness']",6,2,0.3339181286549707,0.5,0.41695906432748536,94,0.5191714252921003,0.5374333062524815,0.5091963020292343
mean_compactness,"['mean_smoothness', 'mean_texture']","['mean_smoothness', 'mean_texture', 'mean_compactness']",6,3,0.5,0.6657894736842105,0.5828947368421052,94,0.48003661222502086,0.5085357482209514,0.5091963020292343
mean_compactness,"['mean_smoothness', 'mean_texture']","['mean_smoothness', 'mean_texture', 'mean_compactness']",6,4,0.6657894736842105,0.8315789473684211,0.7486842105263158,96,0.41992105841525357,0.4446104568758609,0.5091963020292343
mean_compactness,"['mean_smoothness', 'mean_texture']","['mean_smoothness', 'mean_texture', 'mean_compactness']",6,5,0.8315789473684211,1.0,0.9157894736842105,95,0.6152123121005484,0.5541335676171588,0.5091963020292343
mean_compactness,"['mean_concavity', 'mean_texture']","['mean_texture', 'mean_concavity', 'mean_compactness']",1,0,0.0,1.0,0.5,569,-0.04000099012351791,0.0,-0.04000099012351791
mean_compactness,"['mean_concave_points', 'mean_texture']","['mean_texture', 'mean_concave_points', 'mean_compactness']",1,0,0.0,1.0,0.5,569,0.024394168172479514,0.0,0.024394168172479514
mean_compactness,"['mean_symmetry', 'mean_texture']","['mean_symmetry', 'mean_texture', 'mean_compactness']",1,0,0.0,1.0,0.5,569,0.3906284809029926,0.3874107197233855,0.3906284809029926
mean_compactness,"['mean_fractal_dimension', 'mean_texture']","['mean_texture', 'mean_fractal_dimension', 'mean_compactness']",1,0,0.0,1.0,0.5,569,0.240333289935856,0.2418300222516081,0.240333289935856
mean_compactness,"['mean_texture', 'radius_error']","['radius_error', 'mean_texture', 'mean_compactness']",1,0,0.0,1.0,0.5,569,0.30223520384167923,0.2968159103776345,0.30223520384167923
mean_compactness,"['mean_texture', 'texture_error']","['texture_error', 'mean_texture', 'mean_compactness']",1,0,0.0,1.0,0.5,569,-0.05579346023416421,-0.05951899927209412,-0.05579346023416421
mean_compactness,"['mean_texture', 'worst_radius']","['mean_texture', 'worst_radius', 'mean_compactness']",1,0,0.0,1.0,0.5,569,0.06935815242951558,0.0,0.06935815242951558
mean_compactness,"['mean_texture', 'worst_texture']","['worst_texture', 'mean_texture', 'mean_compactness']",1,0,0.0,1.0,0.5,569,0.03276071189880937,0.0,0.03276071189880937
mean_compactness,"['mean_concavity', 'mean_smoothness']","['mean_concavity', 'mean_smoothness', 'mean_compactness']",1,0,0.0,1.0,0.5,569,0.673556276145449,0.6646328939598011,0.673556276145449
mean_compactness,"['mean_concave_points', 'mean_smoothness']","['mean_concave_points', 'mean_smoothness', 'mean_compactness']",1,0,0.0,1.0,0.5,569,0.5635411767618009,0.5446029236925857,0.5635411767618009
mean_compactness,"['mean_smoothness', 'mean_symmetry']","['mean_smoothness', 'mean_symmetry', 'mean_compactness']",1,0,0.0,1.0,0.5,569,0.36358573232010694,0.34733000786463303,0.36358573232010694
mean_compactness,"['mean_fractal_dimension', 'mean_smoothness']","['mean_fractal_dimension', 'mean_smoothness', 'mean_compactness']",1,0,0.0,1.0,0.5,569,0.09115324636748433,0.13460102912489352,0.09115324636748433
mean_compactness,"['mean_smoothness', 'radius_error']","['mean_smoothness', 'radius_error', 'mean_compactness']",1,0,0.0,1.0,0.5,569,0.44971410183420374,0.4446411303863855,0.44971410183420374
mean_compactness,"['mean_smoothness', 'texture_error']","['texture_error', 'mean_smoothness', 'mean_compactness']",5,0,0.0,0.20105263157894734,0.10052631578947367,114,-0.013817730166123273,-0.054838250082574376,-0.020854476595955344
mean_compactness,"['mean_smoothness', 'texture_error']","['texture_error', 'mean_smoothness', 'mean_compactness']",5,1,0.20105263157894734,0.4003508771929825,0.3007017543859649,114,-0.008228535941623972,-0.07571945418593672,-0.020854476595955344
mean_compactness,"['mean_smoothness', 'texture_error']","['texture_error', 'mean_smoothness', 'mean_compactness']",5,2,0.4003508771929825,0.5996491228070177,0.5000000000000001,113,0.13811630847029077,-9.193959910310043e-07,-0.020854476595955344
mean_compactness,"['mean_smoothness', 'texture_error']","['texture_error', 'mean_smoothness', 'mean_compactness']",5,3,0.5996491228070177,0.8008771929824562,0.7002631578947369,113,-0.21080910240202275,-0.2486180450133527,-0.020854476595955344
mean_compactness,"['mean_smoothness', 'texture_error']","['texture_error', 'mean_smoothness', 'mean_compactness']",5,4,0.8008771929824562,1.0,0.900438596491228,115,-0.005949656750572083,-0.07067525071457534,-0.020854476595955344
mean_compactness,"['mean_smoothness', 'worst_radius']","['worst_radius', 'mean_smoothness', 'mean_compactness']",2,0,0.0,0.5,0.25,284,0.3216045388941422,0.31878693438948924,0.40000990123517904
mean_compactness,"['mean_smoothness', 'worst_radius']","['worst_radius', 'mean_smoothness', 'mean_compactness']",2,1,0.5,1.0,0.75,285,0.47541388682975044,0.4677568318715445,0.40000990123517904
mean_compactness,"['mean_smoothness', 'worst_texture']","['worst_texture', 'mean_smoothness', 'mean_compactness']",1,0,0.0,1.0,0.5,569,0.20176275059082716,0.1809425849796737,0.20176275059082716
mean_compactness,"['mean_concave_points', 'mean_concavity']","['mean_concavity', 'mean_concave_points', 'mean_compactness']",4,0,0.0,0.25,0.125,141,0.1757719049232365,0.16848633873488625,0.36017010525965976
mean_compactness,"['mean_concave_points', 'mean_concavity']","['mean_concavity', 'mean_concave_points', 'mean_compactness']",4,1,0.25,0.5,0.375,143,0.4332709543977149,0.4239534702899602,0.36017010525965976
mean_compactness,"['mean_concave_points', 'mean_concavity']","['mean_concavity', 'mean_concave_points', 'mean_compactness']",4,2,0.5,0.7491228070175439,0.6245614035087719,142,0.3702926780541404,0.4057896890719017,0.36017010525965976
mean_compactness,"['mean_concave_points', 'mean_concavity']","['mean_concavity', 'mean_concave_points', 'mean_compactness']",4,3,0.7491228070175439,1.0,0.8745614035087719,143,0.44272628779671025,0.4690274115230026,0.36017010525965976
mean_compactness,"['mean_concavity', 'mean_symmetry']","['mean_concavity', 'mean_symmetry', 'mean_compactness']",4,0,0.0,0.2491228070175438,0.1245614035087719,140,0.6557040082219939,0.6808598869554745,0.666724423871878
mean_compactness,"['mean_concavity', 'mean_symmetry']","['mean_concavity', 'mean_symmetry', 'mean_compactness']",4,1,0.2491228070175438,0.4991228070175438,0.3741228070175438,143,0.6515315670245246,0.6349244778577603,0.666724423871878
mean_compactness,"['mean_concavity', 'mean_symmetry']","['mean_concavity', 'mean_symmetry', 'mean_compactness']",4,2,0.4991228070175438,0.75,0.6245614035087719,143,0.7403723037525854,0.709243046146355,0.666724423871878
mean_compactness,"['mean_concavity', 'mean_symmetry']","['mean_concavity', 'mean_symmetry', 'mean_compactness']",4,3,0.75,1.0,0.875,143,0.6166650251157293,0.5745094693346905,0.666724423871878
mean_compactness,"['mean_concavity', 'mean_fractal_dimension']","['mean_concavity', 'mean_fractal_dimension', 'mean_compactness']",1,0,0.0,1.0,0.5,569,0.733545384786752,0.7334210918404371,0.733545384786752
mean_compactness,"['mean_concavity', 'radius_error']","['mean_concavity', 'radius_error', 'mean_compactness']",1,0,0.0,1.0,0.5,569,0.6497809351716626,0.642705983266286,0.6497809351716626
mean_compactness,"['mean_concavity', 'texture_error']","['mean_concavity', 'texture_error', 'mean_compactness']",1,0,0.0,1.0,0.5,569,0.7191937222081604,0.7157751530310477,0.7191937222081604
mean_compactness,"['mean_concavity', 'worst_radius']","['worst_radius', 'mean_concavity', 'mean_compactness']",6,0,0.0,0.16783625730994145,0.08391812865497073,95,-0.1260918253079507,-0.12401308939432365,-0.18455902373821134
mean_compactness,"['mean_concavity', 'worst_radius']","['worst_radius', 'mean_concavity', 'mean_compactness']",6,1,0.16783625730994145,0.3339181286549707,0.2508771929824561,95,-0.14266517357222844,-0.17209978051872143,-0.18455902373821134
mean_compactness,"['mean_concavity', 'worst_radius']","['worst_radius', 'mean_concavity', 'mean_compactness']",6,2,0.3339181286549707,0.5,0.41695906432748536,94,-0.07206588881262868,-0.06082222637142376,-0.18455902373821134
mean_compactness,"['mean_concavity', 'worst_radius']","['worst_radius', 'mean_concavity', 'mean_compactness']",6,3,0.5,0.6660818713450292,0.5830409356725146,95,-0.26718924972004476,-0.2479859837735061,-0.18455902373821134
mean_compactness,"['mean_concavity', 'worst_radius']","['worst_radius', 'mean_concavity', 'mean_compactness']",6,4,0.6660818713450292,0.8321637426900584,0.7491228070175437,95,-0.251511758118701,-0.2538131220168627,-0.18455902373821134
mean_compactness,"['mean_concavity', 'worst_radius']","['worst_radius', 'mean_concavity', 'mean_compactness']",6,5,0.8321637426900584,1.0,0.9160818713450292,95,-0.22463605823068308,-0.2445618765828279,-0.18455902373821134
mean_compactness,"['mean_concavity', 'worst_texture']","['worst_texture', 'mean_concavity', 'mean_compactness']",1,0,0.0,1.0,0.5,569,-0.04078071239387113,0.0,-0.04078071239387113
mean_compactness,"['mean_concave_points', 'mean_symmetry']","['mean_concave_points', 'mean_symmetry', 'mean_compactness']",5,0,0.0,0.20105263157894734,0.10052631578947367,114,0.5705635770843037,0.5917926130436625,0.5982821356964281
mean_compactness,"['mean_concave_points', 'mean_symmetry']","['mean_concave_points', 'mean_symmetry', 'mean_compactness']",5,1,0.20105263157894734,0.4,0.3005263157894737,112,0.5820463320463319,0.600206531471539,0.5982821356964281
mean_compactness,"['mean_concave_points', 'mean_symmetry']","['mean_concave_points', 'mean_symmetry', 'mean_compactness']",5,2,0.4,0.5996491228070177,0.49982456140350884,115,0.6448512585812358,0.6094288273719842,0.5982821356964281
mean_compactness,"['mean_concave_points', 'mean_symmetry']","['mean_concave_points', 'mean_symmetry', 'mean_compactness']",5,3,0.5996491228070177,0.7989473684210527,0.6992982456140352,114,0.6655798789007918,0.6486983120809247,0.5982821356964281
mean_compactness,"['mean_concave_points', 'mean_symmetry']","['mean_concave_points', 'mean_symmetry', 'mean_compactness']",5,4,0.7989473684210527,1.0,0.8994736842105264,114,0.5410650520105574,0.5171263730593353,0.5982821356964281
mean_compactness,"['mean_concave_points', 'mean_fractal_dimension']","['mean_concave_points', 'mean_fractal_dimension', 'mean_compactness']",1,0,0.0,1.0,0.5,569,0.723520384167925,0.7136898333956102,0.723520384167925
mean_compactness,"['mean_concave_points', 'radius_error']","['mean_concave_points', 'radius_error', 'mean_compactness']",1,0,0.0,1.0,0.5,569,0.5751998811851778,0.5696419584105976,0.5751998811851778
mean_compactness,"['mean_concave_points', 'texture_error']","['texture_error', 'mean_concave_points', 'mean_compactness']",1,0,0.0,1.0,0.5,569,0.05801855634985663,0.05920632690195615,0.05801855634985663
mean_compactness,"['mean_concave_points', 'worst_radius']","['worst_radius', 'mean_concave_points', 'mean_compactness']",1,0,0.0,1.0,0.5,569,-0.27911581969850735,-0.28129457569320876,-0.27911581969850735
mean_compactness,"['mean_concave_points', 'worst_texture']","['worst_texture', 'mean_concave_points', 'mean_compactness']",1,0,0.0,1.0,0.5,569,0.020000495061758956,0.0,0.020000495061758956
mean_compactness,"['mean_fractal_dimension', 'mean_symmetry']","['mean_fractal_dimension', 'mean_symmetry', 'mean_compactness']",1,0,0.0,1.0,0.5,569,0.22876803881284188,0.22617778958499654,0.22876803881284188
mean_compactness,"['mean_symmetry', 'radius_error']","['mean_symmetry', 'radius_error', 'mean_compactness']",6,0,0.0,0.16783625730994145,0.08391812865497073,95,0.3200447928331467,0.3599270350688128,0.3331023045124879
mean_compactness,"['mean_symmetry', 'radius_error']","['mean_symmetry', 'radius_error', 'mean_compactness']",6,1,0.16783625730994145,0.3342105263157894,0.2510233918128654,95,0.2165733482642777,0.29222485123338654,0.3331023045124879
mean_compactness,"['mean_symmetry', 'radius_error']","['mean_symmetry', 'radius_error', 'mean_compactness']",6,2,0.3342105263157894,0.5,0.4171052631578947,94,0.3566689544726607,0.3425507453865703,0.3331023045124879
mean_compactness,"['mean_symmetry', 'radius_error']","['mean_symmetry', 'radius_error', 'mean_compactness']",6,3,0.5,0.6666666666666665,0.5833333333333333,95,0.30705487122060465,0.2790356763430382,0.3331023045124879
mean_compactness,"['mean_symmetry', 'radius_error']","['mean_symmetry', 'radius_error', 'mean_compactness']",6,4,0.6666666666666665,0.8324561403508772,0.7495614035087719,94,0.32921528254404026,0.29682352020089514,0.3331023045124879
mean_compactness,"['mean_symmetry', 'radius_error']","['mean_symmetry', 'radius_error', 'mean_compactness']",6,5,0.8324561403508772,1.0,0.9162280701754386,96,0.4311403508771929,0.40686487845387165,0.3331023045124879
mean_compactness,"['mean_symmetry', 'texture_error']","['mean_symmetry', 'texture_error', 'mean_compactness']",2,0,0.0,0.4991228070175438,0.2495614035087719,283,0.4689399380679071,0.47707950338371796,0.3970070390028602
mean_compactness,"['mean_symmetry', 'texture_error']","['mean_symmetry', 'texture_error', 'mean_compactness']",2,1,0.4991228070175438,1.0,0.7495614035087719,286,0.3339631926979803,0.3151941760887617,0.3970070390028602
mean_compactness,"['mean_symmetry', 'worst_radius']","['mean_symmetry', 'worst_radius', 'mean_compactness']",3,0,0.0,0.3342105263157893,0.16710526315789465,190,0.27663603453077135,0.24870305041369695,0.386680363375331
mean_compactness,"['mean_symmetry', 'worst_radius']","['mean_symmetry', 'worst_radius', 'mean_compactness']",3,1,0.3342105263157893,0.6660818713450292,0.5001461988304092,189,0.39693797140605647,0.4118750640800343,0.386680363375331
mean_compactness,"['mean_symmetry', 'worst_radius']","['mean_symmetry', 'worst_radius', 'mean_compactness']",3,2,0.6660818713450292,1.0,0.8330409356725146,190,0.4813700918964076,0.4968344135451636,0.386680363375331
mean_compactness,"['mean_symmetry', 'worst_texture']","['worst_texture', 'mean_symmetry', 'mean_compactness']",1,0,0.0,1.0,0.5,569,0.15990494814228076,0.1600478453845151,0.15990494814228076
mean_compactness,"['mean_fractal_dimension', 'radius_error']","['mean_fractal_dimension', 'radius_error', 'mean_compactness']",1,0,0.0,1.0,0.5,569,0.4370862684554516,0.4090431574463223,0.4370862684554516
mean_compactness,"['mean_fractal_dimension', 'texture_error']","['texture_error', 'mean_fractal_dimension', 'mean_compactness']",1,0,0.0,1.0,0.5,569,-0.036609817074680064,-0.058124038170209495,-0.036609817074680064
mean_compactness,"['mean_fractal_dimension', 'worst_radius']","['mean_fractal_dimension', 'worst_radius', 'mean_compactness']",6,0,0.0,0.16783625730994145,0.08391812865497073,95,0.5659574468085106,0.5549949336051029,0.6557216762791158
mean_compactness,"['mean_fractal_dimension', 'worst_radius']","['mean_fractal_dimension', 'worst_radius', 'mean_compactness']",6,1,0.16783625730994145,0.3342105263157893,0.25102339181286537,95,0.6501679731243001,0.6334095544557387,0.6557216762791158
mean_compactness,"['mean_fractal_dimension', 'worst_radius']","['mean_fractal_dimension', 'worst_radius', 'mean_compactness']",6,2,0.3342105263157893,0.5008771929824561,0.4175438596491227,94,0.6385266529398307,0.710575393005667,0.6557216762791158
mean_compactness,"['mean_fractal_dimension', 'worst_radius']","['mean_fractal_dimension', 'worst_radius', 'mean_compactness']",6,3,0.5008771929824561,0.6660818713450292,0.5834795321637427,95,0.7527435610302351,0.6994284323385075,0.6557216762791158
mean_compactness,"['mean_fractal_dimension', 'worst_radius']","['mean_fractal_dimension', 'worst_radius', 'mean_compactness']",6,4,0.6660818713450292,0.8324561403508772,0.7492690058479532,94,0.7094486387554335,0.6094503014194685,0.6557216762791158
mean_compactness,"['mean_fractal_dimension', 'worst_radius']","['mean_fractal_dimension', 'worst_radius', 'mean_compactness']",6,5,0.8324561403508772,1.0,0.9162280701754386,96,0.657017543859649,0.5916742314002311,0.6557216762791158
mean_compactness,"['mean_fractal_dimension', 'worst_texture']","['mean_fractal_dimension', 'worst_texture', 'mean_compactness']",1,0,0.0,1.0,0.5,569,0.37505300948128845,0.33436663401972444,0.37505300948128845
mean_compactness,"['radius_error', 'texture_error']","['texture_error', 'radius_error', 'mean_compactness']",1,0,0.0,1.0,0.5,569,-0.08131389390826506,-0.08475426284129023,-0.08131389390826506
mean_compactness,"['radius_error', 'worst_radius']","['worst_radius', 'radius_error', 'mean_compactness']",1,0,0.0,1.0,0.5,569,0.1795588999727716,0.1729871128404223,0.1795588999727716
mean_compactness,"['radius_error', 'worst_texture']","['radius_error', 'worst_texture', 'mean_compactness']",1,0,0.0,1.0,0.5,569,0.31108443278298964,0.3012012995615812,0.31108443278298964
mean_compactness,"['texture_error', 'worst_radius']","['texture_error', 'worst_radius', 'mean_compactness']",2,0,0.0,0.5008771929824561,0.25043859649122807,284,0.05773154830040313,0.022991281634245197,0.08866556102873832
mean_compactness,"['texture_error', 'worst_radius']","['texture_error', 'worst_radius', 'mean_compactness']",2,1,0.5008771929824561,1.0,0.7504385964912281,285,0.11712379540400297,0.11510816118071439,0.08866556102873832
mean_compactness,"['texture_error', 'worst_texture']","['texture_error', 'worst_texture', 'mean_compactness']",1,0,0.0,1.0,0.5,569,-0.07194485012005247,-0.06457649800149355,-0.07194485012005247
mean_compactness,"['worst_radius', 'worst_texture']","['worst_texture', 'worst_radius', 'mean_compactness']",1,0,0.0,1.0,0.5,569,0.052488922993143394,0.0,0.052488922993143394
mean_concavity,"['mean_radius', 'mean_texture']","['mean_texture', 'mean_radius', 'mean_concavity']",1,0,0.0,1.0,0.5,569,0.10732938934132032,0.11054581871239089,0.10732938934132032
mean_concavity,"['mean_radius', 'mean_smoothness']","['mean_smoothness', 'mean_radius', 'mean_concavity']",2,0,0.0,0.5,0.25,284,0.30030358831433834,0.291760291650506,0.415393945394688
mean_concavity,"['mean_radius', 'mean_smoothness']","['mean_smoothness', 'mean_radius', 'mean_concavity']",2,1,0.5,1.0,0.75,285,0.5559673832468496,0.5721508512943496,0.415393945394688
mean_concavity,"['mean_compactness', 'mean_radius']","['mean_compactness', 'mean_radius', 'mean_concavity']",6,0,0.0,0.16783625730994145,0.08391812865497073,95,0.6080627099664053,0.5533073043332366,0.6650783435233546
mean_concavity,"['mean_compactness', 'mean_radius']","['mean_compactness', 'mean_radius', 'mean_concavity']",6,1,0.16783625730994145,0.3342105263157894,0.2510233918128654,94,0.6312056737588653,0.6644475817855836,0.6650783435233546
mean_concavity,"['mean_compactness', 'mean_radius']","['mean_compactness', 'mean_radius', 'mean_concavity']",6,2,0.3342105263157894,0.5,0.4171052631578947,95,0.6980963045912654,0.6581963755070317,0.6650783435233546
mean_concavity,"['mean_compactness', 'mean_radius']","['mean_compactness', 'mean_radius', 'mean_concavity']",6,3,0.5,0.6660818713450292,0.5830409356725146,95,0.6855543113101903,0.6827866055705014,0.6650783435233546
mean_concavity,"['mean_compactness', 'mean_radius']","['mean_compactness', 'mean_radius', 'mean_concavity']",6,4,0.6660818713450292,0.8321637426900584,0.7491228070175437,95,0.7478163493840985,0.7347814977642663,0.6650783435233546
mean_concavity,"['mean_compactness', 'mean_radius']","['mean_compactness', 'mean_radius', 'mean_concavity']",6,5,0.8321637426900584,1.0,0.9160818713450292,95,0.6515117581187009,0.6909425644188589,0.6650783435233546
mean_concavity,"['mean_concave_points', 'mean_radius']","['mean_radius', 'mean_concave_points', 'mean_concavity']",4,0,0.0,0.25,0.125,141,-0.12348790079676453,-0.09941887204848056,-0.16414021535841852
mean_concavity,"['mean_concave_points', 'mean_radius']","['mean_radius', 'mean_concave_points', 'mean_concavity']",4,1,0.25,0.5,0.375,143,-0.16674874421353292,-0.173216288009019,-0.16414021535841852
mean_concavity,"['mean_concave_points', 'mean_radius']","['mean_radius', 'mean_concave_points', 'mean_concavity']",4,2,0.5,0.7491228070175439,0.6245614035087719,142,-0.14334232344421136,-0.15063056044193374,-0.16414021535841852
mean_concavity,"['mean_concave_points', 'mean_radius']","['mean_radius', 'mean_concave_points', 'mean_concavity']",4,3,0.7491228070175439,1.0,0.8745614035087719,143,-0.25302866147936565,-0.18869180220526807,-0.16414021535841852
mean_concavity,"['mean_radius', 'mean_symmetry']","['mean_radius', 'mean_symmetry', 'mean_concavity']",5,0,0.0,0.20105263157894734,0.10052631578947367,114,0.28830926874708895,0.3742943505887203,0.48011089383400574
mean_concavity,"['mean_radius', 'mean_symmetry']","['mean_radius', 'mean_symmetry', 'mean_concavity']",5,1,0.20105263157894734,0.4,0.3005263157894737,112,0.3584298584298584,0.4269901434427469,0.48011089383400574
mean_concavity,"['mean_radius', 'mean_symmetry']","['mean_radius', 'mean_symmetry', 'mean_concavity']",5,2,0.4,0.5996491228070177,0.49982456140350884,115,0.6176964149504196,0.5423689301365077,0.48011089383400574
mean_concavity,"['mean_radius', 'mean_symmetry']","['mean_radius', 'mean_symmetry', 'mean_concavity']",5,3,0.5996491228070177,0.7989473684210527,0.6992982456140352,114,0.5938518863530509,0.5804452258175083,0.48011089383400574
mean_concavity,"['mean_radius', 'mean_symmetry']","['mean_radius', 'mean_symmetry', 'mean_concavity']",5,4,0.7989473684210527,1.0,0.8994736842105264,114,0.47399472131656584,0.45023948641444805,0.48011089383400574
mean_concavity,"['mean_fractal_dimension', 'mean_radius']","['mean_radius', 'mean_fractal_dimension', 'mean_concavity']",4,0,0.0,0.2508771929824561,0.12543859649122804,142,0.6575766656677654,0.6587498262139919,0.6354736503378796
mean_concavity,"['mean_fractal_dimension', 'mean_radius']","['mean_radius', 'mean_fractal_dimension', 'mean_concavity']",4,1,0.2508771929824561,0.5,0.375438596491228,142,0.6196184197382879,0.6458346095524938,0.6354736503378796
mean_concavity,"['mean_fractal_dimension', 'mean_radius']","['mean_radius', 'mean_fractal_dimension', 'mean_concavity']",4,2,0.5,0.7482456140350877,0.6241228070175439,141,0.6652482269503547,0.642585489895704,0.6354736503378796
mean_concavity,"['mean_fractal_dimension', 'mean_radius']","['mean_radius', 'mean_fractal_dimension', 'mean_concavity']",4,3,0.7482456140350877,1.0,0.8741228070175439,144,0.6544289044289044,0.5544303215356765,0.6354736503378796
mean_concavity,"['mean_radius', 'radius_error']","['mean_radius', 'radius_error', 'mean_concavity']",1,0,0.0,1.0,0.5,569,0.2887200178222233,0.29134508286789607,0.2887200178222233
mean_concavity,"['mean_radius', 'texture_error']","['texture_error', 'mean_radius', 'mean_concavity']",6,0,0.0,0.16783625730994145,0.08391812865497073,95,-0.009182530795072787,0.012716572788878994,0.09574494418178668
mean_concavity,"['mean_radius', 'texture_error']","['texture_error', 'mean_radius', 'mean_concavity']",6,1,0.16783625730994145,0.3342105263157894,0.2510233918128654,94,0.08396247998169755,0.06978890000685237,0.09574494418178668
mean_concavity,"['mean_radius', 'texture_error']","['texture_error', 'mean_radius', 'mean_concavity']",6,2,0.3342105263157894,0.5,0.4171052631578947,95,-0.009182530795072787,-0.008160947437856945,0.09574494418178668
mean_concavity,"['mean_radius', 'texture_error']","['texture_error', 'mean_radius', 'mean_concavity']",6,3,0.5,0.6660818713450292,0.5830409356725146,95,0.24479283314669648,0.24492276222950415,0.09574494418178668
mean_concavity,"['mean_radius', 'texture_error']","['texture_error', 'mean_radius', 'mean_concavity']",6,4,0.6660818713450292,0.8321637426900584,0.7491228070175437,95,0.12564389697648373,0.10742316273360063,0.09574494418178668
mean_concavity,"['mean_radius', 'texture_error']","['texture_error', 'mean_radius', 'mean_concavity']",6,5,0.8321637426900584,1.0,0.9160818713450292,95,0.14221724524076146,0.19441830243035108,0.09574494418178668
mean_concavity,"['mean_radius', 'worst_radius']","['mean_radius', 'worst_radius', 'mean_concavity']",1,0,0.0,1.0,0.5,569,-0.035551732566980514,0.0,-0.035551732566980514
mean_concavity,"['mean_radius', 'worst_texture']","['mean_radius', 'worst_texture', 'mean_concavity']",1,0,0.0,1.0,0.5,569,0.42158221738161833,0.42096446822133954,0.42158221738161833
mean_concavity,"['mean_smoothness', 'mean_texture']","['mean_texture', 'mean_smoothness', 'mean_concavity']",1,0,0.0,1.0,0.5,569,0.2610084525472085,0.26043098139388576,0.2610084525472085
mean_concavity,"['mean_compactness', 'mean_texture']","['mean_texture', 'mean_compactness', 'mean_concavity']",4,0,0.0,0.2508771929824561,0.12543859649122804,142,0.01967835381080811,0.021526161574585284,0.13950840367335823
mean_concavity,"['mean_compactness', 'mean_texture']","['mean_texture', 'mean_compactness', 'mean_concavity']",4,1,0.2508771929824561,0.5,0.375438596491228,142,0.09739286784537009,0.0932956473131973,0.13950840367335823
mean_concavity,"['mean_compactness', 'mean_texture']","['mean_texture', 'mean_compactness', 'mean_concavity']",4,2,0.5,0.7482456140350877,0.6241228070175439,141,0.331306990881459,0.3040565867893841,0.13950840367335823
mean_concavity,"['mean_compactness', 'mean_texture']","['mean_texture', 'mean_compactness', 'mean_concavity']",4,3,0.7482456140350877,1.0,0.8741228070175439,144,0.10547785547785547,0.14432273384598668,0.13950840367335823
mean_concavity,"['mean_concave_points', 'mean_texture']","['mean_concave_points', 'mean_texture', 'mean_concavity']",1,0,0.0,1.0,0.5,569,0.7591648308126439,0.7567360187461674,0.7591648308126439
mean_concavity,"['mean_symmetry', 'mean_texture']","['mean_symmetry', 'mean_texture', 'mean_concavity']",1,0,0.0,1.0,0.5,569,0.3105646179360875,0.3075944625481046,0.3105646179360875
mean_concavity,"['mean_fractal_dimension', 'mean_texture']","['mean_fractal_dimension', 'mean_texture', 'mean_concavity']",1,0,0.0,1.0,0.5,569,0.20314004452934176,0.2052299423812237,0.20314004452934176
mean_concavity,"['mean_texture', 'radius_error']","['radius_error', 'mean_texture', 'mean_concavity']",1,0,0.0,1.0,0.5,569,0.35524394168172474,0.32984232988878726,0.35524394168172474
mean_concavity,"['mean_texture', 'texture_error']","['texture_error', 'mean_texture', 'mean_concavity']",1,0,0.0,1.0,0.5,569,-0.08058367781380726,-0.08776756143021885,-0.08058367781380726
mean_concavity,"['mean_texture', 'worst_radius']","['worst_radius', 'mean_texture', 'mean_concavity']",1,0,0.0,1.0,0.5,569,0.4426842248570509,0.4315297275670342,0.4426842248570509
mean_concavity,"['mean_texture', 'worst_texture']","['worst_texture', 'mean_texture', 'mean_concavity']",1,0,0.0,1.0,0.5,569,0.04675858313324587,0.0,0.04675858313324587
mean_concavity,"['mean_compactness', 'mean_smoothness']","['mean_compactness', 'mean_smoothness', 'mean_concavity']",1,0,0.0,1.0,0.5,569,0.673556276145449,0.6646328939595383,0.673556276145449
mean_concavity,"['mean_concave_points', 'mean_smoothness']","['mean_smoothness', 'mean_concave_points', 'mean_concavity']",1,0,0.0,1.0,0.5,569,0.014026009804743058,0.0,0.014026009804743058
mean_concavity,"['mean_smoothness', 'mean_symmetry']","['mean_smoothness', 'mean_symmetry', 'mean_concavity']",1,0,0.0,1.0,0.5,569,0.24296393475086014,0.24371460476344076,0.24296393475086014
mean_concavity,"['mean_fractal_dimension', 'mean_smoothness']","['mean_smoothness', 'mean_fractal_dimension', 'mean_concavity']",2,0,0.0,0.5,0.25,284,0.45956303190165726,0.4428117864526596,0.33410480457437064
mean_concavity,"['mean_fractal_dimension', 'mean_smoothness']","['mean_smoothness', 'mean_fractal_dimension', 'mean_concavity']",2,1,0.5,1.0,0.75,285,0.2213985668396343,0.2087778376814933,0.33410480457437064
mean_concavity,"['mean_smoothness', 'radius_error']","['mean_smoothness', 'radius_error', 'mean_concavity']",3,0,0.0,0.3342105263157894,0.1671052631578947,190,0.21693121693121692,0.24434818017990134,0.30704967944751105
mean_concavity,"['mean_smoothness', 'radius_error']","['mean_smoothness', 'radius_error', 'mean_concavity']",3,1,0.3342105263157894,0.6666666666666665,0.5004385964912279,189,0.3266914330744118,0.3283103422479018,0.30704967944751105
mean_concavity,"['mean_smoothness', 'radius_error']","['mean_smoothness', 'radius_error', 'mean_concavity']",3,2,0.6666666666666665,1.0,0.8333333333333333,190,0.3941520467836257,0.384317989327553,0.30704967944751105
mean_concavity,"['mean_smoothness', 'texture_error']","['mean_smoothness', 'texture_error', 'mean_concavity']",1,0,0.0,1.0,0.5,569,0.3620072409205099,0.3588537600220017,0.3620072409205099
mean_concavity,"['mean_smoothness', 'worst_radius']","['mean_smoothness', 'worst_radius', 'mean_concavity']",4,0,0.0,0.25,0.125,141,0.1714285714285714,0.17965884314043157,0.39239832669125474
mean_concavity,"['mean_smoothness', 'worst_radius']","['mean_smoothness', 'worst_radius', 'mean_concavity']",4,1,0.25,0.5008771929824561,0.37543859649122807,143,0.37102334285432875,0.3932618312892273,0.39239832669125474
mean_concavity,"['mean_smoothness', 'worst_radius']","['mean_smoothness', 'worst_radius', 'mean_concavity']",4,2,0.5008771929824561,0.7491228070175439,0.625,142,0.5001498351813005,0.4913604102991901,0.39239832669125474
mean_concavity,"['mean_smoothness', 'worst_radius']","['mean_smoothness', 'worst_radius', 'mean_concavity']",4,3,0.7491228070175439,1.0,0.8745614035087719,143,0.5282182606126268,0.5646367221573583,0.39239832669125474
mean_concavity,"['mean_smoothness', 'worst_texture']","['worst_texture', 'mean_smoothness', 'mean_concavity']",2,0,0.0,0.5,0.25,284,0.15630444831722787,0.15972214014632158,0.2336258906620456
mean_concavity,"['mean_smoothness', 'worst_texture']","['worst_texture', 'mean_smoothness', 'mean_concavity']",2,1,0.5,1.0,0.75,285,0.30649646795840396,0.30134290955613874,0.2336258906620456
mean_concavity,"['mean_compactness', 'mean_concave_points']","['mean_compactness', 'mean_concave_points', 'mean_concavity']",4,0,0.0,0.25,0.125,141,0.1757719049232365,0.16848633252069783,0.36017010525965976
mean_concavity,"['mean_compactness', 'mean_concave_points']","['mean_compactness', 'mean_concave_points', 'mean_concavity']",4,1,0.25,0.5,0.375,143,0.4332709543977149,0.4240724813078695,0.36017010525965976
mean_concavity,"['mean_compactness', 'mean_concave_points']","['mean_compactness', 'mean_concave_points', 'mean_concavity']",4,2,0.5,0.7491228070175439,0.6245614035087719,142,0.3702926780541404,0.40578337156462474,0.36017010525965976
mean_concavity,"['mean_compactness', 'mean_concave_points']","['mean_compactness', 'mean_concave_points', 'mean_concavity']",4,3,0.7491228070175439,1.0,0.8745614035087719,143,0.44272628779671025,0.4690272962249761,0.36017010525965976
mean_concavity,"['mean_compactness', 'mean_symmetry']","['mean_compactness', 'mean_symmetry', 'mean_concavity']",4,0,0.0,0.2491228070175438,0.1245614035087719,140,0.6557040082219939,0.6808598869554412,0.666724423871878
mean_concavity,"['mean_compactness', 'mean_symmetry']","['mean_compactness', 'mean_symmetry', 'mean_concavity']",4,1,0.2491228070175438,0.4991228070175438,0.3741228070175438,143,0.6515315670245246,0.6349244778570396,0.666724423871878
mean_concavity,"['mean_compactness', 'mean_symmetry']","['mean_compactness', 'mean_symmetry', 'mean_concavity']",4,2,0.4991228070175438,0.75,0.6245614035087719,143,0.7403723037525854,0.7092430461463541,0.666724423871878
mean_concavity,"['mean_compactness', 'mean_symmetry']","['mean_compactness', 'mean_symmetry', 'mean_concavity']",4,3,0.75,1.0,0.875,143,0.6166650251157293,0.5745094693345997,0.666724423871878
mean_concavity,"['mean_compactness', 'mean_fractal_dimension']","['mean_fractal_dimension', 'mean_compactness', 'mean_concavity']",6,0,0.0,0.16783625730994145,0.08391812865497073,95,-0.26584546472564385,-0.30129721240094387,-0.35851134929082396
mean_concavity,"['mean_compactness', 'mean_fractal_dimension']","['mean_fractal_dimension', 'mean_compactness', 'mean_concavity']",6,1,0.16783625730994145,0.3339181286549707,0.2508771929824561,95,-0.2550951847704367,-0.25369324033871987,-0.35851134929082396
mean_concavity,"['mean_compactness', 'mean_fractal_dimension']","['mean_fractal_dimension', 'mean_compactness', 'mean_concavity']",6,2,0.3339181286549707,0.5,0.41695906432748536,94,-0.43948753145733244,-0.409656657923231,-0.35851134929082396
mean_concavity,"['mean_compactness', 'mean_fractal_dimension']","['mean_fractal_dimension', 'mean_compactness', 'mean_concavity']",6,3,0.5,0.6660818713450292,0.5830409356725146,95,-0.42441209406494956,-0.410961815587952,-0.35851134929082396
mean_concavity,"['mean_compactness', 'mean_fractal_dimension']","['mean_fractal_dimension', 'mean_compactness', 'mean_concavity']",6,4,0.6660818713450292,0.8315789473684211,0.7488304093567251,95,-0.35856662933930566,-0.2964430377297317,-0.35851134929082396
mean_concavity,"['mean_compactness', 'mean_fractal_dimension']","['mean_fractal_dimension', 'mean_compactness', 'mean_concavity']",6,5,0.8315789473684211,1.0,0.9157894736842105,95,-0.38857782754759235,-0.43670318073840153,-0.35851134929082396
mean_concavity,"['mean_compactness', 'radius_error']","['mean_compactness', 'radius_error', 'mean_concavity']",1,0,0.0,1.0,0.5,569,0.6497809351716626,0.642705983266286,0.6497809351716626
mean_concavity,"['mean_compactness', 'texture_error']","['mean_compactness', 'texture_error', 'mean_concavity']",1,0,0.0,1.0,0.5,569,0.7191937222081604,0.7157751530321541,0.7191937222081604
mean_concavity,"['mean_compactness', 'worst_radius']","['worst_radius', 'mean_compactness', 'mean_concavity']",3,0,0.0,0.3339181286549707,0.16695906432748536,190,0.24422166527429684,0.3056783135821706,0.375306319463353
mean_concavity,"['mean_compactness', 'worst_radius']","['worst_radius', 'mean_compactness', 'mean_concavity']",3,1,0.3339181286549707,0.6660818713450292,0.49999999999999994,189,0.43116064392660136,0.41285691628937987,0.375306319463353
mean_concavity,"['mean_compactness', 'worst_radius']","['worst_radius', 'mean_compactness', 'mean_concavity']",3,2,0.6660818713450292,1.0,0.8330409356725146,190,0.41776663881927034,0.3875655991290776,0.375306319463353
mean_concavity,"['mean_compactness', 'worst_texture']","['mean_compactness', 'worst_texture', 'mean_concavity']",1,0,0.0,1.0,0.5,569,0.7043738706403624,0.7020984373743455,0.7043738706403624
mean_concavity,"['mean_concave_points', 'mean_symmetry']","['mean_symmetry', 'mean_concave_points', 'mean_concavity']",5,0,0.0,0.20105263157894734,0.10052631578947367,114,0.09762755348056505,0.08356826180033021,0.11371838134719306
mean_concavity,"['mean_concave_points', 'mean_symmetry']","['mean_symmetry', 'mean_concave_points', 'mean_concavity']",5,1,0.20105263157894734,0.4003508771929825,0.3007017543859649,114,0.05511566526936811,0.060019869474499096,0.11371838134719306
mean_concavity,"['mean_concave_points', 'mean_symmetry']","['mean_symmetry', 'mean_concave_points', 'mean_concavity']",5,2,0.4003508771929825,0.5996491228070177,0.5000000000000001,113,-0.028445006321112513,-0.0059364125439091055,0.11371838134719306
mean_concavity,"['mean_concave_points', 'mean_symmetry']","['mean_symmetry', 'mean_concave_points', 'mean_concavity']",5,3,0.5996491228070177,0.7989473684210527,0.6992982456140352,114,0.21006054960409876,0.2212262494867504,0.11371838134719306
mean_concavity,"['mean_concave_points', 'mean_symmetry']","['mean_symmetry', 'mean_concave_points', 'mean_concavity']",5,4,0.7989473684210527,1.0,0.8994736842105264,114,0.23831703151684522,0.2799212364615942,0.11371838134719306
mean_concavity,"['mean_concave_points', 'mean_fractal_dimension']","['mean_concave_points', 'mean_fractal_dimension', 'mean_concavity']",4,0,0.0,0.2508771929824561,0.12543859649122804,142,0.8088103086604734,0.8034431524684282,0.7770489368548725
mean_concavity,"['mean_concave_points', 'mean_fractal_dimension']","['mean_concave_points', 'mean_fractal_dimension', 'mean_concavity']",4,1,0.2508771929824561,0.5,0.375438596491228,142,0.8026171211667166,0.7952583402840772,0.7770489368548725
mean_concavity,"['mean_concave_points', 'mean_fractal_dimension']","['mean_concave_points', 'mean_fractal_dimension', 'mean_concavity']",4,2,0.5,0.7482456140350877,0.6241228070175439,141,0.7854103343465045,0.791247307153188,0.7770489368548725
mean_concavity,"['mean_concave_points', 'mean_fractal_dimension']","['mean_concave_points', 'mean_fractal_dimension', 'mean_concavity']",4,3,0.7482456140350877,1.0,0.8741228070175439,144,0.7331002331002331,0.7341818893551979,0.7770489368548725
mean_concavity,"['mean_concave_points', 'radius_error']","['mean_concave_points', 'radius_error', 'mean_concavity']",1,0,0.0,1.0,0.5,569,0.6986806604123864,0.7097729119306069,0.6986806604123864
mean_concavity,"['mean_concave_points', 'texture_error']","['texture_error', 'mean_concave_points', 'mean_concavity']",5,0,0.0,0.20105263157894734,0.10052631578947367,114,-0.030618377697930237,8.151723327134092e-07,0.0735343281915249
mean_concavity,"['mean_concave_points', 'texture_error']","['texture_error', 'mean_concave_points', 'mean_concavity']",5,1,0.20105263157894734,0.4003508771929825,0.3007017543859649,114,0.09937116713432785,0.09584223855022111,0.0735343281915249
mean_concavity,"['mean_concave_points', 'texture_error']","['texture_error', 'mean_concave_points', 'mean_concavity']",5,2,0.4003508771929825,0.5996491228070177,0.5000000000000001,113,-0.0071118135346494105,0.05232816817265433,0.0735343281915249
mean_concavity,"['mean_concave_points', 'texture_error']","['texture_error', 'mean_concave_points', 'mean_concavity']",5,3,0.5996491228070177,0.7989473684210527,0.6992982456140352,114,0.2235166443355885,0.13091193601228737,0.0735343281915249
mean_concavity,"['mean_concave_points', 'texture_error']","['texture_error', 'mean_concave_points', 'mean_concavity']",5,4,0.7989473684210527,1.0,0.8994736842105264,114,0.08230452898188505,0.01149250316702935,0.0735343281915249
mean_concavity,"['mean_concave_points', 'worst_radius']","['worst_radius', 'mean_concave_points', 'mean_concavity']",4,0,0.0,0.25,0.125,141,-0.07079701726074802,-0.07730204028066469,-0.13050502679752984
mean_concavity,"['mean_concave_points', 'worst_radius']","['worst_radius', 'mean_concave_points', 'mean_concavity']",4,1,0.25,0.5,0.375,143,-0.15177779966512359,-0.16746858687392036,-0.13050502679752984
mean_concavity,"['mean_concave_points', 'worst_radius']","['worst_radius', 'mean_concave_points', 'mean_concavity']",4,2,0.5,0.7491228070175439,0.6245614035087719,142,-0.11317550694236339,-0.14322503031635525,-0.13050502679752984
mean_concavity,"['mean_concave_points', 'worst_radius']","['worst_radius', 'mean_concave_points', 'mean_concavity']",4,3,0.7491228070175439,1.0,0.8745614035087719,143,-0.21658623067073768,-0.18017253571175523,-0.13050502679752984
mean_concavity,"['mean_concave_points', 'worst_texture']","['worst_texture', 'mean_concave_points', 'mean_concavity']",5,0,0.0,0.20105263157894734,0.10052631578947367,114,0.1148100028931445,0.1084688075060738,0.12379532043021234
mean_concavity,"['mean_concave_points', 'worst_texture']","['worst_texture', 'mean_concave_points', 'mean_concavity']",5,1,0.20105263157894734,0.4003508771929825,0.3007017543859649,114,0.14826890234435647,0.13927492512588602,0.12379532043021234
mean_concavity,"['mean_concave_points', 'worst_texture']","['worst_texture', 'mean_concave_points', 'mean_concavity']",5,2,0.4003508771929825,0.5996491228070177,0.5000000000000001,113,0.048672566371681415,0.0845739250425126,0.12379532043021234
mean_concavity,"['mean_concave_points', 'worst_texture']","['worst_texture', 'mean_concave_points', 'mean_concavity']",5,3,0.5996491228070177,0.7989473684210527,0.6992982456140352,114,0.24545877969259433,0.26701800380361385,0.12379532043021234
mean_concavity,"['mean_concave_points', 'worst_texture']","['worst_texture', 'mean_concave_points', 'mean_concavity']",5,4,0.7989473684210527,1.0,0.8994736842105264,114,0.029343269678621334,0.03103932603338677,0.12379532043021234
mean_concavity,"['mean_fractal_dimension', 'mean_symmetry']","['mean_fractal_dimension', 'mean_symmetry', 'mean_concavity']",1,0,0.0,1.0,0.5,569,0.048738830169063586,0.0,0.048738830169063586
mean_concavity,"['mean_symmetry', 'radius_error']","['radius_error', 'mean_symmetry', 'mean_concavity']",5,0,0.0,0.20105263157894734,0.10052631578947367,114,0.24856388759509393,0.2778993361070545,0.3472982004505062
mean_concavity,"['mean_symmetry', 'radius_error']","['radius_error', 'mean_symmetry', 'mean_concavity']",5,1,0.20105263157894734,0.4,0.3005263157894737,112,0.27767052767052763,0.3200534515490242,0.3472982004505062
mean_concavity,"['mean_symmetry', 'radius_error']","['radius_error', 'mean_symmetry', 'mean_concavity']",5,2,0.4,0.5996491228070177,0.49982456140350884,115,0.47520976353928307,0.3752105022171223,0.3472982004505062
mean_concavity,"['mean_symmetry', 'radius_error']","['radius_error', 'mean_symmetry', 'mean_concavity']",5,3,0.5996491228070177,0.7989473684210527,0.6992982456140352,114,0.4680950163018165,0.4353446899516813,0.3472982004505062
mean_concavity,"['mean_symmetry', 'radius_error']","['radius_error', 'mean_symmetry', 'mean_concavity']",5,4,0.7989473684210527,1.0,0.8994736842105264,114,0.25818972209284274,0.24279697954548762,0.3472982004505062
mean_concavity,"['mean_symmetry', 'texture_error']","['mean_symmetry', 'texture_error', 'mean_concavity']",1,0,0.0,1.0,0.5,569,0.3151229051066226,0.30656605218329114,0.3151229051066226
mean_concavity,"['mean_symmetry', 'worst_radius']","['worst_radius', 'mean_symmetry', 'mean_concavity']",5,0,0.0,0.20105263157894734,0.10052631578947367,114,0.30135072193758733,0.37034749977349735,0.4951731478501943
mean_concavity,"['mean_symmetry', 'worst_radius']","['worst_radius', 'mean_symmetry', 'mean_concavity']",5,1,0.20105263157894734,0.4,0.3005263157894737,112,0.387065637065637,0.43703341491404657,0.4951731478501943
mean_concavity,"['mean_symmetry', 'worst_radius']","['worst_radius', 'mean_symmetry', 'mean_concavity']",5,2,0.4,0.5996491228070177,0.49982456140350884,115,0.6036613272311214,0.5183201410954955,0.4951731478501943
mean_concavity,"['mean_symmetry', 'worst_radius']","['worst_radius', 'mean_symmetry', 'mean_concavity']",5,3,0.5996491228070177,0.7989473684210527,0.6992982456140352,114,0.6174507064120479,0.5880893766864861,0.4951731478501943
mean_concavity,"['mean_symmetry', 'worst_radius']","['worst_radius', 'mean_symmetry', 'mean_concavity']",5,4,0.7989473684210527,1.0,0.8994736842105264,114,0.47430523210681574,0.4474544334066099,0.4951731478501943
mean_concavity,"['mean_symmetry', 'worst_texture']","['mean_symmetry', 'worst_texture', 'mean_concavity']",1,0,0.0,1.0,0.5,569,0.30339859897522214,0.29883356898234403,0.30339859897522214
mean_concavity,"['mean_fractal_dimension', 'radius_error']","['radius_error', 'mean_fractal_dimension', 'mean_concavity']",4,0,0.0,0.2508771929824561,0.12543859649122804,142,0.5205794231771197,0.4733030934405896,0.4154028506461241
mean_concavity,"['mean_fractal_dimension', 'radius_error']","['radius_error', 'mean_fractal_dimension', 'mean_concavity']",4,1,0.2508771929824561,0.5,0.375438596491228,142,0.3764047754557839,0.3925429126922784,0.4154028506461241
mean_concavity,"['mean_fractal_dimension', 'radius_error']","['radius_error', 'mean_fractal_dimension', 'mean_concavity']",4,2,0.5,0.7482456140350877,0.6241228070175439,141,0.4151172810433738,0.38802954444046467,0.4154028506461241
mean_concavity,"['mean_fractal_dimension', 'radius_error']","['radius_error', 'mean_fractal_dimension', 'mean_concavity']",4,3,0.7482456140350877,1.0,0.8741228070175439,144,0.3212395002288197,0.2998480458078635,0.4154028506461241
mean_concavity,"['mean_fractal_dimension', 'texture_error']","['texture_error', 'mean_fractal_dimension', 'mean_concavity']",1,0,0.0,1.0,0.5,569,0.0026114507784846157,-0.05635749073931887,0.0026114507784846157
mean_concavity,"['mean_fractal_dimension', 'worst_radius']","['mean_fractal_dimension', 'worst_radius', 'mean_concavity']",6,0,0.0,0.16783625730994145,0.08391812865497073,95,0.41321388577827545,0.4183918193125998,0.4749374984529319
mean_concavity,"['mean_fractal_dimension', 'worst_radius']","['mean_fractal_dimension', 'worst_radius', 'mean_concavity']",6,1,0.16783625730994145,0.3342105263157893,0.25102339181286537,95,0.44770436730123175,0.5241727141777833,0.4749374984529319
mean_concavity,"['mean_fractal_dimension', 'worst_radius']","['mean_fractal_dimension', 'worst_radius', 'mean_concavity']",6,2,0.3342105263157893,0.5008771929824561,0.4175438596491227,94,0.40745824754060855,0.507457336489357,0.4749374984529319
mean_concavity,"['mean_fractal_dimension', 'worst_radius']","['mean_fractal_dimension', 'worst_radius', 'mean_concavity']",6,3,0.5008771929824561,0.6660818713450292,0.5834795321637427,95,0.5681970884658454,0.5458412587260555,0.4749374984529319
mean_concavity,"['mean_fractal_dimension', 'worst_radius']","['mean_fractal_dimension', 'worst_radius', 'mean_concavity']",6,4,0.6660818713450292,0.8324561403508772,0.7492690058479532,94,0.5740105239075727,0.4953371865260875,0.4749374984529319
mean_concavity,"['mean_fractal_dimension', 'worst_radius']","['mean_fractal_dimension', 'worst_radius', 'mean_concavity']",6,5,0.8324561403508772,1.0,0.9162280701754386,96,0.4013157894736841,0.37560965848517763,0.4749374984529319
mean_concavity,"['mean_fractal_dimension', 'worst_texture']","['mean_fractal_dimension', 'worst_texture', 'mean_concavity']",1,0,0.0,1.0,0.5,569,0.19812638061305038,0.1956053065425084,0.19812638061305038
mean_concavity,"['radius_error', 'texture_error']","['texture_error', 'radius_error', 'mean_concavity']",4,0,0.0,0.2508771929824561,0.12543859649122804,142,-0.02447307961242633,-7.854294455143493e-07,-0.09667318497982623
mean_concavity,"['radius_error', 'texture_error']","['texture_error', 'radius_error', 'mean_concavity']",4,1,0.2508771929824561,0.5,0.375438596491228,142,-0.12795924483068624,-0.1539678476371769,-0.09667318497982623
mean_concavity,"['radius_error', 'texture_error']","['texture_error', 'radius_error', 'mean_concavity']",4,2,0.5,0.7491228070175439,0.6245614035087719,142,-0.16811507341923881,-0.14120033054328243,-0.09667318497982623
mean_concavity,"['radius_error', 'texture_error']","['texture_error', 'radius_error', 'mean_concavity']",4,3,0.7491228070175439,1.0,0.8745614035087719,143,-0.07298335467349551,-0.10237141786506043,-0.09667318497982623
mean_concavity,"['radius_error', 'worst_radius']","['worst_radius', 'radius_error', 'mean_concavity']",1,0,0.0,1.0,0.5,569,0.2993762221837174,0.2864539669529667,0.2993762221837174
mean_concavity,"['radius_error', 'worst_texture']","['radius_error', 'worst_texture', 'mean_concavity']",3,0,0.0,0.3339181286549707,0.16695906432748536,190,0.28844333054859367,0.3253418880767145,0.3633382014406297
mean_concavity,"['radius_error', 'worst_texture']","['radius_error', 'worst_texture', 'mean_concavity']",3,1,0.3339181286549707,0.6660818713450292,0.49999999999999994,189,0.36102668017561634,0.2883510675127869,0.3633382014406297
mean_concavity,"['radius_error', 'worst_texture']","['radius_error', 'worst_texture', 'mean_concavity']",3,2,0.6660818713450292,1.0,0.8330409356725146,190,0.44483430799220275,0.39816606476722644,0.3633382014406297
mean_concavity,"['texture_error', 'worst_radius']","['worst_radius', 'texture_error', 'mean_concavity']",5,0,0.0,0.20105263157894734,0.10052631578947367,114,0.5083456268715459,0.5645026928190341,0.49713861810788235
mean_concavity,"['texture_error', 'worst_radius']","['worst_radius', 'texture_error', 'mean_concavity']",5,1,0.20105263157894734,0.4003508771929825,0.3007017543859649,114,0.5590746778450552,0.5164519456630638,0.49713861810788235
mean_concavity,"['texture_error', 'worst_radius']","['worst_radius', 'texture_error', 'mean_concavity']",5,2,0.4003508771929825,0.5996491228070177,0.5000000000000001,113,0.385460293577998,0.36479358940428447,0.49713861810788235
mean_concavity,"['texture_error', 'worst_radius']","['worst_radius', 'texture_error', 'mean_concavity']",5,3,0.5996491228070177,0.7992982456140352,0.6994736842105265,114,0.5627524686781356,0.4993705392365629,0.49713861810788235
mean_concavity,"['texture_error', 'worst_radius']","['worst_radius', 'texture_error', 'mean_concavity']",5,4,0.7992982456140352,1.0,0.8996491228070176,114,0.4706438821681264,0.4357168207970923,0.49713861810788235
mean_concavity,"['texture_error', 'worst_texture']","['texture_error', 'worst_texture', 'mean_concavity']",6,0,0.0,0.16783625730994145,0.08391812865497073,95,-0.03919372900335946,-0.01688195360291658,-0.10605460531201268
mean_concavity,"['texture_error', 'worst_texture']","['texture_error', 'worst_texture', 'mean_concavity']",6,1,0.16783625730994145,0.3339181286549707,0.2508771929824561,95,-0.013661814109742439,-0.07034066346414083,-0.10605460531201268
mean_concavity,"['texture_error', 'worst_texture']","['texture_error', 'worst_texture', 'mean_concavity']",6,2,0.3339181286549707,0.5,0.41695906432748536,94,-0.10958590711507664,-0.10273089259034628,-0.10605460531201268
mean_concavity,"['texture_error', 'worst_texture']","['texture_error', 'worst_texture', 'mean_concavity']",6,3,0.5,0.6660818713450292,0.5830409356725146,95,-0.30750279955207166,-0.2980148473442229,-0.10605460531201268
mean_concavity,"['texture_error', 'worst_texture']","['texture_error', 'worst_texture', 'mean_concavity']",6,4,0.6660818713450292,0.8321637426900584,0.7491228070175437,95,-0.11220604703247479,-0.07357498939141784,-0.10605460531201268
mean_concavity,"['texture_error', 'worst_texture']","['texture_error', 'worst_texture', 'mean_concavity']",6,5,0.8321637426900584,1.0,0.9160818713450292,95,-0.09697648376259799,-0.1165492761655077,-0.10605460531201268
mean_concavity,"['worst_radius', 'worst_texture']","['worst_radius', 'worst_texture', 'mean_concavity']",1,0,0.0,1.0,0.5,569,0.4412856753880046,0.43046621528203277,0.4412856753880046
mean_concave_points,"['mean_radius', 'mean_texture']","['mean_texture', 'mean_radius', 'mean_concave_points']",1,0,0.0,1.0,0.5,569,0.04232778039060372,0.0,0.04232778039060372
mean_concave_points,"['mean_radius', 'mean_smoothness']","['mean_radius', 'mean_smoothness', 'mean_concave_points']",2,0,0.0,0.5,0.25,284,0.5588513412631264,0.5863439370377649,0.6591871085917967
mean_concave_points,"['mean_radius', 'mean_smoothness']","['mean_radius', 'mean_smoothness', 'mean_concave_points']",2,1,0.5,1.0,0.75,285,0.7518161601186064,0.7204832590427716,0.6591871085917967
mean_concave_points,"['mean_compactness', 'mean_radius']","['mean_compactness', 'mean_radius', 'mean_concave_points']",3,0,0.0,0.3342105263157894,0.1671052631578947,189,0.5830237532365191,0.6029275166263761,0.6328003168395256
mean_concave_points,"['mean_compactness', 'mean_radius']","['mean_compactness', 'mean_radius', 'mean_concave_points']",3,1,0.3342105263157894,0.6660818713450292,0.5001461988304092,190,0.663714842662211,0.6350554235549057,0.6328003168395256
mean_concave_points,"['mean_compactness', 'mean_radius']","['mean_compactness', 'mean_radius', 'mean_concave_points']",3,2,0.6660818713450292,1.0,0.8330409356725146,190,0.6579225842383737,0.6685228669866083,0.6328003168395256
mean_concave_points,"['mean_concavity', 'mean_radius']","['mean_concavity', 'mean_radius', 'mean_concave_points']",3,0,0.0,0.3342105263157894,0.1671052631578947,189,0.6455026455026455,0.6576140099601354,0.6993737468749226
mean_concave_points,"['mean_concavity', 'mean_radius']","['mean_concavity', 'mean_radius', 'mean_concave_points']",3,1,0.3342105263157894,0.6660818713450292,0.5001461988304092,190,0.7268727373990532,0.6763991365441127,0.6993737468749226
mean_concave_points,"['mean_concavity', 'mean_radius']","['mean_concavity', 'mean_radius', 'mean_concave_points']",3,2,0.6660818713450292,1.0,0.8330409356725146,190,0.7399053188526873,0.7461244633564208,0.6993737468749226
mean_concave_points,"['mean_radius', 'mean_symmetry']","['mean_radius', 'mean_symmetry', 'mean_concave_points']",3,0,0.0,0.3339181286549707,0.16695906432748536,190,0.41687552213868,0.5168752887293061,0.6022921359439589
mean_concave_points,"['mean_radius', 'mean_symmetry']","['mean_radius', 'mean_symmetry', 'mean_concave_points']",3,1,0.3339181286549707,0.6657894736842104,0.49985380116959055,189,0.6652031971180907,0.6142102657715888,0.6022921359439589
mean_concave_points,"['mean_radius', 'mean_symmetry']","['mean_radius', 'mean_symmetry', 'mean_concave_points']",3,2,0.6657894736842104,1.0,0.8328947368421051,190,0.6834307992202728,0.6473043164368916,0.6022921359439589
mean_concave_points,"['mean_fractal_dimension', 'mean_radius']","['mean_fractal_dimension', 'mean_radius', 'mean_concave_points']",1,0,0.0,1.0,0.5,569,0.5315725636773186,0.5179157697644118,0.5315725636773186
mean_concave_points,"['mean_radius', 'radius_error']","['mean_radius', 'radius_error', 'mean_concave_points']",3,0,0.0,0.3342105263157894,0.1671052631578947,190,0.2888888888888889,0.36954591805005327,0.40644570410158665
mean_concave_points,"['mean_radius', 'radius_error']","['mean_radius', 'radius_error', 'mean_concave_points']",3,1,0.3342105263157894,0.6666666666666665,0.5004385964912279,189,0.46099290780141844,0.45549388452612916,0.40644570410158665
mean_concave_points,"['mean_radius', 'radius_error']","['mean_radius', 'radius_error', 'mean_concave_points']",3,2,0.6666666666666665,1.0,0.8333333333333333,190,0.46833751044277355,0.4483003140070597,0.40644570410158665
mean_concave_points,"['mean_radius', 'texture_error']","['texture_error', 'mean_radius', 'mean_concave_points']",6,0,0.0,0.16783625730994145,0.08391812865497073,95,-0.007838745800671891,0.00877453626579125,0.09403698111339388
mean_concave_points,"['mean_radius', 'texture_error']","['texture_error', 'mean_radius', 'mean_concave_points']",6,1,0.16783625730994145,0.3342105263157894,0.2510233918128654,94,0.0921985815602837,0.08537318906845733,0.09403698111339388
mean_concave_points,"['mean_radius', 'texture_error']","['texture_error', 'mean_radius', 'mean_concave_points']",6,2,0.3342105263157894,0.5,0.4171052631578947,95,-0.027995520716685325,4.61282277671987e-06,0.09403698111339388
mean_concave_points,"['mean_radius', 'texture_error']","['texture_error', 'mean_radius', 'mean_concave_points']",6,3,0.5,0.6660818713450292,0.5830409356725146,95,0.2179171332586786,0.21818025864280144,0.09403698111339388
mean_concave_points,"['mean_radius', 'texture_error']","['texture_error', 'mean_radius', 'mean_concave_points']",6,4,0.6660818713450292,0.8321637426900584,0.7491228070175437,95,0.09832026875699887,0.06986605899482505,0.09403698111339388
mean_concave_points,"['mean_radius', 'texture_error']","['texture_error', 'mean_radius', 'mean_concave_points']",6,5,0.8321637426900584,1.0,0.9160818713450292,95,0.1431131019036954,0.13235817025213886,0.09403698111339388
mean_concave_points,"['mean_radius', 'worst_radius']","['worst_radius', 'mean_radius', 'mean_concave_points']",3,0,0.0,0.3342105263157894,0.1671052631578947,189,0.07767646065518406,0.07190941059802346,0.15434216918243013
mean_concave_points,"['mean_radius', 'worst_radius']","['worst_radius', 'mean_radius', 'mean_concave_points']",3,1,0.3342105263157894,0.6660818713450292,0.5001461988304092,190,0.2686791613172495,0.31223812944035945,0.15434216918243013
mean_concave_points,"['mean_radius', 'worst_radius']","['worst_radius', 'mean_radius', 'mean_concave_points']",3,2,0.6660818713450292,1.0,0.8330409356725146,190,0.10799220272904483,0.058495004040311306,0.15434216918243013
mean_concave_points,"['mean_radius', 'worst_texture']","['worst_texture', 'mean_radius', 'mean_concave_points']",1,0,0.0,1.0,0.5,569,0.053293398351444345,0.0,0.053293398351444345
mean_concave_points,"['mean_smoothness', 'mean_texture']","['mean_smoothness', 'mean_texture', 'mean_concave_points']",5,0,0.0,0.20105263157894734,0.10052631578947367,114,0.3618293443920607,0.3338115857979369,0.41434261166678804
mean_concave_points,"['mean_smoothness', 'mean_texture']","['mean_smoothness', 'mean_texture', 'mean_concave_points']",5,1,0.20105263157894734,0.4003508771929825,0.3007017543859649,114,0.39704860237272643,0.41468023076558835,0.41434261166678804
mean_concave_points,"['mean_smoothness', 'mean_texture']","['mean_smoothness', 'mean_texture', 'mean_concave_points']",5,2,0.4003508771929825,0.5996491228070177,0.5000000000000001,113,0.38665825517612323,0.39965180026746616,0.41434261166678804
mean_concave_points,"['mean_smoothness', 'mean_texture']","['mean_smoothness', 'mean_texture', 'mean_concave_points']",5,3,0.5996491228070177,0.7991228070175439,0.6993859649122808,113,0.37520758374133373,0.3769717753042504,0.41434261166678804
mean_concave_points,"['mean_smoothness', 'mean_texture']","['mean_smoothness', 'mean_texture', 'mean_concave_points']",5,4,0.7991228070175439,1.0,0.899561403508772,115,0.5607020629391029,0.5142956693949983,0.41434261166678804
mean_concave_points,"['mean_compactness', 'mean_texture']","['mean_texture', 'mean_compactness', 'mean_concave_points']",1,0,0.0,1.0,0.5,569,0.08372731998316789,0.08440760584458395,0.08372731998316789
mean_concave_points,"['mean_concavity', 'mean_texture']","['mean_concavity', 'mean_texture', 'mean_concave_points']",1,0,0.0,1.0,0.5,569,0.7591648308126439,0.7567360191492251,0.7591648308126439
mean_concave_points,"['mean_symmetry', 'mean_texture']","['mean_symmetry', 'mean_texture', 'mean_concave_points']",1,0,0.0,1.0,0.5,569,0.28815069679942573,0.2778510911782609,0.28815069679942573
mean_concave_points,"['mean_fractal_dimension', 'mean_texture']","['mean_fractal_dimension', 'mean_texture', 'mean_concave_points']",3,0,0.0,0.3339181286549707,0.16695906432748536,190,0.14901677156762635,0.15732401418614994,0.11477576543184083
mean_concave_points,"['mean_fractal_dimension', 'mean_texture']","['mean_fractal_dimension', 'mean_texture', 'mean_concave_points']",3,1,0.3339181286549707,0.6657894736842105,0.4998538011695906,188,0.06327169366716551,0.057404921881779175,0.11477576543184083
mean_concave_points,"['mean_fractal_dimension', 'mean_texture']","['mean_fractal_dimension', 'mean_texture', 'mean_concave_points']",3,2,0.6657894736842105,1.0,0.8328947368421052,191,0.13587256276608242,0.13244349128583455,0.11477576543184083
mean_concave_points,"['mean_texture', 'radius_error']","['mean_texture', 'radius_error', 'mean_concave_points']",1,0,0.0,1.0,0.5,569,0.06756355355330577,0.0,0.06756355355330577
mean_concave_points,"['mean_texture', 'texture_error']","['texture_error', 'mean_texture', 'mean_concave_points']",1,0,0.0,1.0,0.5,569,-0.09693309240327731,-0.0934522500495165,-0.09693309240327731
mean_concave_points,"['mean_texture', 'worst_radius']","['mean_texture', 'worst_radius', 'mean_concave_points']",1,0,0.0,1.0,0.5,569,0.013898858882645608,0.0,0.013898858882645608
mean_concave_points,"['mean_texture', 'worst_texture']","['worst_texture', 'mean_texture', 'mean_concave_points']",1,0,0.0,1.0,0.5,569,0.040013366667491765,0.0,0.040013366667491765
mean_concave_points,"['mean_compactness', 'mean_smoothness']","['mean_compactness', 'mean_smoothness', 'mean_concave_points']",1,0,0.0,1.0,0.5,569,0.5635411767618009,0.5446029236926188,0.5635411767618009
mean_concave_points,"['mean_concavity', 'mean_smoothness']","['mean_smoothness', 'mean_concavity', 'mean_concave_points']",1,0,0.0,1.0,0.5,569,0.14258745007151857,0.13722421396949833,0.14258745007151857
mean_concave_points,"['mean_smoothness', 'mean_symmetry']","['mean_smoothness', 'mean_symmetry', 'mean_concave_points']",6,0,0.0,0.16783625730994145,0.08391812865497073,95,0.29585666293393054,0.37468717171711524,0.2942028268026436
mean_concave_points,"['mean_smoothness', 'mean_symmetry']","['mean_smoothness', 'mean_symmetry', 'mean_concave_points']",6,1,0.16783625730994145,0.3339181286549707,0.2508771929824561,95,0.38409854423292267,0.44697322124294525,0.2942028268026436
mean_concave_points,"['mean_smoothness', 'mean_symmetry']","['mean_smoothness', 'mean_symmetry', 'mean_concave_points']",6,2,0.3339181286549707,0.4991228070175438,0.4165204678362573,93,0.17531556802244036,0.2407186286994733,0.2942028268026436
mean_concave_points,"['mean_smoothness', 'mean_symmetry']","['mean_smoothness', 'mean_symmetry', 'mean_concave_points']",6,3,0.4991228070175438,0.6657894736842104,0.5824561403508771,96,0.36535087719298237,0.2907573901298948,0.2942028268026436
mean_concave_points,"['mean_smoothness', 'mean_symmetry']","['mean_smoothness', 'mean_symmetry', 'mean_concave_points']",6,4,0.6657894736842104,0.8321637426900584,0.7489766081871344,95,0.31511758118701,0.24912125207014166,0.2942028268026436
mean_concave_points,"['mean_smoothness', 'mean_symmetry']","['mean_smoothness', 'mean_symmetry', 'mean_concave_points']",6,5,0.8321637426900584,1.0,0.9160818713450292,95,0.24300111982082861,0.21261175486907474,0.2942028268026436
mean_concave_points,"['mean_fractal_dimension', 'mean_smoothness']","['mean_fractal_dimension', 'mean_smoothness', 'mean_concave_points']",1,0,0.0,1.0,0.5,569,-0.20517834599866333,-0.20894889164631303,-0.20517834599866333
mean_concave_points,"['mean_smoothness', 'radius_error']","['radius_error', 'mean_smoothness', 'mean_concave_points']",4,0,0.0,0.2508771929824561,0.12543859649122804,142,0.24043552092698028,0.3159300484848785,0.40353721626772937
mean_concave_points,"['mean_smoothness', 'radius_error']","['radius_error', 'mean_smoothness', 'mean_concave_points']",4,1,0.2508771929824561,0.5,0.375438596491228,142,0.41544301268604533,0.41894907867639075,0.40353721626772937
mean_concave_points,"['mean_smoothness', 'radius_error']","['radius_error', 'mean_smoothness', 'mean_concave_points']",4,2,0.5,0.7482456140350877,0.6241228070175439,141,0.436676798378926,0.4398978515054537,0.40353721626772937
mean_concave_points,"['mean_smoothness', 'radius_error']","['radius_error', 'mean_smoothness', 'mean_concave_points']",4,3,0.7482456140350877,1.0,0.8741228070175439,144,0.5128205128205128,0.41282125806690995,0.40353721626772937
mean_concave_points,"['mean_smoothness', 'texture_error']","['mean_smoothness', 'texture_error', 'mean_concave_points']",1,0,0.0,1.0,0.5,569,0.3995568077285774,0.39462144375161157,0.3995568077285774
mean_concave_points,"['mean_smoothness', 'worst_radius']","['worst_radius', 'mean_smoothness', 'mean_concave_points']",2,0,0.0,0.5,0.25,284,0.5534763350420544,0.5708176030411253,0.6554988984875862
mean_concave_points,"['mean_smoothness', 'worst_radius']","['worst_radius', 'mean_smoothness', 'mean_concave_points']",2,1,0.5,1.0,0.75,285,0.745638744749197,0.6999539028064604,0.6554988984875862
mean_concave_points,"['mean_smoothness', 'worst_texture']","['mean_smoothness', 'worst_texture', 'mean_concave_points']",1,0,0.0,1.0,0.5,569,0.40061167019544586,0.3978034279559733,0.40061167019544586
mean_concave_points,"['mean_compactness', 'mean_concavity']","['mean_compactness', 'mean_concavity', 'mean_concave_points']",1,0,0.0,1.0,0.5,569,0.02519234770754821,0.0,0.02519234770754821
mean_concave_points,"['mean_compactness', 'mean_symmetry']","['mean_compactness', 'mean_symmetry', 'mean_concave_points']",5,0,0.0,0.20105263157894734,0.10052631578947367,114,0.5705635770843037,0.591792613043616,0.5982821356964281
mean_concave_points,"['mean_compactness', 'mean_symmetry']","['mean_compactness', 'mean_symmetry', 'mean_concave_points']",5,1,0.20105263157894734,0.4,0.3005263157894737,112,0.5820463320463319,0.600206531471305,0.5982821356964281
mean_concave_points,"['mean_compactness', 'mean_symmetry']","['mean_compactness', 'mean_symmetry', 'mean_concave_points']",5,2,0.4,0.5996491228070177,0.49982456140350884,115,0.6448512585812358,0.609428827371849,0.5982821356964281
mean_concave_points,"['mean_compactness', 'mean_symmetry']","['mean_compactness', 'mean_symmetry', 'mean_concave_points']",5,3,0.5996491228070177,0.7989473684210527,0.6992982456140352,114,0.6655798789007918,0.6486983120794345,0.5982821356964281
mean_concave_points,"['mean_compactness', 'mean_symmetry']","['mean_compactness', 'mean_symmetry', 'mean_concave_points']",5,4,0.7989473684210527,1.0,0.8994736842105264,114,0.5410650520105574,0.5171263730606936,0.5982821356964281
mean_concave_points,"['mean_compactness', 'mean_fractal_dimension']","['mean_fractal_dimension', 'mean_compactness', 'mean_concave_points']",3,0,0.0,0.3339181286549707,0.16695906432748536,190,-0.3305485937064884,-0.35546872275372016,-0.4545162008960617
mean_concave_points,"['mean_compactness', 'mean_fractal_dimension']","['mean_fractal_dimension', 'mean_compactness', 'mean_concave_points']",3,1,0.3339181286549707,0.6660818713450292,0.49999999999999994,189,-0.5166047506473038,-0.5097389856076591,-0.4545162008960617
mean_concave_points,"['mean_compactness', 'mean_fractal_dimension']","['mean_fractal_dimension', 'mean_compactness', 'mean_concave_points']",3,2,0.6660818713450292,1.0,0.8330409356725146,190,-0.5148983570036201,-0.4859031930429014,-0.4545162008960617
mean_concave_points,"['mean_compactness', 'radius_error']","['mean_compactness', 'radius_error', 'mean_concave_points']",1,0,0.0,1.0,0.5,569,0.5751998811851778,0.5696419584104948,0.5751998811851778
mean_concave_points,"['mean_compactness', 'texture_error']","['texture_error', 'mean_compactness', 'mean_concave_points']",1,0,0.0,1.0,0.5,569,-0.04847464618434789,-0.06598325165509013,-0.04847464618434789
mean_concave_points,"['mean_compactness', 'worst_radius']","['mean_compactness', 'worst_radius', 'mean_concave_points']",3,0,0.0,0.3342105263157893,0.16710526315789465,190,0.5817321080478974,0.5671022108255508,0.5927993267160078
mean_concave_points,"['mean_compactness', 'worst_radius']","['mean_compactness', 'worst_radius', 'mean_concave_points']",3,1,0.3342105263157893,0.6660818713450292,0.5001461988304092,189,0.6399864910503208,0.6544511508228301,0.5927993267160078
mean_concave_points,"['mean_compactness', 'worst_radius']","['mean_compactness', 'worst_radius', 'mean_concave_points']",3,2,0.6660818713450292,1.0,0.8330409356725146,190,0.5617933723196881,0.5609978435314306,0.5927993267160078
mean_concave_points,"['mean_compactness', 'worst_texture']","['worst_texture', 'mean_compactness', 'mean_concave_points']",5,0,0.0,0.20105263157894734,0.10052631578947367,114,-0.08306163639186462,-0.07436920573141403,0.07699448006138765
mean_concave_points,"['mean_compactness', 'worst_texture']","['worst_texture', 'mean_compactness', 'mean_concave_points']",5,1,0.20105263157894734,0.4003508771929825,0.3007017543859649,114,0.02220152150287223,0.02374503101129477,0.07699448006138765
mean_concave_points,"['mean_compactness', 'worst_texture']","['worst_texture', 'mean_compactness', 'mean_concave_points']",5,2,0.4003508771929825,0.5996491228070177,0.5000000000000001,113,0.17667509481668772,0.1847989307947464,0.07699448006138765
mean_concave_points,"['mean_compactness', 'worst_texture']","['worst_texture', 'mean_compactness', 'mean_concave_points']",5,3,0.5996491228070177,0.7989473684210527,0.6992982456140352,114,0.21782331936034782,0.22849338190207757,0.07699448006138765
mean_concave_points,"['mean_compactness', 'worst_texture']","['worst_texture', 'mean_compactness', 'mean_concave_points']",5,4,0.7989473684210527,1.0,0.8994736842105264,114,0.061325881074367344,0.06668585203950439,0.07699448006138765
mean_concave_points,"['mean_concavity', 'mean_symmetry']","['mean_concavity', 'mean_symmetry', 'mean_concave_points']",4,0,0.0,0.2491228070175438,0.1245614035087719,140,0.6717368961973279,0.7176234960754942,0.7392014653828065
mean_concave_points,"['mean_concavity', 'mean_symmetry']","['mean_concavity', 'mean_symmetry', 'mean_concave_points']",4,1,0.2491228070175438,0.4991228070175438,0.3741228070175438,143,0.7675563872746971,0.7688240784685858,0.7392014653828065
mean_concave_points,"['mean_concavity', 'mean_symmetry']","['mean_concavity', 'mean_symmetry', 'mean_concave_points']",4,2,0.4991228070175438,0.75,0.6245614035087719,143,0.8169999015069436,0.788830789018951,0.7392014653828065
mean_concave_points,"['mean_concavity', 'mean_symmetry']","['mean_concavity', 'mean_symmetry', 'mean_concave_points']",4,3,0.75,1.0,0.875,143,0.7088545257559342,0.68639601871913,0.7392014653828065
mean_concave_points,"['mean_concavity', 'mean_fractal_dimension']","['mean_fractal_dimension', 'mean_concavity', 'mean_concave_points']",2,0,0.0,0.5,0.25,284,-0.05504772567721068,-0.05765349661158008,-0.1876118081119868
mean_concave_points,"['mean_concavity', 'mean_fractal_dimension']","['mean_fractal_dimension', 'mean_concavity', 'mean_concave_points']",2,1,0.5,1.0,0.75,285,-0.3168766987892266,-0.2921215967794359,-0.1876118081119868
mean_concave_points,"['mean_concavity', 'radius_error']","['mean_concavity', 'radius_error', 'mean_concave_points']",1,0,0.0,1.0,0.5,569,0.6986806604123864,0.7097729119306069,0.6986806604123864
mean_concave_points,"['mean_concavity', 'texture_error']","['texture_error', 'mean_concavity', 'mean_concave_points']",3,0,0.0,0.3339181286549707,0.16695906432748536,190,0.025903749406372852,-7.923164566665282e-07,-0.07131802161696976
mean_concave_points,"['mean_concavity', 'texture_error']","['texture_error', 'mean_concavity', 'mean_concave_points']",3,1,0.3339181286549707,0.6660818713450292,0.49999999999999994,189,-0.12491907686976558,-0.07813592671272306,-0.07131802161696976
mean_concave_points,"['mean_concavity', 'texture_error']","['texture_error', 'mean_concavity', 'mean_concave_points']",3,2,0.6660818713450292,1.0,0.8330409356725146,190,-0.1485628362990205,-0.10537950977514297,-0.07131802161696976
mean_concave_points,"['mean_concavity', 'worst_radius']","['mean_concavity', 'worst_radius', 'mean_concave_points']",3,0,0.0,0.3342105263157893,0.16710526315789465,190,0.6553606237816765,0.6528674249635144,0.6906359068293769
mean_concave_points,"['mean_concavity', 'worst_radius']","['mean_concavity', 'worst_radius', 'mean_concave_points']",3,1,0.3342105263157893,0.6660818713450292,0.5001461988304092,189,0.6820893842170438,0.662028293783886,0.6906359068293769
mean_concave_points,"['mean_concavity', 'worst_radius']","['mean_concavity', 'worst_radius', 'mean_concave_points']",3,2,0.6660818713450292,1.0,0.8330409356725146,190,0.74057365636313,0.7417213649849006,0.6906359068293769
mean_concave_points,"['mean_concavity', 'worst_texture']","['mean_concavity', 'worst_texture', 'mean_concave_points']",1,0,0.0,1.0,0.5,569,0.7606376395455332,0.7568412918940345,0.7606376395455332
mean_concave_points,"['mean_fractal_dimension', 'mean_symmetry']","['mean_fractal_dimension', 'mean_symmetry', 'mean_concave_points']",1,0,0.0,1.0,0.5,569,-0.04559518799970296,0.0,-0.04559518799970296
mean_concave_points,"['mean_symmetry', 'radius_error']","['mean_symmetry', 'radius_error', 'mean_concave_points']",4,0,0.0,0.2508771929824561,0.12543859649122804,142,0.11377484766756567,0.1872397059805793,0.20704720413871627
mean_concave_points,"['mean_symmetry', 'radius_error']","['mean_symmetry', 'radius_error', 'mean_concave_points']",4,1,0.2508771929824561,0.5,0.375438596491228,142,0.3037658575566876,0.3136689006482841,0.20704720413871627
mean_concave_points,"['mean_symmetry', 'radius_error']","['mean_symmetry', 'radius_error', 'mean_concave_points']",4,2,0.5,0.7491228070175439,0.6245614035087719,142,0.18229947058235937,0.15351569995584682,0.20704720413871627
mean_concave_points,"['mean_symmetry', 'radius_error']","['mean_symmetry', 'radius_error', 'mean_concave_points']",4,3,0.7491228070175439,1.0,0.8745614035087719,143,0.22091992514527722,0.164888635021232,0.20704720413871627
mean_concave_points,"['mean_symmetry', 'texture_error']","['texture_error', 'mean_symmetry', 'mean_concave_points']",1,0,0.0,1.0,0.5,569,-0.033676576152875067,-0.07190795464036268,-0.033676576152875067
mean_concave_points,"['mean_symmetry', 'worst_radius']","['mean_symmetry', 'worst_radius', 'mean_concave_points']",1,0,0.0,1.0,0.5,569,0.33179039085125867,0.3282959755941369,0.33179039085125867
mean_concave_points,"['mean_symmetry', 'worst_texture']","['mean_symmetry', 'worst_texture', 'mean_concave_points']",1,0,0.0,1.0,0.5,569,0.28428921507958116,0.2727274972599299,0.28428921507958116
mean_concave_points,"['mean_fractal_dimension', 'radius_error']","['mean_fractal_dimension', 'radius_error', 'mean_concave_points']",1,0,0.0,1.0,0.5,569,0.152817714110269,0.12638145927366348,0.152817714110269
mean_concave_points,"['mean_fractal_dimension', 'texture_error']","['texture_error', 'mean_fractal_dimension', 'mean_concave_points']",1,0,0.0,1.0,0.5,569,-0.012141389638357383,-0.06150243739869994,-0.012141389638357383
mean_concave_points,"['mean_fractal_dimension', 'worst_radius']","['mean_fractal_dimension', 'worst_radius', 'mean_concave_points']",3,0,0.0,0.3342105263157893,0.16710526315789465,190,0.4345864661654135,0.47590535190507344,0.4730810168568529
mean_concave_points,"['mean_fractal_dimension', 'worst_radius']","['mean_fractal_dimension', 'worst_radius', 'mean_concave_points']",3,1,0.3342105263157893,0.6660818713450292,0.5001461988304092,189,0.5208825847123719,0.5299716920668195,0.4730810168568529
mean_concave_points,"['mean_fractal_dimension', 'worst_radius']","['mean_fractal_dimension', 'worst_radius', 'mean_concave_points']",3,2,0.6660818713450292,1.0,0.8330409356725146,190,0.4504037872458925,0.37026357185862746,0.4730810168568529
mean_concave_points,"['mean_fractal_dimension', 'worst_texture']","['mean_fractal_dimension', 'worst_texture', 'mean_concave_points']",1,0,0.0,1.0,0.5,569,0.11202753484068852,0.1061247618642619,0.11202753484068852
mean_concave_points,"['radius_error', 'texture_error']","['texture_error', 'radius_error', 'mean_concave_points']",1,0,0.0,1.0,0.5,569,-0.1588776949924503,-0.14308515330669733,-0.1588776949924503
mean_concave_points,"['radius_error', 'worst_radius']","['radius_error', 'worst_radius', 'mean_concave_points']",4,0,0.0,0.25,0.125,141,0.04356636271529889,0.09190145107796192,0.17298695512265153
mean_concave_points,"['radius_error', 'worst_radius']","['radius_error', 'worst_radius', 'mean_concave_points']",4,1,0.25,0.5008771929824561,0.37543859649122807,143,0.19038707771102134,0.24629268519717967,0.17298695512265153
mean_concave_points,"['radius_error', 'worst_radius']","['radius_error', 'worst_radius', 'mean_concave_points']",4,2,0.5008771929824561,0.7491228070175439,0.625,142,0.19648386774547996,0.13676005134506564,0.17298695512265153
mean_concave_points,"['radius_error', 'worst_radius']","['radius_error', 'worst_radius', 'mean_concave_points']",4,3,0.7491228070175439,1.0,0.8745614035087719,143,0.24849798089234704,0.18932281872222928,0.17298695512265153
mean_concave_points,"['radius_error', 'worst_texture']","['worst_texture', 'radius_error', 'mean_concave_points']",2,0,0.0,0.5,0.25,284,0.03777434927586722,0.04697946906195405,0.10688383375826134
mean_concave_points,"['radius_error', 'worst_texture']","['worst_texture', 'radius_error', 'mean_concave_points']",2,1,0.5,1.0,0.75,285,0.17039782554978997,0.17143664415790383,0.10688383375826134
mean_concave_points,"['texture_error', 'worst_radius']","['texture_error', 'worst_radius', 'mean_concave_points']",3,0,0.0,0.3342105263157893,0.16710526315789465,190,0.03614592035644667,0.025472743607584735,0.11343102552043367
mean_concave_points,"['texture_error', 'worst_radius']","['texture_error', 'worst_radius', 'mean_concave_points']",3,1,0.3342105263157893,0.6660818713450292,0.5001461988304092,189,0.11662726556343576,0.13712573413074186,0.11343102552043367
mean_concave_points,"['texture_error', 'worst_radius']","['texture_error', 'worst_radius', 'mean_concave_points']",3,2,0.6660818713450292,1.0,0.8330409356725146,190,0.1537733221943748,0.1526693338928301,0.11343102552043367
mean_concave_points,"['texture_error', 'worst_texture']","['texture_error', 'worst_texture', 'mean_concave_points']",6,0,0.0,0.16783625730994145,0.08391812865497073,95,-0.05039193729003359,-0.01067243486038195,-0.12021337161810935
mean_concave_points,"['texture_error', 'worst_texture']","['texture_error', 'worst_texture', 'mean_concave_points']",6,1,0.16783625730994145,0.3339181286549707,0.2508771929824561,95,-0.029339305711086224,-0.0682587572276632,-0.12021337161810935
mean_concave_points,"['texture_error', 'worst_texture']","['texture_error', 'worst_texture', 'mean_concave_points']",6,2,0.3339181286549707,0.5,0.41695906432748536,94,-0.11004346831388698,-0.1049660604759177,-0.12021337161810935
mean_concave_points,"['texture_error', 'worst_texture']","['texture_error', 'worst_texture', 'mean_concave_points']",6,3,0.5,0.6660818713450292,0.5830409356725146,95,-0.3066069428891377,-0.29379168757569185,-0.12021337161810935
mean_concave_points,"['texture_error', 'worst_texture']","['texture_error', 'worst_texture', 'mean_concave_points']",6,4,0.6660818713450292,0.8321637426900584,0.7491228070175437,95,-0.14624860022396416,-0.0991416388936737,-0.12021337161810935
mean_concave_points,"['texture_error', 'worst_texture']","['texture_error', 'worst_texture', 'mean_concave_points']",6,5,0.8321637426900584,1.0,0.9160818713450292,95,-0.11175811870100782,-0.1258569216785606,-0.12021337161810935
mean_concave_points,"['worst_radius', 'worst_texture']","['worst_texture', 'worst_radius', 'mean_concave_points']",1,0,0.0,1.0,0.5,569,-0.004109012599321765,0.0,-0.004109012599321765
mean_symmetry,"['mean_radius', 'mean_texture']","['mean_texture', 'mean_radius', 'mean_symmetry']",1,0,0.0,1.0,0.5,569,0.05084284264461991,0.048522616837063576,0.05084284264461991
mean_symmetry,"['mean_radius', 'mean_smoothness']","['mean_radius', 'mean_smoothness', 'mean_symmetry']",1,0,0.0,1.0,0.5,569,0.05698160845565484,0.0,0.05698160845565484
mean_symmetry,"['mean_compactness', 'mean_radius']","['mean_radius', 'mean_compactness', 'mean_symmetry']",1,0,0.0,1.0,0.5,569,-0.15463254040941607,-0.15100590385752635,-0.15463254040941607
mean_symmetry,"['mean_concavity', 'mean_radius']","['mean_radius', 'mean_concavity', 'mean_symmetry']",6,0,0.0,0.16783625730994145,0.08391812865497073,95,-0.38589025755879053,-0.3615608759421995,-0.2032847347706626
mean_symmetry,"['mean_concavity', 'mean_radius']","['mean_radius', 'mean_concavity', 'mean_symmetry']",6,1,0.16783625730994145,0.3339181286549707,0.2508771929824561,95,-0.08264277715565509,-0.09863121298810773,-0.2032847347706626
mean_symmetry,"['mean_concavity', 'mean_radius']","['mean_radius', 'mean_concavity', 'mean_symmetry']",6,2,0.3339181286549707,0.5,0.41695906432748536,94,-0.16220544497826583,-0.180022709060901,-0.2032847347706626
mean_symmetry,"['mean_concavity', 'mean_radius']","['mean_radius', 'mean_concavity', 'mean_symmetry']",6,3,0.5,0.6660818713450292,0.5830409356725146,95,-0.08085106382978723,-0.09069977607707402,-0.2032847347706626
mean_symmetry,"['mean_concavity', 'mean_radius']","['mean_radius', 'mean_concavity', 'mean_symmetry']",6,4,0.6660818713450292,0.8321637426900584,0.7491228070175437,95,-0.20268756998880177,-0.16341441549118896,-0.2032847347706626
mean_symmetry,"['mean_concavity', 'mean_radius']","['mean_radius', 'mean_concavity', 'mean_symmetry']",6,5,0.8321637426900584,1.0,0.9160818713450292,95,-0.30436730123180283,-0.29727448089668573,-0.2032847347706626
mean_symmetry,"['mean_concave_points', 'mean_radius']","['mean_concave_points', 'mean_radius', 'mean_symmetry']",1,0,0.0,1.0,0.5,569,0.35862273818658874,0.36047893518214436,0.35862273818658874
mean_symmetry,"['mean_fractal_dimension', 'mean_radius']","['mean_fractal_dimension', 'mean_radius', 'mean_symmetry']",1,0,0.0,1.0,0.5,569,0.3457511324537736,0.33753486217849793,0.3457511324537736
mean_symmetry,"['mean_radius', 'radius_error']","['mean_radius', 'radius_error', 'mean_symmetry']",5,0,0.0,0.20105263157894734,0.10052631578947367,114,-0.13181183046110853,-0.141237287690155,-0.07201910938389564
mean_symmetry,"['mean_radius', 'radius_error']","['mean_radius', 'radius_error', 'mean_symmetry']",5,1,0.20105263157894734,0.4003508771929825,0.3007017543859649,114,-0.08275112560161466,-0.14143137204287742,-0.07201910938389564
mean_symmetry,"['mean_radius', 'radius_error']","['mean_radius', 'radius_error', 'mean_symmetry']",5,2,0.4003508771929825,0.5996491228070177,0.5000000000000001,113,-0.0041087231352718075,-0.030139172907511686,-0.07201910938389564
mean_symmetry,"['mean_radius', 'radius_error']","['mean_radius', 'radius_error', 'mean_symmetry']",5,3,0.5996491228070177,0.7989473684210527,0.6992982456140352,114,-0.11380220462661078,-0.06598521058464421,-0.07201910938389564
mean_symmetry,"['mean_radius', 'radius_error']","['mean_radius', 'radius_error', 'mean_symmetry']",5,4,0.7989473684210527,1.0,0.8994736842105264,114,-0.059152305542617606,-0.0662147633146335,-0.07201910938389564
mean_symmetry,"['mean_radius', 'texture_error']","['mean_radius', 'texture_error', 'mean_symmetry']",3,0,0.0,0.3339181286549707,0.16695906432748536,190,0.19465329991645783,0.22699582652879632,0.08612836951409687
mean_symmetry,"['mean_radius', 'texture_error']","['mean_radius', 'texture_error', 'mean_symmetry']",3,1,0.3339181286549707,0.6657894736842104,0.49985380116959055,189,0.07306090284813689,0.038413016315737035,0.08612836951409687
mean_symmetry,"['mean_radius', 'texture_error']","['mean_radius', 'texture_error', 'mean_symmetry']",3,2,0.6657894736842104,1.0,0.8328947368421051,190,0.015427457532720689,0.05788206189096975,0.08612836951409687
mean_symmetry,"['mean_radius', 'worst_radius']","['worst_radius', 'mean_radius', 'mean_symmetry']",1,0,0.0,1.0,0.5,569,0.13169302363062008,0.08914399349275713,0.13169302363062008
mean_symmetry,"['mean_radius', 'worst_texture']","['worst_texture', 'mean_radius', 'mean_symmetry']",1,0,0.0,1.0,0.5,569,0.05710537389539345,0.05622977971684031,0.05710537389539345
mean_symmetry,"['mean_smoothness', 'mean_texture']","['mean_smoothness', 'mean_texture', 'mean_symmetry']",1,0,0.0,1.0,0.5,569,0.38269582501146726,0.3769532964811493,0.38269582501146726
mean_symmetry,"['mean_compactness', 'mean_texture']","['mean_texture', 'mean_compactness', 'mean_symmetry']",1,0,0.0,1.0,0.5,569,-0.0319314834525607,0.0,-0.0319314834525607
mean_symmetry,"['mean_concavity', 'mean_texture']","['mean_texture', 'mean_concavity', 'mean_symmetry']",1,0,0.0,1.0,0.5,569,-0.031807718012822096,0.0,-0.031807718012822096
mean_symmetry,"['mean_concave_points', 'mean_texture']","['mean_texture', 'mean_concave_points', 'mean_symmetry']",1,0,0.0,1.0,0.5,569,-0.018366791257209334,0.0,-0.018366791257209334
mean_symmetry,"['mean_fractal_dimension', 'mean_texture']","['mean_fractal_dimension', 'mean_texture', 'mean_symmetry']",1,0,0.0,1.0,0.5,569,0.30493599115567266,0.29976500060881617,0.30493599115567266
mean_symmetry,"['mean_texture', 'radius_error']","['radius_error', 'mean_texture', 'mean_symmetry']",1,0,0.0,1.0,0.5,569,0.20718334612242875,0.20076262396730507,0.20718334612242875
mean_symmetry,"['mean_texture', 'texture_error']","['mean_texture', 'texture_error', 'mean_symmetry']",1,0,0.0,1.0,0.5,569,0.020842100051981484,0.0,0.020842100051981484
mean_symmetry,"['mean_texture', 'worst_radius']","['mean_texture', 'worst_radius', 'mean_symmetry']",1,0,0.0,1.0,0.5,569,0.036399415827124436,0.04039088284865247,0.036399415827124436
mean_symmetry,"['mean_texture', 'worst_texture']","['mean_texture', 'worst_texture', 'mean_symmetry']",1,0,0.0,1.0,0.5,569,-0.01155969207158593,0.0,-0.01155969207158593
mean_symmetry,"['mean_compactness', 'mean_smoothness']","['mean_smoothness', 'mean_compactness', 'mean_symmetry']",3,0,0.0,0.3339181286549707,0.16695906432748536,190,0.10565302144249512,0.10783291470627514,0.1674793930542835
mean_symmetry,"['mean_compactness', 'mean_smoothness']","['mean_smoothness', 'mean_compactness', 'mean_symmetry']",3,1,0.3339181286549707,0.6660818713450292,0.49999999999999994,189,0.22661263086795,0.1912921428174062,0.1674793930542835
mean_symmetry,"['mean_compactness', 'mean_smoothness']","['mean_smoothness', 'mean_compactness', 'mean_symmetry']",3,2,0.6660818713450292,1.0,0.8330409356725146,190,0.1748259537733222,0.18446286154659533,0.1674793930542835
mean_symmetry,"['mean_concavity', 'mean_smoothness']","['mean_smoothness', 'mean_concavity', 'mean_symmetry']",2,0,0.0,0.5,0.25,284,0.21604538894142236,0.21390875224010716,0.2528775464739226
mean_symmetry,"['mean_concavity', 'mean_smoothness']","['mean_smoothness', 'mean_concavity', 'mean_symmetry']",2,1,0.5,1.0,0.75,285,0.29597232517914507,0.31860482172897786,0.2528775464739226
mean_symmetry,"['mean_concave_points', 'mean_smoothness']","['mean_smoothness', 'mean_concave_points', 'mean_symmetry']",5,0,0.0,0.20105263157894734,0.10052631578947367,114,0.23428039124359576,0.21857792637683185,0.2765291220079705
mean_symmetry,"['mean_concave_points', 'mean_smoothness']","['mean_smoothness', 'mean_concave_points', 'mean_symmetry']",5,1,0.20105263157894734,0.4003508771929825,0.3007017543859649,114,0.16783108213010403,0.18000717621681697,0.2765291220079705
mean_symmetry,"['mean_concave_points', 'mean_smoothness']","['mean_smoothness', 'mean_concave_points', 'mean_symmetry']",5,2,0.4003508771929825,0.5996491228070177,0.5000000000000001,113,0.3988621997471555,0.4286457077328035,0.2765291220079705
mean_symmetry,"['mean_concave_points', 'mean_smoothness']","['mean_smoothness', 'mean_concave_points', 'mean_symmetry']",5,3,0.5996491228070177,0.7989473684210527,0.6992982456140352,114,0.3128396211768359,0.2594662283129968,0.2765291220079705
mean_symmetry,"['mean_concave_points', 'mean_smoothness']","['mean_smoothness', 'mean_concave_points', 'mean_symmetry']",5,4,0.7989473684210527,1.0,0.8994736842105264,114,0.2774413910883403,0.35900308105353895,0.2765291220079705
mean_symmetry,"['mean_fractal_dimension', 'mean_smoothness']","['mean_fractal_dimension', 'mean_smoothness', 'mean_symmetry']",1,0,0.0,1.0,0.5,569,0.0999900987648209,0.10319523898085062,0.0999900987648209
mean_symmetry,"['mean_smoothness', 'radius_error']","['mean_smoothness', 'radius_error', 'mean_symmetry']",1,0,0.0,1.0,0.5,569,0.3471125522908982,0.34424398443368975,0.3471125522908982
mean_symmetry,"['mean_smoothness', 'texture_error']","['texture_error', 'mean_smoothness', 'mean_symmetry']",5,0,0.0,0.20105263157894734,0.10052631578947367,114,0.06939916162086633,0.07752077347947159,0.05174633035471175
mean_symmetry,"['mean_smoothness', 'texture_error']","['texture_error', 'mean_smoothness', 'mean_symmetry']",5,1,0.20105263157894734,0.4003508771929825,0.3007017543859649,114,0.1290172333488589,0.16675362924489448,0.05174633035471175
mean_symmetry,"['mean_smoothness', 'texture_error']","['texture_error', 'mean_smoothness', 'mean_symmetry']",5,2,0.4003508771929825,0.5996491228070177,0.5000000000000001,113,0.07111251580278129,0.11395445233428318,0.05174633035471175
mean_symmetry,"['mean_smoothness', 'texture_error']","['texture_error', 'mean_smoothness', 'mean_symmetry']",5,3,0.5996491228070177,0.8008771929824562,0.7002631578947369,113,-0.010429835651074588,0.03313936976359639,0.05174633035471175
mean_symmetry,"['mean_smoothness', 'texture_error']","['texture_error', 'mean_smoothness', 'mean_symmetry']",5,4,0.8008771929824562,1.0,0.900438596491228,115,-0.01815408085430969,0.021859941720961937,0.05174633035471175
mean_symmetry,"['mean_smoothness', 'worst_radius']","['worst_radius', 'mean_smoothness', 'mean_symmetry']",1,0,0.0,1.0,0.5,569,0.06668481893116165,0.0,0.06668481893116165
mean_symmetry,"['mean_smoothness', 'worst_texture']","['worst_texture', 'mean_smoothness', 'mean_symmetry']",1,0,0.0,1.0,0.5,569,0.0804129595581332,0.07351667675138321,0.0804129595581332
mean_symmetry,"['mean_compactness', 'mean_concavity']","['mean_concavity', 'mean_compactness', 'mean_symmetry']",5,0,0.0,0.20105263157894734,0.10052631578947367,114,-0.08213010402111473,-0.11223840303912026,-0.08329414094408276
mean_symmetry,"['mean_compactness', 'mean_concavity']","['mean_concavity', 'mean_compactness', 'mean_symmetry']",5,1,0.20105263157894734,0.4003508771929825,0.3007017543859649,114,-0.06815711845986648,-0.008218883078779106,-0.08329414094408276
mean_symmetry,"['mean_compactness', 'mean_concavity']","['mean_concavity', 'mean_compactness', 'mean_symmetry']",5,2,0.4003508771929825,0.5996491228070177,0.5000000000000001,113,-0.11504424778761062,-0.10177808546211432,-0.08329414094408276
mean_symmetry,"['mean_compactness', 'mean_concavity']","['mean_concavity', 'mean_compactness', 'mean_symmetry']",5,3,0.5996491228070177,0.7989473684210527,0.6992982456140352,114,-0.0793355069088651,-0.09146518556072607,-0.08329414094408276
mean_symmetry,"['mean_compactness', 'mean_concavity']","['mean_concavity', 'mean_compactness', 'mean_symmetry']",5,4,0.7989473684210527,1.0,0.8994736842105264,114,-0.07374631268436578,-3.925589691114224e-06,-0.08329414094408276
mean_symmetry,"['mean_compactness', 'mean_concave_points']","['mean_concave_points', 'mean_compactness', 'mean_symmetry']",5,0,0.0,0.20105263157894734,0.10052631578947367,114,-0.1625523986958547,-0.13091813637513597,-0.07474194905814499
mean_symmetry,"['mean_compactness', 'mean_concave_points']","['mean_concave_points', 'mean_compactness', 'mean_symmetry']",5,1,0.20105263157894734,0.4003508771929825,0.3007017543859649,114,-0.0464213631423692,-0.036863772276089654,-0.07474194905814499
mean_symmetry,"['mean_compactness', 'mean_concave_points']","['mean_concave_points', 'mean_compactness', 'mean_symmetry']",5,2,0.4003508771929825,0.5996491228070177,0.5000000000000001,113,-0.046776232616940576,-0.08326210113917443,-0.07474194905814499
mean_symmetry,"['mean_compactness', 'mean_concave_points']","['mean_concave_points', 'mean_compactness', 'mean_symmetry']",5,3,0.5996491228070177,0.7989473684210527,0.6992982456140352,114,-0.059462816332867575,-0.11603601601714027,-0.07474194905814499
mean_symmetry,"['mean_compactness', 'mean_concave_points']","['mean_concave_points', 'mean_compactness', 'mean_symmetry']",5,4,0.7989473684210527,1.0,0.8994736842105264,114,-0.054494643688868194,-0.006022121172436401,-0.07474194905814499
mean_symmetry,"['mean_compactness', 'mean_fractal_dimension']","['mean_fractal_dimension', 'mean_compactness', 'mean_symmetry']",1,0,0.0,1.0,0.5,569,0.1314512735463749,0.09974979675735444,0.1314512735463749
mean_symmetry,"['mean_compactness', 'radius_error']","['radius_error', 'mean_compactness', 'mean_symmetry']",1,0,0.0,1.0,0.5,569,0.031448798237580136,0.0,0.031448798237580136
mean_symmetry,"['mean_compactness', 'texture_error']","['texture_error', 'mean_compactness', 'mean_symmetry']",1,0,0.0,1.0,0.5,569,0.08188452106983177,0.07973101890482819,0.08188452106983177
mean_symmetry,"['mean_compactness', 'worst_radius']","['worst_radius', 'mean_compactness', 'mean_symmetry']",1,0,0.0,1.0,0.5,569,-0.14557291022055,-0.14076307675954203,-0.14557291022055
mean_symmetry,"['mean_compactness', 'worst_texture']","['worst_texture', 'mean_compactness', 'mean_symmetry']",1,0,0.0,1.0,0.5,569,-0.01829253199336617,0.0,-0.01829253199336617
mean_symmetry,"['mean_concave_points', 'mean_concavity']","['mean_concavity', 'mean_concave_points', 'mean_symmetry']",5,0,0.0,0.20105263157894734,0.10052631578947367,114,0.09762755348056505,0.08356826180033021,0.11371838134719306
mean_symmetry,"['mean_concave_points', 'mean_concavity']","['mean_concavity', 'mean_concave_points', 'mean_symmetry']",5,1,0.20105263157894734,0.4003508771929825,0.3007017543859649,114,0.05511566526936811,0.060019869474499096,0.11371838134719306
mean_symmetry,"['mean_concave_points', 'mean_concavity']","['mean_concavity', 'mean_concave_points', 'mean_symmetry']",5,2,0.4003508771929825,0.5996491228070177,0.5000000000000001,113,-0.028445006321112513,-0.0059364125439091055,0.11371838134719306
mean_symmetry,"['mean_concave_points', 'mean_concavity']","['mean_concavity', 'mean_concave_points', 'mean_symmetry']",5,3,0.5996491228070177,0.7989473684210527,0.6992982456140352,114,0.21006054960409876,0.2212262494867504,0.11371838134719306
mean_symmetry,"['mean_concave_points', 'mean_concavity']","['mean_concavity', 'mean_concave_points', 'mean_symmetry']",5,4,0.7989473684210527,1.0,0.8994736842105264,114,0.23831703151684522,0.2799212364615942,0.11371838134719306
mean_symmetry,"['mean_concavity', 'mean_fractal_dimension']","['mean_fractal_dimension', 'mean_concavity', 'mean_symmetry']",4,0,0.0,0.2508771929824561,0.12543859649122804,142,0.2610128858255918,0.27398237623967553,0.2469120522785217
mean_symmetry,"['mean_concavity', 'mean_fractal_dimension']","['mean_fractal_dimension', 'mean_concavity', 'mean_symmetry']",4,1,0.2508771929824561,0.5,0.375438596491228,142,0.15672759964039554,0.19403870767708015,0.2469120522785217
mean_symmetry,"['mean_concavity', 'mean_fractal_dimension']","['mean_fractal_dimension', 'mean_concavity', 'mean_symmetry']",4,2,0.5,0.7491228070175439,0.6245614035087719,142,0.21306562780940963,0.14671892255832428,0.2469120522785217
mean_symmetry,"['mean_concavity', 'mean_fractal_dimension']","['mean_fractal_dimension', 'mean_concavity', 'mean_symmetry']",4,3,0.7491228070175439,1.0,0.8745614035087719,143,0.3627499261302078,0.36542230891579636,0.2469120522785217
mean_symmetry,"['mean_concavity', 'radius_error']","['radius_error', 'mean_concavity', 'mean_symmetry']",1,0,0.0,1.0,0.5,569,0.034109755191960196,0.0,0.034109755191960196
mean_symmetry,"['mean_concavity', 'texture_error']","['texture_error', 'mean_concavity', 'mean_symmetry']",1,0,0.0,1.0,0.5,569,0.0801391367204975,0.07371364088082372,0.0801391367204975
mean_symmetry,"['mean_concavity', 'worst_radius']","['worst_radius', 'mean_concavity', 'mean_symmetry']",4,0,0.0,0.2508771929824561,0.12543859649122804,142,-0.2584157426830486,-0.26244743159231443,-0.1776034060249016
mean_symmetry,"['mean_concavity', 'worst_radius']","['worst_radius', 'mean_concavity', 'mean_symmetry']",4,1,0.2508771929824561,0.5,0.375438596491228,142,-0.1609229847168115,-0.18535332798976145,-0.1776034060249016
mean_symmetry,"['mean_concavity', 'worst_radius']","['worst_radius', 'mean_concavity', 'mean_symmetry']",4,2,0.5,0.7491228070175439,0.6245614035087719,142,-0.062431325541903906,-0.06115670292670128,-0.1776034060249016
mean_symmetry,"['mean_concavity', 'worst_radius']","['worst_radius', 'mean_concavity', 'mean_symmetry']",4,3,0.7491228070175439,1.0,0.8745614035087719,143,-0.23431498079385402,-0.21442569364647368,-0.1776034060249016
mean_symmetry,"['mean_concavity', 'worst_texture']","['worst_texture', 'mean_concavity', 'mean_symmetry']",1,0,0.0,1.0,0.5,569,-0.012265155078095993,0.0,-0.012265155078095993
mean_symmetry,"['mean_concave_points', 'mean_fractal_dimension']","['mean_fractal_dimension', 'mean_concave_points', 'mean_symmetry']",6,0,0.0,0.16783625730994145,0.08391812865497073,95,0.28510638297872337,0.2184161219745064,0.2889675487017005
mean_symmetry,"['mean_concave_points', 'mean_fractal_dimension']","['mean_fractal_dimension', 'mean_concave_points', 'mean_symmetry']",6,1,0.16783625730994145,0.3339181286549707,0.2508771929824561,95,0.17446808510638298,0.17982871601798606,0.2889675487017005
mean_symmetry,"['mean_concave_points', 'mean_fractal_dimension']","['mean_fractal_dimension', 'mean_concave_points', 'mean_symmetry']",6,2,0.3339181286549707,0.5,0.41695906432748536,94,0.2811713566689545,0.2617865383831821,0.2889675487017005
mean_symmetry,"['mean_concave_points', 'mean_fractal_dimension']","['mean_fractal_dimension', 'mean_concave_points', 'mean_symmetry']",6,3,0.5,0.6660818713450292,0.5830409356725146,95,0.18163493840985442,0.19256927556460368,0.2889675487017005
mean_symmetry,"['mean_concave_points', 'mean_fractal_dimension']","['mean_fractal_dimension', 'mean_concave_points', 'mean_symmetry']",6,4,0.6660818713450292,0.8321637426900584,0.7491228070175437,95,0.39529675251959684,0.3315428808218772,0.2889675487017005
mean_symmetry,"['mean_concave_points', 'mean_fractal_dimension']","['mean_fractal_dimension', 'mean_concave_points', 'mean_symmetry']",6,5,0.8321637426900584,1.0,0.9160818713450292,95,0.45666293393057106,0.4655748906177472,0.2889675487017005
mean_symmetry,"['mean_concave_points', 'radius_error']","['radius_error', 'mean_concave_points', 'mean_symmetry']",1,0,0.0,1.0,0.5,569,0.02849080422782742,0.0,0.02849080422782742
mean_symmetry,"['mean_concave_points', 'texture_error']","['texture_error', 'mean_concave_points', 'mean_symmetry']",1,0,0.0,1.0,0.5,569,0.09230731271621097,0.08885085287711576,0.09230731271621097
mean_symmetry,"['mean_concave_points', 'worst_radius']","['worst_radius', 'mean_concave_points', 'mean_symmetry']",4,0,0.0,0.25,0.125,141,-0.24842958459979733,-0.23384987018730466,-0.2360825763013936
mean_symmetry,"['mean_concave_points', 'worst_radius']","['worst_radius', 'mean_concave_points', 'mean_symmetry']",4,1,0.25,0.5,0.375,143,-0.1994484388850586,-0.1533616885814398,-0.2360825763013936
mean_symmetry,"['mean_concave_points', 'worst_radius']","['worst_radius', 'mean_concave_points', 'mean_symmetry']",4,2,0.5,0.7491228070175439,0.6245614035087719,142,-0.2108680451503346,-0.2326964341988148,-0.2360825763013936
mean_symmetry,"['mean_concave_points', 'worst_radius']","['worst_radius', 'mean_concave_points', 'mean_symmetry']",4,3,0.7491228070175439,1.0,0.8745614035087719,143,-0.32020092583472864,-0.2911759949814362,-0.2360825763013936
mean_symmetry,"['mean_concave_points', 'worst_texture']","['worst_texture', 'mean_concave_points', 'mean_symmetry']",1,0,0.0,1.0,0.5,569,0.0008292284462486694,0.0,0.0008292284462486694
mean_symmetry,"['mean_fractal_dimension', 'radius_error']","['mean_fractal_dimension', 'radius_error', 'mean_symmetry']",1,0,0.0,1.0,0.5,569,0.32054643609010086,0.3179694991786576,0.32054643609010086
mean_symmetry,"['mean_fractal_dimension', 'texture_error']","['mean_fractal_dimension', 'texture_error', 'mean_symmetry']",1,0,0.0,1.0,0.5,569,0.28864575855838015,0.2843320906580479,0.28864575855838015
mean_symmetry,"['mean_fractal_dimension', 'worst_radius']","['mean_fractal_dimension', 'worst_radius', 'mean_symmetry']",1,0,0.0,1.0,0.5,569,0.3439936632094853,0.334844246946598,0.3439936632094853
mean_symmetry,"['mean_fractal_dimension', 'worst_texture']","['mean_fractal_dimension', 'worst_texture', 'mean_symmetry']",1,0,0.0,1.0,0.5,569,0.3046884028141274,0.29903521223391416,0.3046884028141274
mean_symmetry,"['radius_error', 'texture_error']","['texture_error', 'radius_error', 'mean_symmetry']",1,0,0.0,1.0,0.5,569,0.03044629817569742,0.0,0.03044629817569742
mean_symmetry,"['radius_error', 'worst_radius']","['worst_radius', 'radius_error', 'mean_symmetry']",5,0,0.0,0.20105263157894734,0.10052631578947367,114,-0.1032448377581121,-0.13851325028584527,-0.057724201094086484
mean_symmetry,"['radius_error', 'worst_radius']","['worst_radius', 'radius_error', 'mean_symmetry']",5,1,0.20105263157894734,0.4003508771929825,0.3007017543859649,114,-0.0784039745381152,-0.1369133200210232,-0.057724201094086484
mean_symmetry,"['radius_error', 'worst_radius']","['worst_radius', 'radius_error', 'mean_symmetry']",5,2,0.4003508771929825,0.5996491228070177,0.5000000000000001,113,0.03950695322376738,-0.003934212072180961,-0.057724201094086484
mean_symmetry,"['radius_error', 'worst_radius']","['worst_radius', 'radius_error', 'mean_symmetry']",5,3,0.5996491228070177,0.7989473684210527,0.6992982456140352,114,-0.09113491693836362,-0.06400782386834014,-0.057724201094086484
mean_symmetry,"['radius_error', 'worst_radius']","['worst_radius', 'radius_error', 'mean_symmetry']",5,4,0.7989473684210527,1.0,0.8994736842105264,114,-0.08306163639186462,-0.06086740607215117,-0.057724201094086484
mean_symmetry,"['radius_error', 'worst_texture']","['radius_error', 'worst_texture', 'mean_symmetry']",1,0,0.0,1.0,0.5,569,0.2042005990247283,0.19558429835750454,0.2042005990247283
mean_symmetry,"['texture_error', 'worst_radius']","['worst_radius', 'texture_error', 'mean_symmetry']",3,0,0.0,0.3339181286549707,0.16695906432748536,190,0.22740183792815372,0.2860926424939616,0.11741627268001682
mean_symmetry,"['texture_error', 'worst_radius']","['worst_radius', 'texture_error', 'mean_symmetry']",3,1,0.3339181286549707,0.6657894736842104,0.49985380116959055,189,0.09321175278622088,0.08680169151931239,0.11741627268001682
mean_symmetry,"['texture_error', 'worst_radius']","['worst_radius', 'texture_error', 'mean_symmetry']",3,2,0.6657894736842104,1.0,0.8328947368421051,190,0.05207463102199944,0.05932236065759433,0.11741627268001682
mean_symmetry,"['texture_error', 'worst_texture']","['worst_texture', 'texture_error', 'mean_symmetry']",1,0,0.0,1.0,0.5,569,0.029901730240847545,0.0,0.029901730240847545
mean_symmetry,"['worst_radius', 'worst_texture']","['worst_texture', 'worst_radius', 'mean_symmetry']",1,0,0.0,1.0,0.5,569,0.041535681576276635,0.04555197197095976,0.041535681576276635
mean_fractal_dimension,"['mean_radius', 'mean_texture']","['mean_radius', 'mean_texture', 'mean_fractal_dimension']",1,0,0.0,1.0,0.5,569,-0.25040465893033065,-0.2520831757209826,-0.25040465893033065
mean_fractal_dimension,"['mean_radius', 'mean_smoothness']","['mean_radius', 'mean_smoothness', 'mean_fractal_dimension']",4,0,0.0,0.2508771929824561,0.12543859649122804,142,-0.5255219258815303,-0.5051613473309687,-0.3924478328671502
mean_fractal_dimension,"['mean_radius', 'mean_smoothness']","['mean_radius', 'mean_smoothness', 'mean_fractal_dimension']",4,1,0.2508771929824561,0.5,0.375438596491228,142,-0.4448107082209569,-0.4315406304595685,-0.3924478328671502
mean_fractal_dimension,"['mean_radius', 'mean_smoothness']","['mean_radius', 'mean_smoothness', 'mean_fractal_dimension']",4,2,0.5,0.7482456140350877,0.6241228070175439,141,-0.38095238095238093,-0.355207208495077,-0.3924478328671502
mean_fractal_dimension,"['mean_radius', 'mean_smoothness']","['mean_radius', 'mean_smoothness', 'mean_fractal_dimension']",4,3,0.7482456140350877,1.0,0.8741228070175439,144,-0.2733100233100233,-0.2744951125582172,-0.3924478328671502
mean_fractal_dimension,"['mean_compactness', 'mean_radius']","['mean_radius', 'mean_compactness', 'mean_fractal_dimension']",6,0,0.0,0.16783625730994145,0.08391812865497073,95,-0.6188129899216125,-0.6396552973617631,-0.6449293299339092
mean_fractal_dimension,"['mean_compactness', 'mean_radius']","['mean_radius', 'mean_compactness', 'mean_fractal_dimension']",6,1,0.16783625730994145,0.3339181286549707,0.2508771929824561,95,-0.6600223964165732,-0.6739787527818561,-0.6449293299339092
mean_fractal_dimension,"['mean_compactness', 'mean_radius']","['mean_radius', 'mean_compactness', 'mean_fractal_dimension']",6,2,0.3339181286549707,0.5,0.41695906432748536,94,-0.743765728666209,-0.7230075580013937,-0.6449293299339092
mean_fractal_dimension,"['mean_compactness', 'mean_radius']","['mean_radius', 'mean_compactness', 'mean_fractal_dimension']",6,3,0.5,0.6660818713450292,0.5830409356725146,95,-0.612541993281075,-0.5998955245589495,-0.6449293299339092
mean_fractal_dimension,"['mean_compactness', 'mean_radius']","['mean_radius', 'mean_compactness', 'mean_fractal_dimension']",6,4,0.6660818713450292,0.8315789473684211,0.7488304093567251,95,-0.7061590145576707,-0.6128241901136271,-0.6449293299339092
mean_fractal_dimension,"['mean_compactness', 'mean_radius']","['mean_radius', 'mean_compactness', 'mean_fractal_dimension']",6,5,0.8315789473684211,1.0,0.9157894736842105,95,-0.5722284434490481,-0.5889137549272747,-0.6449293299339092
mean_fractal_dimension,"['mean_concavity', 'mean_radius']","['mean_radius', 'mean_concavity', 'mean_fractal_dimension']",6,0,0.0,0.16783625730994145,0.08391812865497073,95,-0.5574468085106382,-0.5922688848831694,-0.5661402509963117
mean_fractal_dimension,"['mean_concavity', 'mean_radius']","['mean_radius', 'mean_concavity', 'mean_fractal_dimension']",6,1,0.16783625730994145,0.3339181286549707,0.2508771929824561,95,-0.5229563269876819,-0.5682388587008413,-0.5661402509963117
mean_fractal_dimension,"['mean_concavity', 'mean_radius']","['mean_radius', 'mean_concavity', 'mean_fractal_dimension']",6,2,0.3339181286549707,0.5,0.41695906432748536,94,-0.5209334248455731,-0.5486764034786576,-0.5661402509963117
mean_fractal_dimension,"['mean_concavity', 'mean_radius']","['mean_radius', 'mean_concavity', 'mean_fractal_dimension']",6,3,0.5,0.6660818713450292,0.5830409356725146,95,-0.5650615901455767,-0.5344502255191131,-0.5661402509963117
mean_fractal_dimension,"['mean_concavity', 'mean_radius']","['mean_radius', 'mean_concavity', 'mean_fractal_dimension']",6,4,0.6660818713450292,0.8321637426900584,0.7491228070175437,95,-0.6662933930571108,-0.6097075875811693,-0.5661402509963117
mean_fractal_dimension,"['mean_concavity', 'mean_radius']","['mean_radius', 'mean_concavity', 'mean_fractal_dimension']",6,5,0.8321637426900584,1.0,0.9160818713450292,95,-0.5583426651735722,-0.5032092777923766,-0.5661402509963117
mean_fractal_dimension,"['mean_concave_points', 'mean_radius']","['mean_concave_points', 'mean_radius', 'mean_fractal_dimension']",1,0,0.0,1.0,0.5,569,0.5315725636773186,0.5179157697645114,0.5315725636773186
mean_fractal_dimension,"['mean_radius', 'mean_symmetry']","['mean_radius', 'mean_symmetry', 'mean_fractal_dimension']",1,0,0.0,1.0,0.5,569,-0.3241911928513082,-0.32884833123300106,-0.3241911928513082
mean_fractal_dimension,"['mean_radius', 'radius_error']","['radius_error', 'mean_radius', 'mean_fractal_dimension']",3,0,0.0,0.3342105263157894,0.1671052631578947,189,0.10368118878757175,0.11172196168228725,0.14641451521077253
mean_fractal_dimension,"['mean_radius', 'radius_error']","['radius_error', 'mean_radius', 'mean_fractal_dimension']",3,1,0.3342105263157894,0.6660818713450292,0.5001461988304092,190,0.16246170983013086,0.20668426391726427,0.14641451521077253
mean_fractal_dimension,"['mean_radius', 'radius_error']","['radius_error', 'mean_radius', 'mean_fractal_dimension']",3,2,0.6660818713450292,1.0,0.8330409356725146,190,0.14152046783625732,0.1008862590087873,0.14641451521077253
mean_fractal_dimension,"['mean_radius', 'texture_error']","['mean_radius', 'texture_error', 'mean_fractal_dimension']",1,0,0.0,1.0,0.5,569,-0.23883016906359067,-0.24442985274653878,-0.23883016906359067
mean_fractal_dimension,"['mean_radius', 'worst_radius']","['worst_radius', 'mean_radius', 'mean_fractal_dimension']",3,0,0.0,0.3342105263157894,0.1671052631578947,189,0.06630642800855567,0.06737848357377985,0.14103734324352532
mean_fractal_dimension,"['mean_radius', 'worst_radius']","['worst_radius', 'mean_radius', 'mean_fractal_dimension']",3,1,0.3342105263157894,0.6660818713450292,0.5001461988304092,190,0.21632459837400436,0.26241620367787755,0.14103734324352532
mean_fractal_dimension,"['mean_radius', 'worst_radius']","['worst_radius', 'mean_radius', 'mean_fractal_dimension']",3,2,0.6660818713450292,1.0,0.8330409356725146,190,0.12726260094681147,0.1163709611296051,0.14103734324352532
mean_fractal_dimension,"['mean_radius', 'worst_texture']","['mean_radius', 'worst_texture', 'mean_fractal_dimension']",1,0,0.0,1.0,0.5,569,-0.2532643042751783,-0.2547597534564736,-0.2532643042751783
mean_fractal_dimension,"['mean_smoothness', 'mean_texture']","['mean_smoothness', 'mean_texture', 'mean_fractal_dimension']",1,0,0.0,1.0,0.5,569,0.4170704498865422,0.4180923746336584,0.4170704498865422
mean_fractal_dimension,"['mean_compactness', 'mean_texture']","['mean_compactness', 'mean_texture', 'mean_fractal_dimension']",1,0,0.0,1.0,0.5,569,0.3809951296783745,0.342839223992686,0.3809951296783745
mean_fractal_dimension,"['mean_concavity', 'mean_texture']","['mean_concavity', 'mean_texture', 'mean_fractal_dimension']",1,0,0.0,1.0,0.5,569,0.20314004452934176,0.20522994238104564,0.20314004452934176
mean_fractal_dimension,"['mean_concave_points', 'mean_texture']","['mean_concave_points', 'mean_texture', 'mean_fractal_dimension']",3,0,0.0,0.3339181286549707,0.16695906432748536,190,0.14901677156762635,0.15732401419644843,0.11477576543184083
mean_fractal_dimension,"['mean_concave_points', 'mean_texture']","['mean_concave_points', 'mean_texture', 'mean_fractal_dimension']",3,1,0.3339181286549707,0.6657894736842105,0.4998538011695906,188,0.0632716936671655,0.05740492188172391,0.11477576543184083
mean_fractal_dimension,"['mean_concave_points', 'mean_texture']","['mean_concave_points', 'mean_texture', 'mean_fractal_dimension']",3,2,0.6657894736842105,1.0,0.8328947368421052,191,0.13587256276608242,0.1324434912850528,0.11477576543184083
mean_fractal_dimension,"['mean_symmetry', 'mean_texture']","['mean_symmetry', 'mean_texture', 'mean_fractal_dimension']",1,0,0.0,1.0,0.5,569,0.30493599115567266,0.29976500061022937,0.30493599115567266
mean_fractal_dimension,"['mean_texture', 'radius_error']","['mean_texture', 'radius_error', 'mean_fractal_dimension']",1,0,0.0,1.0,0.5,569,-0.03923656242638403,0.0,-0.03923656242638403
mean_fractal_dimension,"['mean_texture', 'texture_error']","['texture_error', 'mean_texture', 'mean_fractal_dimension']",1,0,0.0,1.0,0.5,569,0.14409022507079883,0.1486605024447901,0.14409022507079883
mean_fractal_dimension,"['mean_texture', 'worst_radius']","['worst_radius', 'mean_texture', 'mean_fractal_dimension']",1,0,0.0,1.0,0.5,569,-0.21303119877407461,-0.21870415254109413,-0.21303119877407461
mean_fractal_dimension,"['mean_texture', 'worst_texture']","['mean_texture', 'worst_texture', 'mean_fractal_dimension']",1,0,0.0,1.0,0.5,569,-0.03879090341160257,0.0,-0.03879090341160257
mean_fractal_dimension,"['mean_compactness', 'mean_smoothness']","['mean_compactness', 'mean_smoothness', 'mean_fractal_dimension']",1,0,0.0,1.0,0.5,569,0.09115324636748433,0.13460102912686828,0.09115324636748433
mean_fractal_dimension,"['mean_concavity', 'mean_smoothness']","['mean_smoothness', 'mean_concavity', 'mean_fractal_dimension']",1,0,0.0,1.0,0.5,569,0.38552934478576195,0.3586247608962595,0.38552934478576195
mean_fractal_dimension,"['mean_concave_points', 'mean_smoothness']","['mean_concave_points', 'mean_smoothness', 'mean_fractal_dimension']",1,0,0.0,1.0,0.5,569,-0.20517834599866333,-0.20894889164559313,-0.20517834599866333
mean_fractal_dimension,"['mean_smoothness', 'mean_symmetry']","['mean_symmetry', 'mean_smoothness', 'mean_fractal_dimension']",1,0,0.0,1.0,0.5,569,0.0999900987648209,0.10319523898085062,0.0999900987648209
mean_fractal_dimension,"['mean_smoothness', 'radius_error']","['radius_error', 'mean_smoothness', 'mean_fractal_dimension']",1,0,0.0,1.0,0.5,569,-0.19130424020396544,-0.20578269412004843,-0.19130424020396544
mean_fractal_dimension,"['mean_smoothness', 'texture_error']","['mean_smoothness', 'texture_error', 'mean_fractal_dimension']",5,0,0.0,0.20105263157894734,0.10052631578947367,114,0.4991460953268127,0.5039697866103,0.4090076487041758
mean_fractal_dimension,"['mean_smoothness', 'texture_error']","['mean_smoothness', 'texture_error', 'mean_fractal_dimension']",5,1,0.20105263157894734,0.4003508771929825,0.3007017543859649,114,0.4118925632665736,0.4116293664075587,0.4090076487041758
mean_fractal_dimension,"['mean_smoothness', 'texture_error']","['mean_smoothness', 'texture_error', 'mean_fractal_dimension']",5,2,0.4003508771929825,0.5996491228070177,0.5000000000000001,113,0.48198482932996206,0.41143010458995105,0.4090076487041758
mean_fractal_dimension,"['mean_smoothness', 'texture_error']","['mean_smoothness', 'texture_error', 'mean_fractal_dimension']",5,3,0.5996491228070177,0.7992982456140352,0.6994736842105265,114,0.2668840242198417,0.2626391168386852,0.4090076487041758
mean_fractal_dimension,"['mean_smoothness', 'texture_error']","['mean_smoothness', 'texture_error', 'mean_fractal_dimension']",5,4,0.7992982456140352,1.0,0.8996491228070176,114,0.40878745536407396,0.35047659866634673,0.4090076487041758
mean_fractal_dimension,"['mean_smoothness', 'worst_radius']","['worst_radius', 'mean_smoothness', 'mean_fractal_dimension']",4,0,0.0,0.2508771929824561,0.12543859649122804,142,-0.520527419838178,-0.5171577936028631,-0.37588801703012453
mean_fractal_dimension,"['mean_smoothness', 'worst_radius']","['worst_radius', 'mean_smoothness', 'mean_fractal_dimension']",4,1,0.2508771929824561,0.5,0.375438596491228,142,-0.43841774048546595,-0.41424659692734783,-0.37588801703012453
mean_fractal_dimension,"['mean_smoothness', 'worst_radius']","['worst_radius', 'mean_smoothness', 'mean_fractal_dimension']",4,2,0.5,0.7482456140350877,0.6241228070175439,141,-0.36595744680851067,-0.35945662886614055,-0.37588801703012453
mean_fractal_dimension,"['mean_smoothness', 'worst_radius']","['worst_radius', 'mean_smoothness', 'mean_fractal_dimension']",4,3,0.7482456140350877,1.0,0.8741228070175439,144,-0.2433954933954934,-0.2378237940630715,-0.37588801703012453
mean_fractal_dimension,"['mean_smoothness', 'worst_texture']","['mean_smoothness', 'worst_texture', 'mean_fractal_dimension']",1,0,0.0,1.0,0.5,569,0.4170704498865422,0.4180923746336584,0.4170704498865422
mean_fractal_dimension,"['mean_compactness', 'mean_concavity']","['mean_concavity', 'mean_compactness', 'mean_fractal_dimension']",6,0,0.0,0.16783625730994145,0.08391812865497073,95,-0.26584546472564385,-0.3012972124013726,-0.35851134929082396
mean_fractal_dimension,"['mean_compactness', 'mean_concavity']","['mean_concavity', 'mean_compactness', 'mean_fractal_dimension']",6,1,0.16783625730994145,0.3339181286549707,0.2508771929824561,95,-0.2550951847704367,-0.2536932403396292,-0.35851134929082396
mean_fractal_dimension,"['mean_compactness', 'mean_concavity']","['mean_concavity', 'mean_compactness', 'mean_fractal_dimension']",6,2,0.3339181286549707,0.5,0.41695906432748536,94,-0.43948753145733244,-0.40965665792367545,-0.35851134929082396
mean_fractal_dimension,"['mean_compactness', 'mean_concavity']","['mean_concavity', 'mean_compactness', 'mean_fractal_dimension']",6,3,0.5,0.6660818713450292,0.5830409356725146,95,-0.42441209406494956,-0.4109618155883163,-0.35851134929082396
mean_fractal_dimension,"['mean_compactness', 'mean_concavity']","['mean_concavity', 'mean_compactness', 'mean_fractal_dimension']",6,4,0.6660818713450292,0.8315789473684211,0.7488304093567251,95,-0.35856662933930566,-0.29644303773076036,-0.35851134929082396
mean_fractal_dimension,"['mean_compactness', 'mean_concavity']","['mean_concavity', 'mean_compactness', 'mean_fractal_dimension']",6,5,0.8315789473684211,1.0,0.9157894736842105,95,-0.38857782754759235,-0.4367031807528066,-0.35851134929082396
mean_fractal_dimension,"['mean_compactness', 'mean_concave_points']","['mean_concave_points', 'mean_compactness', 'mean_fractal_dimension']",3,0,0.0,0.3339181286549707,0.16695906432748536,190,-0.3305485937064884,-0.3554687227536843,-0.4545162008960617
mean_fractal_dimension,"['mean_compactness', 'mean_concave_points']","['mean_concave_points', 'mean_compactness', 'mean_fractal_dimension']",3,1,0.3339181286549707,0.6660818713450292,0.49999999999999994,189,-0.5166047506473038,-0.5097389856077336,-0.4545162008960617
mean_fractal_dimension,"['mean_compactness', 'mean_concave_points']","['mean_concave_points', 'mean_compactness', 'mean_fractal_dimension']",3,2,0.6660818713450292,1.0,0.8330409356725146,190,-0.5148983570036201,-0.4859031930431519,-0.4545162008960617
mean_fractal_dimension,"['mean_compactness', 'mean_symmetry']","['mean_symmetry', 'mean_compactness', 'mean_fractal_dimension']",1,0,0.0,1.0,0.5,569,0.1314512735463749,0.09974979675735444,0.1314512735463749
mean_fractal_dimension,"['mean_compactness', 'radius_error']","['mean_compactness', 'radius_error', 'mean_fractal_dimension']",1,0,0.0,1.0,0.5,569,0.4370862684554516,0.4090431574463223,0.4370862684554516
mean_fractal_dimension,"['mean_compactness', 'texture_error']","['mean_compactness', 'texture_error', 'mean_fractal_dimension']",1,0,0.0,1.0,0.5,569,0.34973604436695815,0.33866722228111423,0.34973604436695815
mean_fractal_dimension,"['mean_compactness', 'worst_radius']","['mean_compactness', 'worst_radius', 'mean_fractal_dimension']",6,0,0.0,0.16783625730994145,0.08391812865497073,95,0.5659574468085106,0.5549949336042037,0.6557216762791158
mean_fractal_dimension,"['mean_compactness', 'worst_radius']","['mean_compactness', 'worst_radius', 'mean_fractal_dimension']",6,1,0.16783625730994145,0.3342105263157893,0.25102339181286537,95,0.6501679731243001,0.63340955445554,0.6557216762791158
mean_fractal_dimension,"['mean_compactness', 'worst_radius']","['mean_compactness', 'worst_radius', 'mean_fractal_dimension']",6,2,0.3342105263157893,0.5008771929824561,0.4175438596491227,94,0.6385266529398307,0.7105753930053643,0.6557216762791158
mean_fractal_dimension,"['mean_compactness', 'worst_radius']","['mean_compactness', 'worst_radius', 'mean_fractal_dimension']",6,3,0.5008771929824561,0.6660818713450292,0.5834795321637427,95,0.7527435610302351,0.6994284323382282,0.6557216762791158
mean_fractal_dimension,"['mean_compactness', 'worst_radius']","['mean_compactness', 'worst_radius', 'mean_fractal_dimension']",6,4,0.6660818713450292,0.8324561403508772,0.7492690058479532,94,0.7094486387554335,0.6094503014194685,0.6557216762791158
mean_fractal_dimension,"['mean_compactness', 'worst_radius']","['mean_compactness', 'worst_radius', 'mean_fractal_dimension']",6,5,0.8324561403508772,1.0,0.9162280701754386,96,0.657017543859649,0.5916742313991133,0.6557216762791158
mean_fractal_dimension,"['mean_compactness', 'worst_texture']","['worst_texture', 'mean_compactness', 'mean_fractal_dimension']",1,0,0.0,1.0,0.5,569,-0.15009034877100916,-0.12374291939144606,-0.15009034877100916
mean_fractal_dimension,"['mean_concave_points', 'mean_concavity']","['mean_concave_points', 'mean_concavity', 'mean_fractal_dimension']",2,0,0.0,0.5,0.25,284,-0.05504772567721068,-0.05765349661149728,-0.18761180811198677
mean_fractal_dimension,"['mean_concave_points', 'mean_concavity']","['mean_concave_points', 'mean_concavity', 'mean_fractal_dimension']",2,1,0.5,1.0,0.75,285,-0.3168766987892266,-0.2921215967800858,-0.18761180811198677
mean_fractal_dimension,"['mean_concavity', 'mean_symmetry']","['mean_symmetry', 'mean_concavity', 'mean_fractal_dimension']",4,0,0.0,0.2508771929824561,0.12543859649122804,142,0.2610128858255918,0.2739823762396705,0.2469120522785217
mean_fractal_dimension,"['mean_concavity', 'mean_symmetry']","['mean_symmetry', 'mean_concavity', 'mean_fractal_dimension']",4,1,0.2508771929824561,0.5,0.375438596491228,142,0.15672759964039554,0.1940387076766045,0.2469120522785217
mean_fractal_dimension,"['mean_concavity', 'mean_symmetry']","['mean_symmetry', 'mean_concavity', 'mean_fractal_dimension']",4,2,0.5,0.7491228070175439,0.6245614035087719,142,0.21306562780940963,0.14671892255788266,0.2469120522785217
mean_fractal_dimension,"['mean_concavity', 'mean_symmetry']","['mean_symmetry', 'mean_concavity', 'mean_fractal_dimension']",4,3,0.7491228070175439,1.0,0.8745614035087719,143,0.3627499261302078,0.3654223089160927,0.2469120522785217
mean_fractal_dimension,"['mean_concavity', 'radius_error']","['mean_concavity', 'radius_error', 'mean_fractal_dimension']",5,0,0.0,0.20105263157894734,0.10052631578947367,114,0.24784533633035574,0.30918340816093504,0.2431131822718229
mean_fractal_dimension,"['mean_concavity', 'radius_error']","['mean_concavity', 'radius_error', 'mean_fractal_dimension']",5,1,0.20105263157894734,0.4003508771929825,0.3007017543859649,114,0.26168660992106807,0.24547694236115938,0.2431131822718229
mean_fractal_dimension,"['mean_concavity', 'radius_error']","['mean_concavity', 'radius_error', 'mean_fractal_dimension']",5,2,0.4003508771929825,0.5996491228070177,0.5000000000000001,113,0.26602387533474775,0.23400828786059513,0.2431131822718229
mean_fractal_dimension,"['mean_concavity', 'radius_error']","['mean_concavity', 'radius_error', 'mean_fractal_dimension']",5,3,0.5996491228070177,0.7989473684210527,0.6992982456140352,114,0.160714287651835,0.13172830675026365,0.2431131822718229
mean_fractal_dimension,"['mean_concavity', 'radius_error']","['mean_concavity', 'radius_error', 'mean_fractal_dimension']",5,4,0.7989473684210527,1.0,0.8994736842105264,114,0.31977016606972053,0.21977098902160394,0.2431131822718229
mean_fractal_dimension,"['mean_concavity', 'texture_error']","['mean_concavity', 'texture_error', 'mean_fractal_dimension']",5,0,0.0,0.20105263157894734,0.10052631578947367,114,0.12980358706921574,0.1928216047169344,0.1741480089057421
mean_fractal_dimension,"['mean_concavity', 'texture_error']","['mean_concavity', 'texture_error', 'mean_fractal_dimension']",5,1,0.20105263157894734,0.4003508771929825,0.3007017543859649,114,0.20726595249184912,0.20491667236886313,0.1741480089057421
mean_fractal_dimension,"['mean_concavity', 'texture_error']","['mean_concavity', 'texture_error', 'mean_fractal_dimension']",5,2,0.4003508771929825,0.5996491228070177,0.5000000000000001,113,0.23816673326037024,0.20374857559105766,0.1741480089057421
mean_fractal_dimension,"['mean_concavity', 'texture_error']","['mean_concavity', 'texture_error', 'mean_fractal_dimension']",5,3,0.5996491228070177,0.7992982456140352,0.6994736842105265,114,0.08278969522645495,0.07108903127756339,0.1741480089057421
mean_fractal_dimension,"['mean_concavity', 'texture_error']","['mean_concavity', 'texture_error', 'mean_fractal_dimension']",5,4,0.7992982456140352,1.0,0.8996491228070176,114,0.20810360685424756,0.21778466766701596,0.1741480089057421
mean_fractal_dimension,"['mean_concavity', 'worst_radius']","['worst_radius', 'mean_concavity', 'mean_fractal_dimension']",1,0,0.0,1.0,0.5,569,-0.5171910195796925,-0.505630773881307,-0.5171910195796925
mean_fractal_dimension,"['mean_concavity', 'worst_texture']","['worst_texture', 'mean_concavity', 'mean_fractal_dimension']",1,0,0.0,1.0,0.5,569,-0.09251466620460902,-0.08791151564913353,-0.09251466620460902
mean_fractal_dimension,"['mean_concave_points', 'mean_symmetry']","['mean_symmetry', 'mean_concave_points', 'mean_fractal_dimension']",6,0,0.0,0.16783625730994145,0.08391812865497073,95,0.28510638297872337,0.2184161219745064,0.2889675487017005
mean_fractal_dimension,"['mean_concave_points', 'mean_symmetry']","['mean_symmetry', 'mean_concave_points', 'mean_fractal_dimension']",6,1,0.16783625730994145,0.3339181286549707,0.2508771929824561,95,0.17446808510638298,0.17982871601798606,0.2889675487017005
mean_fractal_dimension,"['mean_concave_points', 'mean_symmetry']","['mean_symmetry', 'mean_concave_points', 'mean_fractal_dimension']",6,2,0.3339181286549707,0.5,0.41695906432748536,94,0.2811713566689545,0.2617865383831821,0.2889675487017005
mean_fractal_dimension,"['mean_concave_points', 'mean_symmetry']","['mean_symmetry', 'mean_concave_points', 'mean_fractal_dimension']",6,3,0.5,0.6660818713450292,0.5830409356725146,95,0.18163493840985442,0.19256927556460368,0.2889675487017005
mean_fractal_dimension,"['mean_concave_points', 'mean_symmetry']","['mean_symmetry', 'mean_concave_points', 'mean_fractal_dimension']",6,4,0.6660818713450292,0.8321637426900584,0.7491228070175437,95,0.39529675251959684,0.3315428808218772,0.2889675487017005
mean_fractal_dimension,"['mean_concave_points', 'mean_symmetry']","['mean_symmetry', 'mean_concave_points', 'mean_fractal_dimension']",6,5,0.8321637426900584,1.0,0.9160818713450292,95,0.45666293393057106,0.4655748906177472,0.2889675487017005
mean_fractal_dimension,"['mean_concave_points', 'radius_error']","['radius_error', 'mean_concave_points', 'mean_fractal_dimension']",2,0,0.0,0.5,0.25,284,0.02642711392027074,-0.012671073212251036,-0.0949775984554073
mean_fractal_dimension,"['mean_concave_points', 'radius_error']","['radius_error', 'mean_concave_points', 'mean_fractal_dimension']",2,1,0.5,1.0,0.75,285,-0.2103780578206079,-0.14803628798118168,-0.0949775984554073
mean_fractal_dimension,"['mean_concave_points', 'texture_error']","['texture_error', 'mean_concave_points', 'mean_fractal_dimension']",1,0,0.0,1.0,0.5,569,0.10295291938590943,0.08693558855017978,0.10295291938590943
mean_fractal_dimension,"['mean_concave_points', 'worst_radius']","['worst_radius', 'mean_concave_points', 'mean_fractal_dimension']",1,0,0.0,1.0,0.5,569,-0.5243322854526102,-0.5034836179764705,-0.5243322854526102
mean_fractal_dimension,"['mean_concave_points', 'worst_texture']","['mean_concave_points', 'worst_texture', 'mean_fractal_dimension']",1,0,0.0,1.0,0.5,569,0.11202753484068852,0.1061247618636285,0.11202753484068852
mean_fractal_dimension,"['mean_symmetry', 'radius_error']","['mean_symmetry', 'radius_error', 'mean_fractal_dimension']",1,0,0.0,1.0,0.5,569,0.32054643609010086,0.3179694991783583,0.32054643609010086
mean_fractal_dimension,"['mean_symmetry', 'texture_error']","['mean_symmetry', 'texture_error', 'mean_fractal_dimension']",1,0,0.0,1.0,0.5,569,0.28864575855838015,0.2843320906580949,0.28864575855838015
mean_fractal_dimension,"['mean_symmetry', 'worst_radius']","['mean_symmetry', 'worst_radius', 'mean_fractal_dimension']",1,0,0.0,1.0,0.5,569,0.3439936632094853,0.3348442469461213,0.3439936632094853
mean_fractal_dimension,"['mean_symmetry', 'worst_texture']","['mean_symmetry', 'worst_texture', 'mean_fractal_dimension']",1,0,0.0,1.0,0.5,569,0.30468840281412746,0.29903521223391416,0.30468840281412746
mean_fractal_dimension,"['radius_error', 'texture_error']","['texture_error', 'radius_error', 'mean_fractal_dimension']",1,0,0.0,1.0,0.5,569,0.11097528438912119,0.1163385074983511,0.11097528438912119
mean_fractal_dimension,"['radius_error', 'worst_radius']","['radius_error', 'worst_radius', 'mean_fractal_dimension']",1,0,0.0,1.0,0.5,569,0.14105547167009083,0.11515944517977666,0.14105547167009083
mean_fractal_dimension,"['radius_error', 'worst_texture']","['radius_error', 'worst_texture', 'mean_fractal_dimension']",1,0,0.0,1.0,0.5,569,0.009810688033730666,0.0,0.009810688033730666
mean_fractal_dimension,"['texture_error', 'worst_radius']","['worst_radius', 'texture_error', 'mean_fractal_dimension']",5,0,0.0,0.20105263157894734,0.10052631578947367,114,-0.20229777984784975,-0.28300174980158815,-0.19979454937003388
mean_fractal_dimension,"['texture_error', 'worst_radius']","['worst_radius', 'texture_error', 'mean_fractal_dimension']",5,1,0.20105263157894734,0.4003508771929825,0.3007017543859649,114,-0.10945505356311133,-0.13032771682614142,-0.19979454937003388
mean_fractal_dimension,"['texture_error', 'worst_radius']","['worst_radius', 'texture_error', 'mean_fractal_dimension']",5,2,0.4003508771929825,0.5996491228070177,0.5000000000000001,113,-0.26201011378002526,-0.23821822624176275,-0.19979454937003388
mean_fractal_dimension,"['texture_error', 'worst_radius']","['worst_radius', 'texture_error', 'mean_fractal_dimension']",5,3,0.5996491228070177,0.7992982456140352,0.6994736842105265,114,-0.2519795062878435,-0.24310521177318556,-0.19979454937003388
mean_fractal_dimension,"['texture_error', 'worst_radius']","['worst_radius', 'texture_error', 'mean_fractal_dimension']",5,4,0.7992982456140352,1.0,0.8996491228070176,114,-0.18832479428660148,-0.17087680902372548,-0.19979454937003388
mean_fractal_dimension,"['texture_error', 'worst_texture']","['texture_error', 'worst_texture', 'mean_fractal_dimension']",1,0,0.0,1.0,0.5,569,0.1468508350790284,0.14762679157978742,0.1468508350790284
mean_fractal_dimension,"['worst_radius', 'worst_texture']","['worst_radius', 'worst_texture', 'mean_fractal_dimension']",1,0,0.0,1.0,0.5,569,-0.21724020058034393,-0.22399455636916307,-0.21724020058034393
radius_error,"['mean_radius', 'mean_texture']","['mean_texture', 'mean_radius', 'radius_error']",6,0,0.0,0.16783625730994145,0.08391812865497073,95,0.10638297872340424,0.08709088031440575,0.12775068689819055
radius_error,"['mean_radius', 'mean_texture']","['mean_texture', 'mean_radius', 'radius_error']",6,1,0.16783625730994145,0.3342105263157894,0.2510233918128654,94,0.08304735758407687,0.1203993525110371,0.12775068689819055
radius_error,"['mean_radius', 'mean_texture']","['mean_texture', 'mean_radius', 'radius_error']",6,2,0.3342105263157894,0.5,0.4171052631578947,95,0.17222844344904814,0.15171541249845677,0.12775068689819055
radius_error,"['mean_radius', 'mean_texture']","['mean_texture', 'mean_radius', 'radius_error']",6,3,0.5,0.6660818713450292,0.5830409356725146,95,0.11847704367301232,0.08106795691636948,0.12775068689819055
radius_error,"['mean_radius', 'mean_texture']","['mean_texture', 'mean_radius', 'radius_error']",6,4,0.6660818713450292,0.8321637426900584,0.7491228070175437,95,0.22060470324748038,0.22409266200261196,0.12775068689819055
radius_error,"['mean_radius', 'mean_texture']","['mean_texture', 'mean_radius', 'radius_error']",6,5,0.8321637426900584,1.0,0.9160818713450292,95,-0.04143337066069429,0.0180236898501443,0.12775068689819055
radius_error,"['mean_radius', 'mean_smoothness']","['mean_smoothness', 'mean_radius', 'radius_error']",2,0,0.0,0.5,0.25,284,0.14681729955705966,0.13584618610698374,0.1811307210574519
radius_error,"['mean_radius', 'mean_smoothness']","['mean_smoothness', 'mean_radius', 'radius_error']",2,1,0.5,1.0,0.75,285,0.2167531504818384,0.2680120118232178,0.1811307210574519
radius_error,"['mean_compactness', 'mean_radius']","['mean_compactness', 'mean_radius', 'radius_error']",6,0,0.0,0.16783625730994145,0.08391812865497073,95,0.08801791713325867,0.07875513837419246,0.18407633852323074
radius_error,"['mean_compactness', 'mean_radius']","['mean_compactness', 'mean_radius', 'radius_error']",6,1,0.16783625730994145,0.3342105263157894,0.2510233918128654,94,0.21848547243193775,0.21228577224002504,0.18407633852323074
radius_error,"['mean_compactness', 'mean_radius']","['mean_compactness', 'mean_radius', 'radius_error']",6,2,0.3342105263157894,0.5,0.4171052631578947,95,0.1444568868980963,0.15902421699383945,0.18407633852323074
radius_error,"['mean_compactness', 'mean_radius']","['mean_compactness', 'mean_radius', 'radius_error']",6,3,0.5,0.6660818713450292,0.5830409356725146,95,0.2331466965285554,0.2700597961040319,0.18407633852323074
radius_error,"['mean_compactness', 'mean_radius']","['mean_compactness', 'mean_radius', 'radius_error']",6,4,0.6660818713450292,0.8321637426900584,0.7491228070175437,95,0.2085106382978723,0.10851545688193903,0.18407633852323074
radius_error,"['mean_compactness', 'mean_radius']","['mean_compactness', 'mean_radius', 'radius_error']",6,5,0.8321637426900584,1.0,0.9160818713450292,95,0.17760358342665172,0.2675131543752471,0.18407633852323074
radius_error,"['mean_concavity', 'mean_radius']","['mean_concavity', 'mean_radius', 'radius_error']",2,0,0.0,0.5,0.25,284,0.1147165679589907,0.10195649106275467,0.17871729498254907
radius_error,"['mean_concavity', 'mean_radius']","['mean_concavity', 'mean_radius', 'radius_error']",2,1,0.5,1.0,0.75,285,0.251297257227576,0.2627792359954327,0.17871729498254907
radius_error,"['mean_concave_points', 'mean_radius']","['mean_radius', 'mean_concave_points', 'radius_error']",2,0,0.0,0.5,0.25,284,-0.033096103120489724,4.8767646230449755e-06,0.10412386445209039
radius_error,"['mean_concave_points', 'mean_radius']","['mean_radius', 'mean_concave_points', 'radius_error']",2,1,0.5,1.0,0.75,285,0.2446256486286138,0.22701949028592883,0.10412386445209039
radius_error,"['mean_radius', 'mean_symmetry']","['mean_symmetry', 'mean_radius', 'radius_error']",6,0,0.0,0.16783625730994145,0.08391812865497073,95,0.1883538633818589,0.16146553797513705,0.19990593826579864
radius_error,"['mean_radius', 'mean_symmetry']","['mean_symmetry', 'mean_radius', 'radius_error']",6,1,0.16783625730994145,0.3342105263157894,0.2510233918128654,94,0.19835277968428278,0.18621927145526612,0.19990593826579864
radius_error,"['mean_radius', 'mean_symmetry']","['mean_symmetry', 'mean_radius', 'radius_error']",6,2,0.3342105263157894,0.5,0.4171052631578947,95,0.16192609182530793,0.24333220858296675,0.19990593826579864
radius_error,"['mean_radius', 'mean_symmetry']","['mean_symmetry', 'mean_radius', 'radius_error']",6,3,0.5,0.6660818713450292,0.5830409356725146,95,0.19820828667413212,0.24294094391727203,0.19990593826579864
radius_error,"['mean_radius', 'mean_symmetry']","['mean_symmetry', 'mean_radius', 'radius_error']",6,4,0.6660818713450292,0.8321637426900584,0.7491228070175437,95,0.1905935050391937,0.1017058006939663,0.19990593826579864
radius_error,"['mean_radius', 'mean_symmetry']","['mean_symmetry', 'mean_radius', 'radius_error']",6,5,0.8321637426900584,1.0,0.9160818713450292,95,0.19148936170212763,0.2581791116195521,0.19990593826579864
radius_error,"['mean_fractal_dimension', 'mean_radius']","['mean_fractal_dimension', 'mean_radius', 'radius_error']",3,0,0.0,0.3342105263157894,0.1671052631578947,189,0.10368118878757175,0.11172196168035817,0.14641451521077253
radius_error,"['mean_fractal_dimension', 'mean_radius']","['mean_fractal_dimension', 'mean_radius', 'radius_error']",3,1,0.3342105263157894,0.6660818713450292,0.5001461988304092,190,0.16246170983013086,0.2066842639173458,0.14641451521077253
radius_error,"['mean_fractal_dimension', 'mean_radius']","['mean_fractal_dimension', 'mean_radius', 'radius_error']",3,2,0.6660818713450292,1.0,0.8330409356725146,190,0.14152046783625732,0.10088625900988428,0.14641451521077253
radius_error,"['mean_radius', 'texture_error']","['texture_error', 'mean_radius', 'radius_error']",1,0,0.0,1.0,0.5,569,0.3073590930468576,0.2948554975516107,0.3073590930468576
radius_error,"['mean_radius', 'worst_radius']","['worst_radius', 'mean_radius', 'radius_error']",5,0,0.0,0.20105263157894734,0.10052631578947367,114,0.2600527868343425,0.17014410495537802,0.27560792225162944
radius_error,"['mean_radius', 'worst_radius']","['worst_radius', 'mean_radius', 'radius_error']",5,1,0.20105263157894734,0.3996491228070176,0.3003508771929825,114,0.26240198821408445,0.24316538225157258,0.27560792225162944
radius_error,"['mean_radius', 'worst_radius']","['worst_radius', 'mean_radius', 'radius_error']",5,2,0.3996491228070176,0.5996491228070177,0.4996491228070176,113,0.291087231352718,0.31847187074955086,0.27560792225162944
radius_error,"['mean_radius', 'worst_radius']","['worst_radius', 'mean_radius', 'radius_error']",5,3,0.5996491228070177,0.7989473684210527,0.6992982456140352,114,0.37276820369507846,0.4113243537071473,0.27560792225162944
radius_error,"['mean_radius', 'worst_radius']","['worst_radius', 'mean_radius', 'radius_error']",5,4,0.7989473684210527,1.0,0.8994736842105264,114,0.22154944884334735,0.2975913851826933,0.27560792225162944
radius_error,"['mean_radius', 'worst_texture']","['worst_texture', 'mean_radius', 'radius_error']",6,0,0.0,0.16783625730994145,0.08391812865497073,95,0.06786114221724523,0.05275485724381685,0.07116512784969924
radius_error,"['mean_radius', 'worst_texture']","['worst_texture', 'mean_radius', 'radius_error']",6,1,0.16783625730994145,0.3342105263157894,0.2510233918128654,94,0.008922443376801646,0.08173870732341072,0.07116512784969924
radius_error,"['mean_radius', 'worst_texture']","['worst_texture', 'mean_radius', 'radius_error']",6,2,0.3342105263157894,0.5,0.4171052631578947,95,0.0992161254199328,0.0962490114742348,0.07116512784969924
radius_error,"['mean_radius', 'worst_texture']","['worst_texture', 'mean_radius', 'radius_error']",6,3,0.5,0.6660818713450292,0.5830409356725146,95,0.10011198208286673,0.034067099467793654,0.07116512784969924
radius_error,"['mean_radius', 'worst_texture']","['worst_texture', 'mean_radius', 'radius_error']",6,4,0.6660818713450292,0.8321637426900584,0.7491228070175437,95,0.17312430011198207,0.23255341848440264,0.07116512784969924
radius_error,"['mean_radius', 'worst_texture']","['worst_texture', 'mean_radius', 'radius_error']",6,5,0.8321637426900584,1.0,0.9160818713450292,95,-0.07099664053751399,9.697370344862696e-07,0.07116512784969924
radius_error,"['mean_smoothness', 'mean_texture']","['mean_smoothness', 'mean_texture', 'radius_error']",1,0,0.0,1.0,0.5,569,0.23097449337050444,0.24115578474364094,0.23097449337050444
radius_error,"['mean_compactness', 'mean_texture']","['mean_texture', 'mean_compactness', 'radius_error']",4,0,0.0,0.2508771929824561,0.12543859649122804,142,0.131755069423634,0.128126251721425,0.17897720240600012
radius_error,"['mean_compactness', 'mean_texture']","['mean_texture', 'mean_compactness', 'radius_error']",4,1,0.2508771929824561,0.5,0.375438596491228,142,0.26321046848466684,0.26003387065494143,0.17897720240600012
radius_error,"['mean_compactness', 'mean_texture']","['mean_texture', 'mean_compactness', 'radius_error']",4,2,0.5,0.7482456140350877,0.6241228070175439,141,0.23242147922998985,0.23023447294131683,0.17897720240600012
radius_error,"['mean_compactness', 'mean_texture']","['mean_texture', 'mean_compactness', 'radius_error']",4,3,0.7482456140350877,1.0,0.8741228070175439,144,0.07964257964257965,0.08897824856574843,0.17897720240600012
radius_error,"['mean_concavity', 'mean_texture']","['mean_concavity', 'mean_texture', 'radius_error']",1,0,0.0,1.0,0.5,569,0.35524394168172474,0.3298423298872751,0.35524394168172474
radius_error,"['mean_concave_points', 'mean_texture']","['mean_concave_points', 'mean_texture', 'radius_error']",6,0,0.0,0.1684210526315789,0.08421052631578944,95,0.2694288913773796,0.3247505812749477,0.4151587910591846
radius_error,"['mean_concave_points', 'mean_texture']","['mean_concave_points', 'mean_texture', 'radius_error']",6,1,0.1684210526315789,0.3339181286549707,0.2511695906432748,95,0.3388577827547592,0.4014344291738848,0.4151587910591846
radius_error,"['mean_concave_points', 'mean_texture']","['mean_concave_points', 'mean_texture', 'radius_error']",6,2,0.3339181286549707,0.5,0.41695906432748536,94,0.42759094028826355,0.38226682919387467,0.4151587910591846
radius_error,"['mean_concave_points', 'mean_texture']","['mean_concave_points', 'mean_texture', 'radius_error']",6,3,0.5,0.6657894736842105,0.5828947368421052,94,0.44543582704186685,0.41006007955316004,0.4151587910591846
radius_error,"['mean_concave_points', 'mean_texture']","['mean_concave_points', 'mean_texture', 'radius_error']",6,4,0.6657894736842105,0.8315789473684211,0.7486842105263158,96,0.45789473684210513,0.38122395287793176,0.4151587910591846
radius_error,"['mean_concave_points', 'mean_texture']","['mean_concave_points', 'mean_texture', 'radius_error']",6,5,0.8315789473684211,1.0,0.9157894736842105,95,0.534154535274356,0.43415529005385867,0.4151587910591846
radius_error,"['mean_symmetry', 'mean_texture']","['mean_symmetry', 'mean_texture', 'radius_error']",1,0,0.0,1.0,0.5,569,0.20718334612242875,0.2007626239650317,0.20718334612242875
radius_error,"['mean_fractal_dimension', 'mean_texture']","['mean_fractal_dimension', 'mean_texture', 'radius_error']",1,0,0.0,1.0,0.5,569,0.015604255225889594,0.0,0.015604255225889594
radius_error,"['mean_texture', 'texture_error']","['texture_error', 'mean_texture', 'radius_error']",4,0,0.0,0.25,0.125,141,0.29523809523809524,0.26833961284941793,0.12606747691774547
radius_error,"['mean_texture', 'texture_error']","['texture_error', 'mean_texture', 'radius_error']",4,1,0.25,0.5,0.375,143,0.1442923273909189,0.11559574471316637,0.12606747691774547
radius_error,"['mean_texture', 'texture_error']","['texture_error', 'mean_texture', 'radius_error']",4,2,0.5,0.7491228070175439,0.6245614035087719,142,0.014683847767455797,0.03737610680009717,0.12606747691774547
radius_error,"['mean_texture', 'texture_error']","['texture_error', 'mean_texture', 'radius_error']",4,3,0.7491228070175439,1.0,0.8745614035087719,143,0.05367871565054663,0.07184560027372289,0.12606747691774547
radius_error,"['mean_texture', 'worst_radius']","['mean_texture', 'worst_radius', 'radius_error']",6,0,0.0,0.16783625730994145,0.08391812865497073,95,0.058006718924971994,0.05147308968812699,0.10124012970618083
radius_error,"['mean_texture', 'worst_radius']","['mean_texture', 'worst_radius', 'radius_error']",6,1,0.16783625730994145,0.3342105263157893,0.25102339181286537,95,0.0902575587905935,0.12827883703204926,0.10124012970618083
radius_error,"['mean_texture', 'worst_radius']","['mean_texture', 'worst_radius', 'radius_error']",6,2,0.3342105263157893,0.5008771929824561,0.4175438596491227,94,0.1741020361473347,0.14432302198630137,0.10124012970618083
radius_error,"['mean_texture', 'worst_radius']","['mean_texture', 'worst_radius', 'radius_error']",6,3,0.5008771929824561,0.6660818713450292,0.5834795321637427,95,0.07905935050391937,0.0851579980519484,0.10124012970618083
radius_error,"['mean_texture', 'worst_radius']","['mean_texture', 'worst_radius', 'radius_error']",6,4,0.6660818713450292,0.8324561403508772,0.7492690058479532,94,0.14207275223061083,0.19121670936044183,0.10124012970618083
radius_error,"['mean_texture', 'worst_radius']","['mean_texture', 'worst_radius', 'radius_error']",6,5,0.8324561403508772,1.0,0.9162280701754386,96,-0.07807017543859648,7.549532312070961e-07,0.10124012970618083
radius_error,"['mean_texture', 'worst_texture']","['worst_texture', 'mean_texture', 'radius_error']",1,0,0.0,1.0,0.5,569,-0.06986559073244386,-0.09588427383099067,-0.06986559073244386
radius_error,"['mean_compactness', 'mean_smoothness']","['mean_smoothness', 'mean_compactness', 'radius_error']",1,0,0.0,1.0,0.5,569,-0.026027871977029132,0.0,-0.026027871977029132
radius_error,"['mean_concavity', 'mean_smoothness']","['mean_smoothness', 'mean_concavity', 'radius_error']",1,0,0.0,1.0,0.5,569,-0.011015124136736056,0.0,-0.011015124136736056
radius_error,"['mean_concave_points', 'mean_smoothness']","['mean_concave_points', 'mean_smoothness', 'radius_error']",4,0,0.0,0.2508771929824561,0.12543859649122804,142,0.24043552092698028,0.31593004848505735,0.40353721626772937
radius_error,"['mean_concave_points', 'mean_smoothness']","['mean_concave_points', 'mean_smoothness', 'radius_error']",4,1,0.2508771929824561,0.5,0.375438596491228,142,0.41544301268604533,0.41894907867689885,0.40353721626772937
radius_error,"['mean_concave_points', 'mean_smoothness']","['mean_concave_points', 'mean_smoothness', 'radius_error']",4,2,0.5,0.7482456140350877,0.6241228070175439,141,0.436676798378926,0.43989785150511007,0.40353721626772937
radius_error,"['mean_concave_points', 'mean_smoothness']","['mean_concave_points', 'mean_smoothness', 'radius_error']",4,3,0.7482456140350877,1.0,0.8741228070175439,144,0.5128205128205128,0.41282125806690995,0.40353721626772937
radius_error,"['mean_smoothness', 'mean_symmetry']","['mean_smoothness', 'mean_symmetry', 'radius_error']",6,0,0.0,0.16783625730994145,0.08391812865497073,95,0.24434490481522955,0.2729300777480546,0.10700759919799993
radius_error,"['mean_smoothness', 'mean_symmetry']","['mean_smoothness', 'mean_symmetry', 'radius_error']",6,1,0.16783625730994145,0.3339181286549707,0.2508771929824561,95,0.13191489361702127,0.13667109789178133,0.10700759919799993
radius_error,"['mean_smoothness', 'mean_symmetry']","['mean_smoothness', 'mean_symmetry', 'radius_error']",6,2,0.3339181286549707,0.4991228070175438,0.4165204678362573,93,-0.0729312762973352,-0.02271135117415017,0.10700759919799993
radius_error,"['mean_smoothness', 'mean_symmetry']","['mean_smoothness', 'mean_symmetry', 'radius_error']",6,3,0.4991228070175438,0.6657894736842104,0.5824561403508771,96,0.21666666666666662,0.21953667940275945,0.10700759919799993
radius_error,"['mean_smoothness', 'mean_symmetry']","['mean_smoothness', 'mean_symmetry', 'radius_error']",6,4,0.6657894736842104,0.8321637426900584,0.7489766081871344,95,0.16013437849944007,0.14338952570633906,0.10700759919799993
radius_error,"['mean_smoothness', 'mean_symmetry']","['mean_smoothness', 'mean_symmetry', 'radius_error']",6,5,0.8321637426900584,1.0,0.9160818713450292,95,-0.009630459126539754,0.02522419837775097,0.10700759919799993
radius_error,"['mean_fractal_dimension', 'mean_smoothness']","['mean_fractal_dimension', 'mean_smoothness', 'radius_error']",1,0,0.0,1.0,0.5,569,-0.19130424020396544,-0.20578269411973815,-0.19130424020396544
radius_error,"['mean_smoothness', 'texture_error']","['texture_error', 'mean_smoothness', 'radius_error']",1,0,0.0,1.0,0.5,569,0.19850738879675237,0.19450950747348883,0.19850738879675237
radius_error,"['mean_smoothness', 'worst_radius']","['mean_smoothness', 'worst_radius', 'radius_error']",4,0,0.0,0.25,0.125,141,0.12036474164133737,0.10950913034168135,0.16364266442238667
radius_error,"['mean_smoothness', 'worst_radius']","['mean_smoothness', 'worst_radius', 'radius_error']",4,1,0.25,0.5008771929824561,0.37543859649122807,143,0.18565941101152367,0.2131602807819603,0.16364266442238667
radius_error,"['mean_smoothness', 'worst_radius']","['mean_smoothness', 'worst_radius', 'radius_error']",4,2,0.5008771929824561,0.7491228070175439,0.625,142,0.20347617620617317,0.2236839319203587,0.16364266442238667
radius_error,"['mean_smoothness', 'worst_radius']","['mean_smoothness', 'worst_radius', 'radius_error']",4,3,0.7491228070175439,1.0,0.8745614035087719,143,0.10528907712006302,0.18286173948273288,0.16364266442238667
radius_error,"['mean_smoothness', 'worst_texture']","['worst_texture', 'mean_smoothness', 'radius_error']",4,0,0.0,0.2508771929824561,0.12543859649122804,142,0.10201838987525771,0.10455731357849807,0.1860416208742586
radius_error,"['mean_smoothness', 'worst_texture']","['worst_texture', 'mean_smoothness', 'radius_error']",4,1,0.2508771929824561,0.5,0.375438596491228,142,0.23189130246144052,0.2355400055411907,0.1860416208742586
radius_error,"['mean_smoothness', 'worst_texture']","['worst_texture', 'mean_smoothness', 'radius_error']",4,2,0.5,0.7482456140350877,0.6241228070175439,141,0.26440335279812976,0.2773205834407858,0.1860416208742586
radius_error,"['mean_smoothness', 'worst_texture']","['worst_texture', 'mean_smoothness', 'radius_error']",4,3,0.7482456140350877,1.0,0.8741228070175439,144,0.13991450726349947,0.13489000043274446,0.1860416208742586
radius_error,"['mean_compactness', 'mean_concavity']","['mean_concavity', 'mean_compactness', 'radius_error']",3,0,0.0,0.3339181286549707,0.16695906432748536,190,0.011194653299916457,0.045849181536746296,0.19571028985865987
radius_error,"['mean_compactness', 'mean_concavity']","['mean_concavity', 'mean_compactness', 'radius_error']",3,1,0.3339181286549707,0.6660818713450292,0.49999999999999994,189,0.3019250253292806,0.3179522399894809,0.19571028985865987
radius_error,"['mean_compactness', 'mean_concavity']","['mean_concavity', 'mean_compactness', 'radius_error']",3,2,0.6660818713450292,1.0,0.8330409356725146,190,0.2672793093845725,0.19729746525718905,0.19571028985865987
radius_error,"['mean_compactness', 'mean_concave_points']","['mean_concave_points', 'mean_compactness', 'radius_error']",3,0,0.0,0.3339181286549707,0.16695906432748536,190,0.10253411306042884,0.1550534884631964,0.30203717913809747
radius_error,"['mean_compactness', 'mean_concave_points']","['mean_concave_points', 'mean_compactness', 'radius_error']",3,1,0.3339181286549707,0.6660818713450292,0.49999999999999994,189,0.3297309467522233,0.36223077783927715,0.30203717913809747
radius_error,"['mean_compactness', 'mean_concave_points']","['mean_concave_points', 'mean_compactness', 'radius_error']",3,2,0.6660818713450292,1.0,0.8330409356725146,190,0.47179058758006126,0.3717913262585644,0.30203717913809747
radius_error,"['mean_compactness', 'mean_symmetry']","['mean_symmetry', 'mean_compactness', 'radius_error']",1,0,0.0,1.0,0.5,569,0.031448798237580136,0.0,0.031448798237580136
radius_error,"['mean_compactness', 'mean_fractal_dimension']","['mean_fractal_dimension', 'mean_compactness', 'radius_error']",3,0,0.0,0.3339181286549707,0.16695906432748536,190,-0.06599832915622389,-0.08957272315322422,-0.24730810168568526
radius_error,"['mean_compactness', 'mean_fractal_dimension']","['mean_fractal_dimension', 'mean_compactness', 'radius_error']",3,1,0.3339181286549707,0.6660818713450292,0.49999999999999994,189,-0.2970843183609141,-0.3035546749781321,-0.24730810168568526
radius_error,"['mean_compactness', 'mean_fractal_dimension']","['mean_fractal_dimension', 'mean_compactness', 'radius_error']",3,2,0.6660818713450292,1.0,0.8330409356725146,190,-0.3602896129211918,-0.2707493319678076,-0.24730810168568526
radius_error,"['mean_compactness', 'texture_error']","['texture_error', 'mean_compactness', 'radius_error']",6,0,0.0,0.16783625730994145,0.08391812865497073,95,0.22135097026778655,0.25174448038060876,0.215635428123427
radius_error,"['mean_compactness', 'texture_error']","['texture_error', 'mean_compactness', 'radius_error']",6,1,0.16783625730994145,0.3339181286549707,0.2508771929824561,95,0.34233226980686016,0.2558304451882034,0.215635428123427
radius_error,"['mean_compactness', 'texture_error']","['texture_error', 'mean_compactness', 'radius_error']",6,2,0.3339181286549707,0.5,0.41695906432748536,94,0.24802654320873335,0.2032851172148166,0.215635428123427
radius_error,"['mean_compactness', 'texture_error']","['texture_error', 'mean_compactness', 'radius_error']",6,3,0.5,0.6660818713450292,0.5830409356725146,95,0.2229442303176772,0.2294581328054765,0.215635428123427
radius_error,"['mean_compactness', 'texture_error']","['texture_error', 'mean_compactness', 'radius_error']",6,4,0.6660818713450292,0.8315789473684211,0.7488304093567251,95,0.18546309893441984,0.2144817789445586,0.215635428123427
radius_error,"['mean_compactness', 'texture_error']","['texture_error', 'mean_compactness', 'radius_error']",6,5,0.8315789473684211,1.0,0.9157894736842105,95,0.03696236651882842,5.007249032460382e-06,0.215635428123427
radius_error,"['mean_compactness', 'worst_radius']","['mean_compactness', 'worst_radius', 'radius_error']",1,0,0.0,1.0,0.5,569,0.15440976261788658,0.13749331263738457,0.15440976261788658
radius_error,"['mean_compactness', 'worst_texture']","['mean_compactness', 'worst_texture', 'radius_error']",1,0,0.0,1.0,0.5,569,0.31108443278298964,0.3012012995608752,0.31108443278298964
radius_error,"['mean_concave_points', 'mean_concavity']","['mean_concavity', 'mean_concave_points', 'radius_error']",1,0,0.0,1.0,0.5,569,-0.051585510023269485,0.0,-0.051585510023269485
radius_error,"['mean_concavity', 'mean_symmetry']","['mean_concavity', 'mean_symmetry', 'radius_error']",5,0,0.0,0.20105263157894734,0.10052631578947367,114,0.24856388759509393,0.2778993361072451,0.3472982004505062
radius_error,"['mean_concavity', 'mean_symmetry']","['mean_concavity', 'mean_symmetry', 'radius_error']",5,1,0.20105263157894734,0.4,0.3005263157894737,112,0.27767052767052763,0.3200534515486835,0.3472982004505062
radius_error,"['mean_concavity', 'mean_symmetry']","['mean_concavity', 'mean_symmetry', 'radius_error']",5,2,0.4,0.5996491228070177,0.49982456140350884,115,0.47520976353928307,0.3752105022171223,0.3472982004505062
radius_error,"['mean_concavity', 'mean_symmetry']","['mean_concavity', 'mean_symmetry', 'radius_error']",5,3,0.5996491228070177,0.7989473684210527,0.6992982456140352,114,0.4680950163018165,0.4353446899510227,0.3472982004505062
radius_error,"['mean_concavity', 'mean_symmetry']","['mean_concavity', 'mean_symmetry', 'radius_error']",5,4,0.7989473684210527,1.0,0.8994736842105264,114,0.25818972209284274,0.24279697954447788,0.3472982004505062
radius_error,"['mean_concavity', 'mean_fractal_dimension']","['mean_concavity', 'mean_fractal_dimension', 'radius_error']",4,0,0.0,0.2508771929824561,0.12543859649122804,142,0.5205794231771197,0.4733030934405896,0.41540285064612403
radius_error,"['mean_concavity', 'mean_fractal_dimension']","['mean_concavity', 'mean_fractal_dimension', 'radius_error']",4,1,0.2508771929824561,0.5,0.375438596491228,142,0.3764047754557839,0.3925429126922784,0.41540285064612403
radius_error,"['mean_concavity', 'mean_fractal_dimension']","['mean_concavity', 'mean_fractal_dimension', 'radius_error']",4,2,0.5,0.7482456140350877,0.6241228070175439,141,0.41511728104337375,0.38802954444046467,0.41540285064612403
radius_error,"['mean_concavity', 'mean_fractal_dimension']","['mean_concavity', 'mean_fractal_dimension', 'radius_error']",4,3,0.7482456140350877,1.0,0.8741228070175439,144,0.3212395002288197,0.2998480458078635,0.41540285064612403
radius_error,"['mean_concavity', 'texture_error']","['texture_error', 'mean_concavity', 'radius_error']",5,0,0.0,0.20105263157894734,0.10052631578947367,114,0.3270440340299055,0.29284484238708286,0.21381577209965297
radius_error,"['mean_concavity', 'texture_error']","['texture_error', 'mean_concavity', 'radius_error']",5,1,0.20105263157894734,0.4003508771929825,0.3007017543859649,114,0.2967391340122287,0.33147552852910556,0.21381577209965297
radius_error,"['mean_concavity', 'texture_error']","['texture_error', 'mean_concavity', 'radius_error']",5,2,0.4003508771929825,0.5996491228070177,0.5000000000000001,113,0.29190043552216577,0.27734670424883723,0.21381577209965297
radius_error,"['mean_concavity', 'texture_error']","['texture_error', 'mean_concavity', 'radius_error']",5,3,0.5996491228070177,0.7989473684210527,0.6992982456140352,114,0.09628076975239383,0.13053113914379683,0.21381577209965297
radius_error,"['mean_concavity', 'texture_error']","['texture_error', 'mean_concavity', 'radius_error']",5,4,0.7989473684210527,1.0,0.8994736842105264,114,0.01646090579637701,0.024731439351415432,0.21381577209965297
radius_error,"['mean_concavity', 'worst_radius']","['mean_concavity', 'worst_radius', 'radius_error']",4,0,0.0,0.25,0.125,141,0.031408308004052685,0.057719257317627906,0.1547439293051808
radius_error,"['mean_concavity', 'worst_radius']","['mean_concavity', 'worst_radius', 'radius_error']",4,1,0.25,0.5008771929824561,0.37543859649122807,143,0.14921698020289567,0.19123522965300221,0.1547439293051808
radius_error,"['mean_concavity', 'worst_radius']","['mean_concavity', 'worst_radius', 'radius_error']",4,2,0.5008771929824561,0.7491228070175439,0.625,142,0.17710518429727298,0.0771100206434999,0.1547439293051808
radius_error,"['mean_concavity', 'worst_radius']","['mean_concavity', 'worst_radius', 'radius_error']",4,3,0.7491228070175439,1.0,0.8745614035087719,143,0.26504481434058896,0.19567123677822676,0.1547439293051808
radius_error,"['mean_concavity', 'worst_texture']","['mean_concavity', 'worst_texture', 'radius_error']",3,0,0.0,0.3339181286549707,0.16695906432748536,190,0.28844333054859367,0.32534188807582304,0.3633382014406297
radius_error,"['mean_concavity', 'worst_texture']","['mean_concavity', 'worst_texture', 'radius_error']",3,1,0.3339181286549707,0.6660818713450292,0.49999999999999994,189,0.36102668017561634,0.28835106751253925,0.3633382014406297
radius_error,"['mean_concavity', 'worst_texture']","['mean_concavity', 'worst_texture', 'radius_error']",3,2,0.6660818713450292,1.0,0.8330409356725146,190,0.44483430799220275,0.39816606476736427,0.3633382014406297
radius_error,"['mean_concave_points', 'mean_symmetry']","['mean_symmetry', 'mean_concave_points', 'radius_error']",1,0,0.0,1.0,0.5,569,0.02849080422782742,0.0,0.02849080422782742
radius_error,"['mean_concave_points', 'mean_fractal_dimension']","['mean_fractal_dimension', 'mean_concave_points', 'radius_error']",2,0,0.0,0.5,0.25,284,0.02642711392027074,-0.012671073212251036,-0.0949775984554073
radius_error,"['mean_concave_points', 'mean_fractal_dimension']","['mean_fractal_dimension', 'mean_concave_points', 'radius_error']",2,1,0.5,1.0,0.75,285,-0.2103780578206079,-0.14803628798118168,-0.0949775984554073
radius_error,"['mean_concave_points', 'texture_error']","['texture_error', 'mean_concave_points', 'radius_error']",4,0,0.0,0.25,0.125,141,0.33863613508527285,0.31172464502880054,0.25381106878546195
radius_error,"['mean_concave_points', 'texture_error']","['texture_error', 'mean_concave_points', 'radius_error']",4,1,0.25,0.5,0.375,143,0.2863475191196818,0.2820575497498974,0.25381106878546195
radius_error,"['mean_concave_points', 'texture_error']","['texture_error', 'mean_concave_points', 'radius_error']",4,2,0.5,0.7491228070175439,0.6245614035087719,142,0.28989709520889945,0.300446567716789,0.25381106878546195
radius_error,"['mean_concave_points', 'texture_error']","['texture_error', 'mean_concave_points', 'radius_error']",4,3,0.7491228070175439,1.0,0.8745614035087719,143,0.09259715414093629,0.09593677986223928,0.25381106878546195
radius_error,"['mean_concave_points', 'worst_radius']","['mean_concave_points', 'worst_radius', 'radius_error']",4,0,0.0,0.25,0.125,141,0.04356636271529889,0.09190145107796192,0.17298695512265153
radius_error,"['mean_concave_points', 'worst_radius']","['mean_concave_points', 'worst_radius', 'radius_error']",4,1,0.25,0.5008771929824561,0.37543859649122807,143,0.19038707771102134,0.24629268519717967,0.17298695512265153
radius_error,"['mean_concave_points', 'worst_radius']","['mean_concave_points', 'worst_radius', 'radius_error']",4,2,0.5008771929824561,0.7491228070175439,0.625,142,0.19648386774547996,0.13676005134506564,0.17298695512265153
radius_error,"['mean_concave_points', 'worst_radius']","['mean_concave_points', 'worst_radius', 'radius_error']",4,3,0.7491228070175439,1.0,0.8745614035087719,143,0.24849798089234704,0.18932281872222928,0.17298695512265153
radius_error,"['mean_concave_points', 'worst_texture']","['worst_texture', 'mean_concave_points', 'radius_error']",1,0,0.0,1.0,0.5,569,0.060657442015891475,0.0626404332258374,0.060657442015891475
radius_error,"['mean_fractal_dimension', 'mean_symmetry']","['mean_fractal_dimension', 'mean_symmetry', 'radius_error']",1,0,0.0,1.0,0.5,569,-0.13409985395678112,-0.12834357532517898,-0.13409985395678112
radius_error,"['mean_symmetry', 'texture_error']","['texture_error', 'mean_symmetry', 'radius_error']",3,0,0.0,0.3339181286549707,0.16695906432748536,190,0.23698134224450013,0.17751006594034266,0.19171266615510285
radius_error,"['mean_symmetry', 'texture_error']","['texture_error', 'mean_symmetry', 'radius_error']",3,1,0.3339181286549707,0.6657894736842104,0.49985380116959055,189,0.26939097151863106,0.2439127950761528,0.19171266615510285
radius_error,"['mean_symmetry', 'texture_error']","['texture_error', 'mean_symmetry', 'radius_error']",3,2,0.6657894736842104,1.0,0.8328947368421051,190,0.0605402394876079,0.09089886043358526,0.19171266615510285
radius_error,"['mean_symmetry', 'worst_radius']","['mean_symmetry', 'worst_radius', 'radius_error']",1,0,0.0,1.0,0.5,569,0.18843288200202976,0.1728465638087213,0.18843288200202976
radius_error,"['mean_symmetry', 'worst_texture']","['mean_symmetry', 'worst_texture', 'radius_error']",1,0,0.0,1.0,0.5,569,0.2042005990247283,0.19558429835729446,0.2042005990247283
radius_error,"['mean_fractal_dimension', 'texture_error']","['texture_error', 'mean_fractal_dimension', 'radius_error']",1,0,0.0,1.0,0.5,569,0.2158614446698673,0.2110241059467519,0.2158614446698673
radius_error,"['mean_fractal_dimension', 'worst_radius']","['mean_fractal_dimension', 'worst_radius', 'radius_error']",1,0,0.0,1.0,0.5,569,0.14105547167009083,0.11515944517986187,0.14105547167009083
radius_error,"['mean_fractal_dimension', 'worst_texture']","['mean_fractal_dimension', 'worst_texture', 'radius_error']",1,0,0.0,1.0,0.5,569,0.009810688033730664,0.0,0.009810688033730664
radius_error,"['texture_error', 'worst_radius']","['texture_error', 'worst_radius', 'radius_error']",1,0,0.0,1.0,0.5,569,0.33901829253199334,0.3367369399974404,0.33901829253199334
radius_error,"['texture_error', 'worst_texture']","['texture_error', 'worst_texture', 'radius_error']",1,0,0.0,1.0,0.5,569,0.1378499467808609,0.1421013851971653,0.1378499467808609
radius_error,"['worst_radius', 'worst_texture']","['worst_texture', 'worst_radius', 'radius_error']",4,0,0.0,0.25,0.125,141,0.012968591691995948,0.05177676421575039,0.024913983019381667
radius_error,"['worst_radius', 'worst_texture']","['worst_texture', 'worst_radius', 'radius_error']",4,1,0.25,0.5008771929824561,0.37543859649122807,143,0.06293706293706293,0.04903524100985638,0.024913983019381667
radius_error,"['worst_radius', 'worst_texture']","['worst_texture', 'worst_radius', 'radius_error']",4,2,0.5008771929824561,0.7491228070175439,0.625,142,0.07142143641993806,0.12325622894496409,0.024913983019381667
radius_error,"['worst_radius', 'worst_texture']","['worst_texture', 'worst_radius', 'radius_error']",4,3,0.7491228070175439,1.0,0.8745614035087719,143,-0.1060770215699793,0.006077838539657928,0.024913983019381667
texture_error,"['mean_radius', 'mean_texture']","['mean_radius', 'mean_texture', 'texture_error']",1,0,0.0,1.0,0.5,569,-0.2379390578974727,-0.23666936547223405,-0.2379390578974727
texture_error,"['mean_radius', 'mean_smoothness']","['mean_radius', 'mean_smoothness', 'texture_error']",5,0,0.0,0.20105263157894734,0.10052631578947367,114,-0.19639807483310046,-0.12577637938982683,-0.10669818559865343
texture_error,"['mean_radius', 'mean_smoothness']","['mean_radius', 'mean_smoothness', 'texture_error']",5,1,0.20105263157894734,0.4003508771929825,0.3007017543859649,114,-0.09765564353361281,-0.09169949811958565,-0.10669818559865343
texture_error,"['mean_radius', 'mean_smoothness']","['mean_radius', 'mean_smoothness', 'texture_error']",5,2,0.4003508771929825,0.5996491228070177,0.5000000000000001,113,0.005372945638432364,-0.04050404439343979,-0.10669818559865343
texture_error,"['mean_radius', 'mean_smoothness']","['mean_radius', 'mean_smoothness', 'texture_error']",5,3,0.5996491228070177,0.8008771929824562,0.7002631578947369,113,-0.213653603034134,-0.22300254058039165,-0.10669818559865343
texture_error,"['mean_radius', 'mean_smoothness']","['mean_radius', 'mean_smoothness', 'texture_error']",5,4,0.8008771929824562,1.0,0.900438596491228,115,-0.01815408085430969,-0.025025510512552415,-0.10669818559865343
texture_error,"['mean_compactness', 'mean_radius']","['mean_compactness', 'mean_radius', 'texture_error']",1,0,0.0,1.0,0.5,569,0.06657343003539691,0.0,0.06657343003539691
texture_error,"['mean_concavity', 'mean_radius']","['mean_radius', 'mean_concavity', 'texture_error']",1,0,0.0,1.0,0.5,569,-0.15736929952543785,-0.14972407983728078,-0.15736929952543785
texture_error,"['mean_concave_points', 'mean_radius']","['mean_radius', 'mean_concave_points', 'texture_error']",1,0,0.0,1.0,0.5,569,-0.15463362618357349,-0.15484791606122725,-0.15463362618357349
texture_error,"['mean_radius', 'mean_symmetry']","['mean_radius', 'mean_symmetry', 'texture_error']",1,0,0.0,1.0,0.5,569,-0.10583182752048317,-0.10189368494502876,-0.10583182752048317
texture_error,"['mean_fractal_dimension', 'mean_radius']","['mean_fractal_dimension', 'mean_radius', 'texture_error']",4,0,0.0,0.2508771929824561,0.12543859649122804,142,0.026670662271501347,0.00607557599459267,0.06321938661848064
texture_error,"['mean_fractal_dimension', 'mean_radius']","['mean_fractal_dimension', 'mean_radius', 'texture_error']",4,1,0.2508771929824561,0.5,0.375438596491228,142,-0.03526121266606732,4.949692216255365e-06,0.06321938661848064
texture_error,"['mean_fractal_dimension', 'mean_radius']","['mean_fractal_dimension', 'mean_radius', 'texture_error']",4,2,0.5,0.7482456140350877,0.6241228070175439,141,0.16129685916919959,0.13071601365535848,0.06321938661848064
texture_error,"['mean_fractal_dimension', 'mean_radius']","['mean_fractal_dimension', 'mean_radius', 'texture_error']",4,3,0.7482456140350877,1.0,0.8741228070175439,144,0.06993006993006994,0.0742186048041769,0.06321938661848064
texture_error,"['mean_radius', 'radius_error']","['radius_error', 'mean_radius', 'texture_error']",1,0,0.0,1.0,0.5,569,0.3073590930468576,0.2948554975516107,0.3073590930468576
texture_error,"['mean_radius', 'worst_radius']","['mean_radius', 'worst_radius', 'texture_error']",1,0,0.0,1.0,0.5,569,0.014820957266826518,0.07789500885132594,0.014820957266826518
texture_error,"['mean_radius', 'worst_texture']","['mean_radius', 'worst_texture', 'texture_error']",5,0,0.0,0.20105263157894734,0.10052631578947367,114,-0.27247321844434097,-0.2568599643222136,-0.2609470531448798
texture_error,"['mean_radius', 'worst_texture']","['mean_radius', 'worst_texture', 'texture_error']",5,1,0.20105263157894734,0.3996491228070176,0.3003508771929825,114,-0.39170936190032607,-0.36750216035041267,-0.2609470531448798
texture_error,"['mean_radius', 'worst_texture']","['mean_radius', 'worst_texture', 'texture_error']",5,2,0.3996491228070176,0.5996491228070177,0.4996491228070176,113,-0.28223767383059417,-0.26783153978297947,-0.2609470531448798
texture_error,"['mean_radius', 'worst_texture']","['mean_radius', 'worst_texture', 'texture_error']",5,3,0.5996491228070177,0.7989473684210527,0.6992982456140352,114,-0.17963049215960256,-0.1811753071138773,-0.2609470531448798
texture_error,"['mean_radius', 'worst_texture']","['mean_radius', 'worst_texture', 'texture_error']",5,4,0.7989473684210527,1.0,0.8994736842105264,114,-0.20602390933084927,-0.21280017290084574,-0.2609470531448798
texture_error,"['mean_smoothness', 'mean_texture']","['mean_smoothness', 'mean_texture', 'texture_error']",1,0,0.0,1.0,0.5,569,0.07028904845158691,0.0,0.07028904845158691
texture_error,"['mean_compactness', 'mean_texture']","['mean_compactness', 'mean_texture', 'texture_error']",1,0,0.0,1.0,0.5,569,-0.05579346023416421,-0.05951899927282119,-0.05579346023416421
texture_error,"['mean_concavity', 'mean_texture']","['mean_concavity', 'mean_texture', 'texture_error']",1,0,0.0,1.0,0.5,569,-0.08058367781380726,-0.08776756143042229,-0.08058367781380726
texture_error,"['mean_concave_points', 'mean_texture']","['mean_concave_points', 'mean_texture', 'texture_error']",1,0,0.0,1.0,0.5,569,-0.09693309240327731,-0.09345225004943859,-0.09693309240327731
texture_error,"['mean_symmetry', 'mean_texture']","['mean_symmetry', 'mean_texture', 'texture_error']",4,0,0.0,0.25,0.125,141,0.15987841945288753,0.16382661948482694,0.06908586846209064
texture_error,"['mean_symmetry', 'mean_texture']","['mean_symmetry', 'mean_texture', 'texture_error']",4,1,0.25,0.5,0.375,143,0.09031813257165368,0.03648138510755278,0.06908586846209064
texture_error,"['mean_symmetry', 'mean_texture']","['mean_symmetry', 'mean_texture', 'texture_error']",4,2,0.5,0.7491228070175439,0.6245614035087719,142,0.04505044451103785,0.07943577159276223,0.06908586846209064
texture_error,"['mean_symmetry', 'mean_texture']","['mean_symmetry', 'mean_texture', 'texture_error']",4,3,0.7491228070175439,1.0,0.8745614035087719,143,-0.00522013198069536,0.04589568935634925,0.06908586846209064
texture_error,"['mean_fractal_dimension', 'mean_texture']","['mean_fractal_dimension', 'mean_texture', 'texture_error']",1,0,0.0,1.0,0.5,569,0.14409022507079883,0.14866050244502496,0.14409022507079883
texture_error,"['mean_texture', 'radius_error']","['mean_texture', 'radius_error', 'texture_error']",1,0,0.0,1.0,0.5,569,0.26144211490383423,0.2572652130261587,0.26144211490383423
texture_error,"['mean_texture', 'worst_radius']","['worst_radius', 'mean_texture', 'texture_error']",1,0,0.0,1.0,0.5,569,-0.2548949231416619,-0.24467178334789005,-0.2548949231416619
texture_error,"['mean_texture', 'worst_texture']","['mean_texture', 'worst_texture', 'texture_error']",1,0,0.0,1.0,0.5,569,-0.02295848907151167,0.0,-0.02295848907151167
texture_error,"['mean_compactness', 'mean_smoothness']","['mean_compactness', 'mean_smoothness', 'texture_error']",5,0,0.0,0.20105263157894734,0.10052631578947367,114,-0.013817730166123273,-0.054838250077918926,-0.020854476595955344
texture_error,"['mean_compactness', 'mean_smoothness']","['mean_compactness', 'mean_smoothness', 'texture_error']",5,1,0.20105263157894734,0.4003508771929825,0.3007017543859649,114,-0.008228535941623972,-0.07571945418668116,-0.020854476595955344
texture_error,"['mean_compactness', 'mean_smoothness']","['mean_compactness', 'mean_smoothness', 'texture_error']",5,2,0.4003508771929825,0.5996491228070177,0.5000000000000001,113,0.13811630847029077,-9.193959910310043e-07,-0.020854476595955344
texture_error,"['mean_compactness', 'mean_smoothness']","['mean_compactness', 'mean_smoothness', 'texture_error']",5,3,0.5996491228070177,0.8008771929824562,0.7002631578947369,113,-0.21080910240202275,-0.24861804501264603,-0.020854476595955344
texture_error,"['mean_compactness', 'mean_smoothness']","['mean_compactness', 'mean_smoothness', 'texture_error']",5,4,0.8008771929824562,1.0,0.900438596491228,115,-0.005949656750572083,-0.07067525071423425,-0.020854476595955344
texture_error,"['mean_concavity', 'mean_smoothness']","['mean_concavity', 'mean_smoothness', 'texture_error']",1,0,0.0,1.0,0.5,569,0.009963117898957895,0.0,0.009963117898957895
texture_error,"['mean_concave_points', 'mean_smoothness']","['mean_concave_points', 'mean_smoothness', 'texture_error']",5,0,0.0,0.20105263157894734,0.10052631578947367,114,-0.0631889458158671,-0.10386599527515407,-0.02938191539394539
texture_error,"['mean_concave_points', 'mean_smoothness']","['mean_concave_points', 'mean_smoothness', 'texture_error']",5,1,0.20105263157894734,0.4003508771929825,0.3007017543859649,114,0.020027945971122497,-7.641741772701046e-07,-0.02938191539394539
texture_error,"['mean_concave_points', 'mean_smoothness']","['mean_concave_points', 'mean_smoothness', 'texture_error']",5,2,0.4003508771929825,0.5996491228070177,0.5000000000000001,113,0.09418457648546143,-8.103489713413102e-07,-0.02938191539394539
texture_error,"['mean_concave_points', 'mean_smoothness']","['mean_concave_points', 'mean_smoothness', 'texture_error']",5,3,0.5996491228070177,0.8008771929824562,0.7002631578947369,113,-0.19563843236409606,-0.1561757951197711,-0.02938191539394539
texture_error,"['mean_concave_points', 'mean_smoothness']","['mean_concave_points', 'mean_smoothness', 'texture_error']",5,4,0.8008771929824562,1.0,0.900438596491228,115,0.001983218916857361,-0.02180893412898485,-0.02938191539394539
texture_error,"['mean_smoothness', 'mean_symmetry']","['mean_smoothness', 'mean_symmetry', 'texture_error']",1,0,0.0,1.0,0.5,569,0.0029456174657788554,0.0,0.0029456174657788554
texture_error,"['mean_fractal_dimension', 'mean_smoothness']","['mean_smoothness', 'mean_fractal_dimension', 'texture_error']",1,0,0.0,1.0,0.5,569,0.0012376543973860738,0.0,0.0012376543973860738
texture_error,"['mean_smoothness', 'radius_error']","['mean_smoothness', 'radius_error', 'texture_error']",1,0,0.0,1.0,0.5,569,-0.008341790638382137,0.0,-0.008341790638382137
texture_error,"['mean_smoothness', 'worst_radius']","['worst_radius', 'mean_smoothness', 'texture_error']",5,0,0.0,0.20105263157894734,0.10052631578947367,114,-0.19018785902810123,-0.13830896621183356,-0.10964380306443228
texture_error,"['mean_smoothness', 'worst_radius']","['worst_radius', 'mean_smoothness', 'texture_error']",5,1,0.20105263157894734,0.4003508771929825,0.3007017543859649,114,-0.09982921906536253,-0.09610400732177703,-0.10964380306443228
texture_error,"['mean_smoothness', 'worst_radius']","['worst_radius', 'mean_smoothness', 'texture_error']",5,2,0.4003508771929825,0.5996491228070177,0.5000000000000001,113,-0.002212389380530973,-0.042811705013833294,-0.10964380306443228
texture_error,"['mean_smoothness', 'worst_radius']","['worst_radius', 'mean_smoothness', 'texture_error']",5,3,0.5996491228070177,0.8008771929824562,0.7002631578947369,113,-0.22724399494310996,-0.21527549592859382,-0.10964380306443228
texture_error,"['mean_smoothness', 'worst_radius']","['worst_radius', 'mean_smoothness', 'texture_error']",5,4,0.8008771929824562,1.0,0.900438596491228,115,-0.027612509534706335,-0.041539868325572125,-0.10964380306443228
texture_error,"['mean_smoothness', 'worst_texture']","['mean_smoothness', 'worst_texture', 'texture_error']",1,0,0.0,1.0,0.5,569,0.05530758841522613,0.0,0.05530758841522613
texture_error,"['mean_compactness', 'mean_concavity']","['mean_compactness', 'mean_concavity', 'texture_error']",1,0,0.0,1.0,0.5,569,0.010583713607665331,0.0,0.010583713607665331
texture_error,"['mean_compactness', 'mean_concave_points']","['mean_concave_points', 'mean_compactness', 'texture_error']",1,0,0.0,1.0,0.5,569,-0.04847464618434789,-0.06598325165719247,-0.04847464618434789
texture_error,"['mean_compactness', 'mean_symmetry']","['mean_symmetry', 'mean_compactness', 'texture_error']",1,0,0.0,1.0,0.5,569,0.08188452106983178,0.07973101890482819,0.08188452106983178
texture_error,"['mean_compactness', 'mean_fractal_dimension']","['mean_compactness', 'mean_fractal_dimension', 'texture_error']",1,0,0.0,1.0,0.5,569,-0.036609817074680064,-0.05812403817028907,-0.036609817074680064
texture_error,"['mean_compactness', 'radius_error']","['mean_compactness', 'radius_error', 'texture_error']",1,0,0.0,1.0,0.5,569,-0.08131389390826506,-0.08475426284129023,-0.08131389390826506
texture_error,"['mean_compactness', 'worst_radius']","['mean_compactness', 'worst_radius', 'texture_error']",2,0,0.0,0.5008771929824561,0.25043859649122807,284,0.05773154830040313,0.022991281634443795,0.08866556102873832
texture_error,"['mean_compactness', 'worst_radius']","['mean_compactness', 'worst_radius', 'texture_error']",2,1,0.5008771929824561,1.0,0.7504385964912281,285,0.11712379540400297,0.11510816118074116,0.08866556102873832
texture_error,"['mean_compactness', 'worst_texture']","['mean_compactness', 'worst_texture', 'texture_error']",1,0,0.0,1.0,0.5,569,-0.07194485012005247,-0.06457649800138864,-0.07194485012005247
texture_error,"['mean_concave_points', 'mean_concavity']","['mean_concavity', 'mean_concave_points', 'texture_error']",5,0,0.0,0.20105263157894734,0.10052631578947367,114,-0.030618377697930233,8.151723327134092e-07,0.0735343281915249
texture_error,"['mean_concave_points', 'mean_concavity']","['mean_concavity', 'mean_concave_points', 'texture_error']",5,1,0.20105263157894734,0.4003508771929825,0.3007017543859649,114,0.09937116713432785,0.09584223855022111,0.0735343281915249
texture_error,"['mean_concave_points', 'mean_concavity']","['mean_concavity', 'mean_concave_points', 'texture_error']",5,2,0.4003508771929825,0.5996491228070177,0.5000000000000001,113,-0.00711181353464941,0.05232816817265433,0.0735343281915249
texture_error,"['mean_concave_points', 'mean_concavity']","['mean_concavity', 'mean_concave_points', 'texture_error']",5,3,0.5996491228070177,0.7989473684210527,0.6992982456140352,114,0.2235166443355885,0.13091193601228737,0.0735343281915249
texture_error,"['mean_concave_points', 'mean_concavity']","['mean_concavity', 'mean_concave_points', 'texture_error']",5,4,0.7989473684210527,1.0,0.8994736842105264,114,0.08230452898188505,0.01149250316702935,0.0735343281915249
texture_error,"['mean_concavity', 'mean_symmetry']","['mean_symmetry', 'mean_concavity', 'texture_error']",1,0,0.0,1.0,0.5,569,0.0801391367204975,0.07371364088082372,0.0801391367204975
texture_error,"['mean_concavity', 'mean_fractal_dimension']","['mean_concavity', 'mean_fractal_dimension', 'texture_error']",1,0,0.0,1.0,0.5,569,0.0026114507784846157,-0.056357490739281896,0.0026114507784846157
texture_error,"['mean_concavity', 'radius_error']","['mean_concavity', 'radius_error', 'texture_error']",4,0,0.0,0.2508771929824561,0.12543859649122804,142,-0.02447307961242633,-7.854294455143493e-07,-0.09667318497982623
texture_error,"['mean_concavity', 'radius_error']","['mean_concavity', 'radius_error', 'texture_error']",4,1,0.2508771929824561,0.5,0.375438596491228,142,-0.12795924483068624,-0.1539678476371769,-0.09667318497982623
texture_error,"['mean_concavity', 'radius_error']","['mean_concavity', 'radius_error', 'texture_error']",4,2,0.5,0.7491228070175439,0.6245614035087719,142,-0.16811507341923881,-0.14120033054328243,-0.09667318497982623
texture_error,"['mean_concavity', 'radius_error']","['mean_concavity', 'radius_error', 'texture_error']",4,3,0.7491228070175439,1.0,0.8745614035087719,143,-0.07298335467349551,-0.10237141786506043,-0.09667318497982623
texture_error,"['mean_concavity', 'worst_radius']","['mean_concavity', 'worst_radius', 'texture_error']",3,0,0.0,0.3342105263157893,0.16710526315789465,190,0.02879420774157616,0.019250115422388667,0.11251516126636797
texture_error,"['mean_concavity', 'worst_radius']","['mean_concavity', 'worst_radius', 'texture_error']",3,1,0.3342105263157893,0.6660818713450292,0.5001461988304092,189,0.11617696724079703,0.12017922674498993,0.11251516126636797
texture_error,"['mean_concavity', 'worst_radius']","['mean_concavity', 'worst_radius', 'texture_error']",3,2,0.6660818713450292,1.0,0.8330409356725146,190,0.15767195767195766,0.13071230627704541,0.11251516126636797
texture_error,"['mean_concavity', 'worst_texture']","['mean_concavity', 'worst_texture', 'texture_error']",6,0,0.0,0.16783625730994145,0.08391812865497073,95,-0.03919372900335946,-0.01688195360328528,-0.10605460531201268
texture_error,"['mean_concavity', 'worst_texture']","['mean_concavity', 'worst_texture', 'texture_error']",6,1,0.16783625730994145,0.3339181286549707,0.2508771929824561,95,-0.013661814109742439,-0.070340663464592,-0.10605460531201268
texture_error,"['mean_concavity', 'worst_texture']","['mean_concavity', 'worst_texture', 'texture_error']",6,2,0.3339181286549707,0.5,0.41695906432748536,94,-0.10958590711507664,-0.10273089259038275,-0.10605460531201268
texture_error,"['mean_concavity', 'worst_texture']","['mean_concavity', 'worst_texture', 'texture_error']",6,3,0.5,0.6660818713450292,0.5830409356725146,95,-0.30750279955207166,-0.29801484734466943,-0.10605460531201268
texture_error,"['mean_concavity', 'worst_texture']","['mean_concavity', 'worst_texture', 'texture_error']",6,4,0.6660818713450292,0.8321637426900584,0.7491228070175437,95,-0.11220604703247479,-0.07357498939142526,-0.10605460531201268
texture_error,"['mean_concavity', 'worst_texture']","['mean_concavity', 'worst_texture', 'texture_error']",6,5,0.8321637426900584,1.0,0.9160818713450292,95,-0.09697648376259799,-0.11654927616515677,-0.10605460531201268
texture_error,"['mean_concave_points', 'mean_symmetry']","['mean_symmetry', 'mean_concave_points', 'texture_error']",1,0,0.0,1.0,0.5,569,0.09230731271621097,0.08885085287711576,0.09230731271621097
texture_error,"['mean_concave_points', 'mean_fractal_dimension']","['mean_concave_points', 'mean_fractal_dimension', 'texture_error']",1,0,0.0,1.0,0.5,569,-0.012141389638357383,-0.061502437399391145,-0.012141389638357383
texture_error,"['mean_concave_points', 'radius_error']","['mean_concave_points', 'radius_error', 'texture_error']",1,0,0.0,1.0,0.5,569,-0.1588776949924503,-0.14308515330669733,-0.1588776949924503
texture_error,"['mean_concave_points', 'worst_radius']","['mean_concave_points', 'worst_radius', 'texture_error']",3,0,0.0,0.3342105263157893,0.16710526315789465,190,0.03614592035644667,0.025472743607584735,0.11343102552043367
texture_error,"['mean_concave_points', 'worst_radius']","['mean_concave_points', 'worst_radius', 'texture_error']",3,1,0.3342105263157893,0.6660818713450292,0.5001461988304092,189,0.11662726556343576,0.13712573413074186,0.11343102552043367
texture_error,"['mean_concave_points', 'worst_radius']","['mean_concave_points', 'worst_radius', 'texture_error']",3,2,0.6660818713450292,1.0,0.8330409356725146,190,0.1537733221943748,0.1526693338928301,0.11343102552043367
texture_error,"['mean_concave_points', 'worst_texture']","['mean_concave_points', 'worst_texture', 'texture_error']",6,0,0.0,0.16783625730994145,0.08391812865497073,95,-0.05039193729003359,-0.010672434860192655,-0.12021337161810935
texture_error,"['mean_concave_points', 'worst_texture']","['mean_concave_points', 'worst_texture', 'texture_error']",6,1,0.16783625730994145,0.3339181286549707,0.2508771929824561,95,-0.029339305711086224,-0.06825875722765355,-0.12021337161810935
texture_error,"['mean_concave_points', 'worst_texture']","['mean_concave_points', 'worst_texture', 'texture_error']",6,2,0.3339181286549707,0.5,0.41695906432748536,94,-0.11004346831388698,-0.10496606047605359,-0.12021337161810935
texture_error,"['mean_concave_points', 'worst_texture']","['mean_concave_points', 'worst_texture', 'texture_error']",6,3,0.5,0.6660818713450292,0.5830409356725146,95,-0.3066069428891377,-0.29379168757760776,-0.12021337161810935
texture_error,"['mean_concave_points', 'worst_texture']","['mean_concave_points', 'worst_texture', 'texture_error']",6,4,0.6660818713450292,0.8321637426900584,0.7491228070175437,95,-0.14624860022396416,-0.09914163889417159,-0.12021337161810935
texture_error,"['mean_concave_points', 'worst_texture']","['mean_concave_points', 'worst_texture', 'texture_error']",6,5,0.8321637426900584,1.0,0.9160818713450292,95,-0.11175811870100782,-0.12585692167950854,-0.12021337161810935
texture_error,"['mean_fractal_dimension', 'mean_symmetry']","['mean_symmetry', 'mean_fractal_dimension', 'texture_error']",1,0,0.0,1.0,0.5,569,0.040446545706576895,0.04759094893881642,0.040446545706576895
texture_error,"['mean_symmetry', 'radius_error']","['mean_symmetry', 'radius_error', 'texture_error']",1,0,0.0,1.0,0.5,569,0.03044629817569742,0.0,0.03044629817569742
texture_error,"['mean_symmetry', 'worst_radius']","['worst_radius', 'mean_symmetry', 'texture_error']",1,0,0.0,1.0,0.5,569,-0.11356716750414612,-0.11085824228087626,-0.11356716750414612
texture_error,"['mean_symmetry', 'worst_texture']","['worst_texture', 'mean_symmetry', 'texture_error']",1,0,0.0,1.0,0.5,569,0.34789227456125155,0.33798940440258585,0.34789227456125155
texture_error,"['mean_fractal_dimension', 'radius_error']","['mean_fractal_dimension', 'radius_error', 'texture_error']",1,0,0.0,1.0,0.5,569,0.11097528438912119,0.11633850749856355,0.11097528438912119
texture_error,"['mean_fractal_dimension', 'worst_radius']","['mean_fractal_dimension', 'worst_radius', 'texture_error']",2,0,0.0,0.5008771929824561,0.25043859649122807,284,0.027472254018812522,0.017590585161421354,0.06323176316245452
texture_error,"['mean_fractal_dimension', 'worst_radius']","['mean_fractal_dimension', 'worst_radius', 'texture_error']",2,1,0.5008771929824561,1.0,0.7504385964912281,285,0.09537929330368175,0.08176350290005507,0.06323176316245452
texture_error,"['mean_fractal_dimension', 'worst_texture']","['mean_fractal_dimension', 'worst_texture', 'texture_error']",1,0,0.0,1.0,0.5,569,0.1468508350790284,0.14762679157965633,0.1468508350790284
texture_error,"['radius_error', 'worst_radius']","['worst_radius', 'radius_error', 'texture_error']",1,0,0.0,1.0,0.5,569,-0.31344835268199706,-0.2991580532398221,-0.31344835268199706
texture_error,"['radius_error', 'worst_texture']","['radius_error', 'worst_texture', 'texture_error']",1,0,0.0,1.0,0.5,569,0.1378499467808609,0.1421013851972575,0.1378499467808609
texture_error,"['worst_radius', 'worst_texture']","['worst_radius', 'worst_texture', 'texture_error']",5,0,0.0,0.20105263157894734,0.10052631578947367,114,-0.2817885421518398,-0.27298079367478534,-0.2957498947993762
texture_error,"['worst_radius', 'worst_texture']","['worst_radius', 'worst_texture', 'texture_error']",5,1,0.20105263157894734,0.3996491228070176,0.3003508771929825,114,-0.4264865704083218,-0.3999869895850739,-0.2957498947993762
texture_error,"['worst_radius', 'worst_texture']","['worst_radius', 'worst_texture', 'texture_error']",5,2,0.3996491228070176,0.5996491228070177,0.4996491228070176,113,-0.3220606826801517,-0.31006634177231585,-0.2957498947993762
texture_error,"['worst_radius', 'worst_texture']","['worst_radius', 'worst_texture', 'texture_error']",5,3,0.5996491228070177,0.7989473684210527,0.6992982456140352,114,-0.23024375097034622,-0.24387747265626503,-0.2957498947993762
texture_error,"['worst_radius', 'worst_texture']","['worst_radius', 'worst_texture', 'texture_error']",5,4,0.7989473684210527,1.0,0.8994736842105264,114,-0.24452724732184444,-0.2419731038434879,-0.2957498947993762
worst_radius,"['mean_radius', 'mean_texture']","['mean_texture', 'mean_radius', 'worst_radius']",3,0,0.0,0.3342105263157894,0.1671052631578947,189,0.03264662839130924,0.025549788524447555,0.10108573568000466
worst_radius,"['mean_radius', 'mean_texture']","['mean_texture', 'mean_radius', 'worst_radius']",3,1,0.3342105263157894,0.6660818713450292,0.5001461988304092,190,0.17644601638744742,0.18777244190677347,0.10108573568000466
worst_radius,"['mean_radius', 'mean_texture']","['mean_texture', 'mean_radius', 'worst_radius']",3,2,0.6660818713450292,1.0,0.8330409356725146,190,0.09317738791423003,0.11302468404312697,0.10108573568000466
worst_radius,"['mean_radius', 'mean_smoothness']","['mean_smoothness', 'mean_radius', 'worst_radius']",1,0,0.0,1.0,0.5,569,0.16609992233774135,0.13916889937086865,0.16609992233774135
worst_radius,"['mean_compactness', 'mean_radius']","['mean_compactness', 'mean_radius', 'worst_radius']",3,0,0.0,0.3342105263157894,0.1671052631578947,189,0.09974107846448271,0.107638143095351,0.17576603308963404
worst_radius,"['mean_compactness', 'mean_radius']","['mean_compactness', 'mean_radius', 'worst_radius']",3,1,0.3342105263157894,0.6660818713450292,0.5001461988304092,190,0.2741374029858006,0.27400673362530203,0.17576603308963404
worst_radius,"['mean_compactness', 'mean_radius']","['mean_compactness', 'mean_radius', 'worst_radius']",3,2,0.6660818713450292,1.0,0.8330409356725146,190,0.14085213032581453,0.15185720577801495,0.17576603308963404
worst_radius,"['mean_concavity', 'mean_radius']","['mean_concavity', 'mean_radius', 'worst_radius']",3,0,0.0,0.3342105263157894,0.1671052631578947,189,0.09490037149611617,0.09183458881342776,0.16624844132496636
worst_radius,"['mean_concavity', 'mean_radius']","['mean_concavity', 'mean_radius', 'worst_radius']",3,1,0.3342105263157894,0.6660818713450292,0.5001461988304092,190,0.26912473206570264,0.29942169685392617,0.16624844132496636
worst_radius,"['mean_concavity', 'mean_radius']","['mean_concavity', 'mean_radius', 'worst_radius']",3,2,0.6660818713450292,1.0,0.8330409356725146,190,0.12236145920356448,0.137928713628082,0.16624844132496636
worst_radius,"['mean_concave_points', 'mean_radius']","['mean_concave_points', 'mean_radius', 'worst_radius']",3,0,0.0,0.3342105263157894,0.1671052631578947,189,0.07767646065518406,0.07190941059802346,0.15434216918243013
worst_radius,"['mean_concave_points', 'mean_radius']","['mean_concave_points', 'mean_radius', 'worst_radius']",3,1,0.3342105263157894,0.6660818713450292,0.5001461988304092,190,0.2686791613172495,0.31223812944035945,0.15434216918243013
worst_radius,"['mean_concave_points', 'mean_radius']","['mean_concave_points', 'mean_radius', 'worst_radius']",3,2,0.6660818713450292,1.0,0.8330409356725146,190,0.10799220272904483,0.058495004040311306,0.15434216918243013
worst_radius,"['mean_radius', 'mean_symmetry']","['mean_symmetry', 'mean_radius', 'worst_radius']",1,0,0.0,1.0,0.5,569,0.13169302363062008,0.08914399349275713,0.13169302363062008
worst_radius,"['mean_fractal_dimension', 'mean_radius']","['mean_radius', 'mean_fractal_dimension', 'worst_radius']",5,0,0.0,0.20105263157894734,0.10052631578947367,114,0.8525073746312686,0.8736987485842675,0.8779177702418376
worst_radius,"['mean_fractal_dimension', 'mean_radius']","['mean_radius', 'mean_fractal_dimension', 'worst_radius']",5,1,0.20105263157894734,0.3996491228070176,0.3003508771929825,114,0.8754851731097656,0.8765557025508339,0.8779177702418376
worst_radius,"['mean_fractal_dimension', 'mean_radius']","['mean_radius', 'mean_fractal_dimension', 'worst_radius']",5,2,0.3996491228070176,0.5996491228070177,0.4996491228070176,113,0.8979140328697851,0.8845975847346732,0.8779177702418376
worst_radius,"['mean_fractal_dimension', 'mean_radius']","['mean_radius', 'mean_fractal_dimension', 'worst_radius']",5,3,0.5996491228070177,0.7989473684210527,0.6992982456140352,114,0.8761061946902655,0.8516021100230017,0.8779177702418376
worst_radius,"['mean_fractal_dimension', 'mean_radius']","['mean_radius', 'mean_fractal_dimension', 'worst_radius']",5,4,0.7989473684210527,1.0,0.8994736842105264,114,0.871759043626766,0.8431116237054499,0.8779177702418376
worst_radius,"['mean_radius', 'radius_error']","['radius_error', 'mean_radius', 'worst_radius']",5,0,0.0,0.20105263157894734,0.10052631578947367,114,0.2600527868343425,0.17014410495537802,0.27560792225162944
worst_radius,"['mean_radius', 'radius_error']","['radius_error', 'mean_radius', 'worst_radius']",5,1,0.20105263157894734,0.3996491228070176,0.3003508771929825,114,0.2624019882140845,0.24316538225157258,0.27560792225162944
worst_radius,"['mean_radius', 'radius_error']","['radius_error', 'mean_radius', 'worst_radius']",5,2,0.3996491228070176,0.5996491228070177,0.4996491228070176,113,0.291087231352718,0.31847187074955086,0.27560792225162944
worst_radius,"['mean_radius', 'radius_error']","['radius_error', 'mean_radius', 'worst_radius']",5,3,0.5996491228070177,0.7989473684210527,0.6992982456140352,114,0.37276820369507846,0.4113243537071473,0.27560792225162944
worst_radius,"['mean_radius', 'radius_error']","['radius_error', 'mean_radius', 'worst_radius']",5,4,0.7989473684210527,1.0,0.8994736842105264,114,0.22154944884334735,0.2975913851826933,0.27560792225162944
worst_radius,"['mean_radius', 'texture_error']","['texture_error', 'mean_radius', 'worst_radius']",1,0,0.0,1.0,0.5,569,-0.023942498398894275,-0.08092909911611829,-0.023942498398894275
worst_radius,"['mean_radius', 'worst_texture']","['mean_radius', 'worst_texture', 'worst_radius']",2,0,0.0,0.5,0.25,284,0.8872244065097298,0.8857349783695373,0.8746998688086338
worst_radius,"['mean_radius', 'worst_texture']","['mean_radius', 'worst_texture', 'worst_radius']",2,1,0.5,1.0,0.75,285,0.8623671855695577,0.8488854891853532,0.8746998688086338
worst_radius,"['mean_smoothness', 'mean_texture']","['mean_smoothness', 'mean_texture', 'worst_radius']",3,0,0.0,0.3339181286549707,0.16695906432748536,190,0.015209761839265642,-0.004981367317057561,0.13053680426723283
worst_radius,"['mean_smoothness', 'mean_texture']","['mean_smoothness', 'mean_texture', 'worst_radius']",3,1,0.3339181286549707,0.6657894736842105,0.4998538011695906,188,0.09578555836905088,0.10127055735073798,0.13053680426723283
worst_radius,"['mean_smoothness', 'mean_texture']","['mean_smoothness', 'mean_texture', 'worst_radius']",3,2,0.6657894736842105,1.0,0.8328947368421052,191,0.2664093956228259,0.2578909065589422,0.13053680426723283
worst_radius,"['mean_compactness', 'mean_texture']","['mean_compactness', 'mean_texture', 'worst_radius']",2,0,0.0,0.5,0.25,284,0.2383914796197681,0.2541613981111541,0.3224708532389415
worst_radius,"['mean_compactness', 'mean_texture']","['mean_compactness', 'mean_texture', 'worst_radius']",2,1,0.5,1.0,0.75,285,0.3866567828020756,0.37234617527544406,0.3224708532389415
worst_radius,"['mean_concavity', 'mean_texture']","['mean_concavity', 'mean_texture', 'worst_radius']",1,0,0.0,1.0,0.5,569,0.4426842248570509,0.43152972757337316,0.4426842248570509
worst_radius,"['mean_concave_points', 'mean_texture']","['mean_concave_points', 'mean_texture', 'worst_radius']",3,0,0.0,0.3339181286549707,0.16695906432748536,190,0.4271233639654692,0.5079600377188875,0.5522042624817446
worst_radius,"['mean_concave_points', 'mean_texture']","['mean_concave_points', 'mean_texture', 'worst_radius']",3,1,0.3339181286549707,0.6657894736842105,0.4998538011695906,188,0.5388553874160883,0.5316955181557532,0.5522042624817446
worst_radius,"['mean_concave_points', 'mean_texture']","['mean_concave_points', 'mean_texture', 'worst_radius']",3,2,0.6657894736842105,1.0,0.8328947368421052,191,0.6672361532102508,0.5775849695143446,0.5522042624817446
worst_radius,"['mean_symmetry', 'mean_texture']","['mean_texture', 'mean_symmetry', 'worst_radius']",1,0,0.0,1.0,0.5,569,0.2412807247704151,0.24073886874140793,0.2412807247704151
worst_radius,"['mean_fractal_dimension', 'mean_texture']","['mean_texture', 'mean_fractal_dimension', 'worst_radius']",1,0,0.0,1.0,0.5,569,0.24584253985325233,0.25052137409907016,0.24584253985325233
worst_radius,"['mean_texture', 'radius_error']","['mean_texture', 'radius_error', 'worst_radius']",5,0,0.0,0.20105263157894734,0.10052631578947367,114,0.0408321689178699,0.04738860945426521,0.13755290972548823
worst_radius,"['mean_texture', 'radius_error']","['mean_texture', 'radius_error', 'worst_radius']",5,1,0.20105263157894734,0.4003508771929825,0.3007017543859649,114,0.09734513274336283,0.09874145011700151,0.13755290972548823
worst_radius,"['mean_texture', 'radius_error']","['mean_texture', 'radius_error', 'worst_radius']",5,2,0.4003508771929825,0.5996491228070177,0.5000000000000001,113,0.08849557522123892,0.07945578627259278,0.13755290972548823
worst_radius,"['mean_texture', 'radius_error']","['mean_texture', 'radius_error', 'worst_radius']",5,3,0.5996491228070177,0.7989473684210527,0.6992982456140352,114,0.24235367179009473,0.1824039852873555,0.13755290972548823
worst_radius,"['mean_texture', 'radius_error']","['mean_texture', 'radius_error', 'worst_radius']",5,4,0.7989473684210527,1.0,0.8994736842105264,114,0.17963049215960256,0.1640380920088345,0.13755290972548823
worst_radius,"['mean_texture', 'texture_error']","['mean_texture', 'texture_error', 'worst_radius']",1,0,0.0,1.0,0.5,569,0.3367286318968291,0.3399810296736422,0.3367286318968291
worst_radius,"['mean_texture', 'worst_texture']","['worst_texture', 'mean_texture', 'worst_radius']",1,0,0.0,1.0,0.5,569,0.06727889304190697,0.072309367046606,0.06727889304190697
worst_radius,"['mean_compactness', 'mean_smoothness']","['mean_compactness', 'mean_smoothness', 'worst_radius']",2,0,0.0,0.5,0.25,284,0.3216045388941422,0.31878693438793415,0.40000990123517904
worst_radius,"['mean_compactness', 'mean_smoothness']","['mean_compactness', 'mean_smoothness', 'worst_radius']",2,1,0.5,1.0,0.75,285,0.47541388682975044,0.4677568318704529,0.40000990123517904
worst_radius,"['mean_concavity', 'mean_smoothness']","['mean_smoothness', 'mean_concavity', 'worst_radius']",1,0,0.0,1.0,0.5,569,-0.22475803856531099,-0.226735112802112,-0.22475803856531099
worst_radius,"['mean_concave_points', 'mean_smoothness']","['mean_smoothness', 'mean_concave_points', 'worst_radius']",4,0,0.0,0.25,0.125,141,-0.3890577507598784,-0.3608693892247236,-0.3659496522191143
worst_radius,"['mean_concave_points', 'mean_smoothness']","['mean_smoothness', 'mean_concave_points', 'worst_radius']",4,1,0.25,0.5,0.375,143,-0.3034571062740076,-0.2922723402661115,-0.3659496522191143
worst_radius,"['mean_concave_points', 'mean_smoothness']","['mean_smoothness', 'mean_concave_points', 'worst_radius']",4,2,0.5,0.7491228070175439,0.6245614035087719,142,-0.41664169413644986,-0.4279053665853752,-0.3659496522191143
worst_radius,"['mean_concave_points', 'mean_smoothness']","['mean_smoothness', 'mean_concave_points', 'worst_radius']",4,3,0.7491228070175439,1.0,0.8745614035087719,143,-0.4043139958632916,-0.40713759216683115,-0.3659496522191143
worst_radius,"['mean_smoothness', 'mean_symmetry']","['mean_smoothness', 'mean_symmetry', 'worst_radius']",1,0,0.0,1.0,0.5,569,0.08106636302878784,0.07963019184124168,0.08106636302878784
worst_radius,"['mean_fractal_dimension', 'mean_smoothness']","['mean_fractal_dimension', 'mean_smoothness', 'worst_radius']",4,0,0.0,0.2508771929824561,0.12543859649122804,142,-0.520527419838178,-0.5171577936036413,-0.37588801703012453
worst_radius,"['mean_fractal_dimension', 'mean_smoothness']","['mean_fractal_dimension', 'mean_smoothness', 'worst_radius']",4,1,0.2508771929824561,0.5,0.375438596491228,142,-0.43841774048546595,-0.41424659692748383,-0.37588801703012453
worst_radius,"['mean_fractal_dimension', 'mean_smoothness']","['mean_fractal_dimension', 'mean_smoothness', 'worst_radius']",4,2,0.5,0.7482456140350877,0.6241228070175439,141,-0.36595744680851067,-0.35945662886581226,-0.37588801703012453
worst_radius,"['mean_fractal_dimension', 'mean_smoothness']","['mean_fractal_dimension', 'mean_smoothness', 'worst_radius']",4,3,0.7482456140350877,1.0,0.8741228070175439,144,-0.2433954933954934,-0.2378237940622095,-0.37588801703012453
worst_radius,"['mean_smoothness', 'radius_error']","['mean_smoothness', 'radius_error', 'worst_radius']",1,0,0.0,1.0,0.5,569,-0.02935716230599767,0.0,-0.02935716230599767
worst_radius,"['mean_smoothness', 'texture_error']","['texture_error', 'mean_smoothness', 'worst_radius']",5,0,0.0,0.20105263157894734,0.10052631578947367,114,-0.19018785902810123,-0.13830896619165656,-0.10964380306443228
worst_radius,"['mean_smoothness', 'texture_error']","['texture_error', 'mean_smoothness', 'worst_radius']",5,1,0.20105263157894734,0.4003508771929825,0.3007017543859649,114,-0.09982921906536253,-0.09610400732161689,-0.10964380306443228
worst_radius,"['mean_smoothness', 'texture_error']","['texture_error', 'mean_smoothness', 'worst_radius']",5,2,0.4003508771929825,0.5996491228070177,0.5000000000000001,113,-0.002212389380530973,-0.04281170501609668,-0.10964380306443228
worst_radius,"['mean_smoothness', 'texture_error']","['texture_error', 'mean_smoothness', 'worst_radius']",5,3,0.5996491228070177,0.8008771929824562,0.7002631578947369,113,-0.22724399494310996,-0.21527549592823753,-0.10964380306443228
worst_radius,"['mean_smoothness', 'texture_error']","['texture_error', 'mean_smoothness', 'worst_radius']",5,4,0.8008771929824562,1.0,0.900438596491228,115,-0.027612509534706335,-0.041539868323094135,-0.10964380306443228
worst_radius,"['mean_smoothness', 'worst_texture']","['mean_smoothness', 'worst_texture', 'worst_radius']",2,0,0.0,0.5,0.25,284,0.03368143539961525,0.040474638005681074,0.11799447450125476
worst_radius,"['mean_smoothness', 'worst_texture']","['mean_smoothness', 'worst_texture', 'worst_radius']",2,1,0.5,1.0,0.75,285,0.19436171855632947,0.1930191507809088,0.11799447450125476
worst_radius,"['mean_compactness', 'mean_concavity']","['mean_concavity', 'mean_compactness', 'worst_radius']",3,0,0.0,0.3339181286549707,0.16695906432748536,190,0.24422166527429684,0.30567831358337466,0.375306319463353
worst_radius,"['mean_compactness', 'mean_concavity']","['mean_concavity', 'mean_compactness', 'worst_radius']",3,1,0.3339181286549707,0.6660818713450292,0.49999999999999994,189,0.43116064392660136,0.4128569162902176,0.375306319463353
worst_radius,"['mean_compactness', 'mean_concavity']","['mean_concavity', 'mean_compactness', 'worst_radius']",3,2,0.6660818713450292,1.0,0.8330409356725146,190,0.41776663881927034,0.3875655991347766,0.375306319463353
worst_radius,"['mean_compactness', 'mean_concave_points']","['mean_compactness', 'mean_concave_points', 'worst_radius']",1,0,0.0,1.0,0.5,569,-0.27911581969850735,-0.2812945756931788,-0.27911581969850735
worst_radius,"['mean_compactness', 'mean_symmetry']","['mean_symmetry', 'mean_compactness', 'worst_radius']",1,0,0.0,1.0,0.5,569,-0.14557291022055,-0.14076307675974603,-0.14557291022055
worst_radius,"['mean_compactness', 'mean_fractal_dimension']","['mean_compactness', 'mean_fractal_dimension', 'worst_radius']",1,0,0.0,1.0,0.5,569,0.661204485259536,0.6422517419816638,0.661204485259536
worst_radius,"['mean_compactness', 'radius_error']","['mean_compactness', 'radius_error', 'worst_radius']",1,0,0.0,1.0,0.5,569,0.1795588999727716,0.17298711284037965,0.1795588999727716
worst_radius,"['mean_compactness', 'texture_error']","['texture_error', 'mean_compactness', 'worst_radius']",2,0,0.0,0.5,0.25,284,-0.17487182386573932,-0.14377585058808273,-0.12742543611380927
worst_radius,"['mean_compactness', 'texture_error']","['texture_error', 'mean_compactness', 'worst_radius']",2,1,0.5,1.0,0.75,285,-0.08694362881258491,-0.06979276489184397,-0.12742543611380927
worst_radius,"['mean_compactness', 'worst_texture']","['worst_texture', 'mean_compactness', 'worst_radius']",1,0,0.0,1.0,0.5,569,0.1765637763310973,0.17495456613971208,0.1765637763310973
worst_radius,"['mean_concave_points', 'mean_concavity']","['mean_concavity', 'mean_concave_points', 'worst_radius']",4,0,0.0,0.25,0.125,141,-0.07079701726074802,-0.07730204028066469,-0.13050502679752984
worst_radius,"['mean_concave_points', 'mean_concavity']","['mean_concavity', 'mean_concave_points', 'worst_radius']",4,1,0.25,0.5,0.375,143,-0.15177779966512359,-0.16746858687392036,-0.13050502679752984
worst_radius,"['mean_concave_points', 'mean_concavity']","['mean_concavity', 'mean_concave_points', 'worst_radius']",4,2,0.5,0.7491228070175439,0.6245614035087719,142,-0.11317550694236339,-0.14322503031635525,-0.13050502679752984
worst_radius,"['mean_concave_points', 'mean_concavity']","['mean_concavity', 'mean_concave_points', 'worst_radius']",4,3,0.7491228070175439,1.0,0.8745614035087719,143,-0.21658623067073768,-0.18017253571175523,-0.13050502679752984
worst_radius,"['mean_concavity', 'mean_symmetry']","['mean_symmetry', 'mean_concavity', 'worst_radius']",4,0,0.0,0.2508771929824561,0.12543859649122804,142,-0.2584157426830486,-0.26244743158969885,-0.1776034060249016
worst_radius,"['mean_concavity', 'mean_symmetry']","['mean_symmetry', 'mean_concavity', 'worst_radius']",4,1,0.2508771929824561,0.5,0.375438596491228,142,-0.1609229847168115,-0.1853533279899875,-0.1776034060249016
worst_radius,"['mean_concavity', 'mean_symmetry']","['mean_symmetry', 'mean_concavity', 'worst_radius']",4,2,0.5,0.7491228070175439,0.6245614035087719,142,-0.062431325541903906,-0.061156702893585546,-0.1776034060249016
worst_radius,"['mean_concavity', 'mean_symmetry']","['mean_symmetry', 'mean_concavity', 'worst_radius']",4,3,0.7491228070175439,1.0,0.8745614035087719,143,-0.23431498079385402,-0.21442569364694664,-0.1776034060249016
worst_radius,"['mean_concavity', 'mean_fractal_dimension']","['mean_fractal_dimension', 'mean_concavity', 'worst_radius']",1,0,0.0,1.0,0.5,569,-0.5171910195796925,-0.5056307738813072,-0.5171910195796925
worst_radius,"['mean_concavity', 'radius_error']","['mean_concavity', 'radius_error', 'worst_radius']",1,0,0.0,1.0,0.5,569,0.2993762221837174,0.2864539669529667,0.2993762221837174
worst_radius,"['mean_concavity', 'texture_error']","['mean_concavity', 'texture_error', 'worst_radius']",5,0,0.0,0.20105263157894734,0.10052631578947367,114,0.5083456268715459,0.5645026928190341,0.49713861810788235
worst_radius,"['mean_concavity', 'texture_error']","['mean_concavity', 'texture_error', 'worst_radius']",5,1,0.20105263157894734,0.4003508771929825,0.3007017543859649,114,0.5590746778450552,0.5164519456630638,0.49713861810788235
worst_radius,"['mean_concavity', 'texture_error']","['mean_concavity', 'texture_error', 'worst_radius']",5,2,0.4003508771929825,0.5996491228070177,0.5000000000000001,113,0.385460293577998,0.36479358940428447,0.49713861810788235
worst_radius,"['mean_concavity', 'texture_error']","['mean_concavity', 'texture_error', 'worst_radius']",5,3,0.5996491228070177,0.7992982456140352,0.6994736842105265,114,0.5627524686781356,0.4993705392365629,0.49713861810788235
worst_radius,"['mean_concavity', 'texture_error']","['mean_concavity', 'texture_error', 'worst_radius']",5,4,0.7992982456140352,1.0,0.8996491228070176,114,0.47064388216812647,0.4357168207970923,0.49713861810788235
worst_radius,"['mean_concavity', 'worst_texture']","['mean_concavity', 'worst_texture', 'worst_radius']",1,0,0.0,1.0,0.5,569,0.4412856753880046,0.43046621528193274,0.4412856753880046
worst_radius,"['mean_concave_points', 'mean_symmetry']","['mean_symmetry', 'mean_concave_points', 'worst_radius']",4,0,0.0,0.25,0.125,141,-0.24842958459979733,-0.23384987018782924,-0.2360825763013936
worst_radius,"['mean_concave_points', 'mean_symmetry']","['mean_symmetry', 'mean_concave_points', 'worst_radius']",4,1,0.25,0.5,0.375,143,-0.1994484388850586,-0.1533616885816499,-0.2360825763013936
worst_radius,"['mean_concave_points', 'mean_symmetry']","['mean_symmetry', 'mean_concave_points', 'worst_radius']",4,2,0.5,0.7491228070175439,0.6245614035087719,142,-0.2108680451503346,-0.23269643419869657,-0.2360825763013936
worst_radius,"['mean_concave_points', 'mean_symmetry']","['mean_symmetry', 'mean_concave_points', 'worst_radius']",4,3,0.7491228070175439,1.0,0.8745614035087719,143,-0.32020092583472864,-0.29117599498149344,-0.2360825763013936
worst_radius,"['mean_concave_points', 'mean_fractal_dimension']","['mean_fractal_dimension', 'mean_concave_points', 'worst_radius']",1,0,0.0,1.0,0.5,569,-0.5243322854526102,-0.5034836179764705,-0.5243322854526102
worst_radius,"['mean_concave_points', 'radius_error']","['mean_concave_points', 'radius_error', 'worst_radius']",1,0,0.0,1.0,0.5,569,0.4023490680462387,0.4161284791793296,0.4023490680462387
worst_radius,"['mean_concave_points', 'texture_error']","['mean_concave_points', 'texture_error', 'worst_radius']",5,0,0.0,0.20105263157894734,0.10052631578947367,114,0.5446782098550346,0.5967275334931499,0.592204247930114
worst_radius,"['mean_concave_points', 'texture_error']","['mean_concave_points', 'texture_error', 'worst_radius']",5,1,0.20105263157894734,0.4003508771929825,0.3007017543859649,114,0.6434283071947728,0.5997335587637964,0.592204247930114
worst_radius,"['mean_concave_points', 'texture_error']","['mean_concave_points', 'texture_error', 'worst_radius']",5,2,0.4003508771929825,0.5996491228070177,0.5000000000000001,113,0.5199115044247787,0.5029794975905949,0.592204247930114
worst_radius,"['mean_concave_points', 'texture_error']","['mean_concave_points', 'texture_error', 'worst_radius']",5,3,0.5996491228070177,0.7992982456140352,0.6994736842105265,114,0.6593663344020662,0.5987632568195056,0.592204247930114
worst_radius,"['mean_concave_points', 'texture_error']","['mean_concave_points', 'texture_error', 'worst_radius']",5,4,0.7992982456140352,1.0,0.8996491228070176,114,0.5825371267803535,0.5684720892379725,0.592204247930114
worst_radius,"['mean_concave_points', 'worst_texture']","['mean_concave_points', 'worst_texture', 'worst_radius']",2,0,0.0,0.5,0.25,284,0.4581695117702682,0.501145466352659,0.5523775340973787
worst_radius,"['mean_concave_points', 'worst_texture']","['mean_concave_points', 'worst_texture', 'worst_radius']",2,1,0.5,1.0,0.75,285,0.6353842352359773,0.5791457858470825,0.5523775340973787
worst_radius,"['mean_fractal_dimension', 'mean_symmetry']","['mean_fractal_dimension', 'mean_symmetry', 'worst_radius']",4,0,0.0,0.2491228070175438,0.1245614035087719,140,-0.44912641315519014,-0.4637649740721509,-0.29482165400133664
worst_radius,"['mean_fractal_dimension', 'mean_symmetry']","['mean_fractal_dimension', 'mean_symmetry', 'worst_radius']",4,1,0.2491228070175438,0.4991228070175438,0.3741228070175438,143,-0.33595981483305426,-0.3267518896514552,-0.29482165400133664
worst_radius,"['mean_fractal_dimension', 'mean_symmetry']","['mean_fractal_dimension', 'mean_symmetry', 'worst_radius']",4,2,0.4991228070175438,0.75,0.6245614035087719,143,-0.23864867526839353,-0.2445043941406954,-0.29482165400133664
worst_radius,"['mean_fractal_dimension', 'mean_symmetry']","['mean_fractal_dimension', 'mean_symmetry', 'worst_radius']",4,3,0.75,1.0,0.875,143,-0.21244952230867722,-0.22691225800950876,-0.29482165400133664
worst_radius,"['mean_symmetry', 'radius_error']","['mean_symmetry', 'radius_error', 'worst_radius']",5,0,0.0,0.20105263157894734,0.10052631578947367,114,-0.1032448377581121,-0.13851325044822846,-0.057724201094086484
worst_radius,"['mean_symmetry', 'radius_error']","['mean_symmetry', 'radius_error', 'worst_radius']",5,1,0.20105263157894734,0.4003508771929825,0.3007017543859649,114,-0.0784039745381152,-0.13691332001858164,-0.057724201094086484
worst_radius,"['mean_symmetry', 'radius_error']","['mean_symmetry', 'radius_error', 'worst_radius']",5,2,0.4003508771929825,0.5996491228070177,0.5000000000000001,113,0.03950695322376738,-0.003934212078332837,-0.057724201094086484
worst_radius,"['mean_symmetry', 'radius_error']","['mean_symmetry', 'radius_error', 'worst_radius']",5,3,0.5996491228070177,0.7989473684210527,0.6992982456140352,114,-0.09113491693836362,-0.06400782386973439,-0.057724201094086484
worst_radius,"['mean_symmetry', 'radius_error']","['mean_symmetry', 'radius_error', 'worst_radius']",5,4,0.7989473684210527,1.0,0.8994736842105264,114,-0.08306163639186462,-0.06086740607231167,-0.057724201094086484
worst_radius,"['mean_symmetry', 'texture_error']","['texture_error', 'mean_symmetry', 'worst_radius']",1,0,0.0,1.0,0.5,569,-0.11356716750414612,-0.11085824228087626,-0.11356716750414612
worst_radius,"['mean_symmetry', 'worst_texture']","['worst_texture', 'mean_symmetry', 'worst_radius']",1,0,0.0,1.0,0.5,569,0.2377162801059432,0.23894014563502441,0.2377162801059432
worst_radius,"['mean_fractal_dimension', 'radius_error']","['mean_fractal_dimension', 'radius_error', 'worst_radius']",4,0,0.0,0.2508771929824561,0.12543859649122804,142,-0.3564148841185546,-0.3766910478069271,-0.26909757871699724
worst_radius,"['mean_fractal_dimension', 'radius_error']","['mean_fractal_dimension', 'radius_error', 'worst_radius']",4,1,0.2508771929824561,0.5,0.375438596491228,142,-0.1971225936046627,-0.2551341611001612,-0.26909757871699724
worst_radius,"['mean_fractal_dimension', 'radius_error']","['mean_fractal_dimension', 'radius_error', 'worst_radius']",4,2,0.5,0.7491228070175439,0.6245614035087719,142,-0.28684184806841695,-0.23532649730464594,-0.26909757871699724
worst_radius,"['mean_fractal_dimension', 'radius_error']","['mean_fractal_dimension', 'radius_error', 'worst_radius']",4,3,0.7491228070175439,1.0,0.8745614035087719,143,-0.2300492711322453,-0.15370703706731154,-0.26909757871699724
worst_radius,"['mean_fractal_dimension', 'texture_error']","['mean_fractal_dimension', 'texture_error', 'worst_radius']",5,0,0.0,0.20105263157894734,0.10052631578947367,114,-0.20229777984784975,-0.2830017498012989,-0.19979454937003388
worst_radius,"['mean_fractal_dimension', 'texture_error']","['mean_fractal_dimension', 'texture_error', 'worst_radius']",5,1,0.20105263157894734,0.4003508771929825,0.3007017543859649,114,-0.10945505356311133,-0.13032771682618097,-0.19979454937003388
worst_radius,"['mean_fractal_dimension', 'texture_error']","['mean_fractal_dimension', 'texture_error', 'worst_radius']",5,2,0.4003508771929825,0.5996491228070177,0.5000000000000001,113,-0.26201011378002526,-0.23821822623836925,-0.19979454937003388
worst_radius,"['mean_fractal_dimension', 'texture_error']","['mean_fractal_dimension', 'texture_error', 'worst_radius']",5,3,0.5996491228070177,0.7992982456140352,0.6994736842105265,114,-0.2519795062878435,-0.24310521177321812,-0.19979454937003388
worst_radius,"['mean_fractal_dimension', 'texture_error']","['mean_fractal_dimension', 'texture_error', 'worst_radius']",5,4,0.7992982456140352,1.0,0.8996491228070176,114,-0.18832479428660148,-0.1708768090217015,-0.19979454937003388
worst_radius,"['mean_fractal_dimension', 'worst_texture']","['worst_texture', 'mean_fractal_dimension', 'worst_radius']",1,0,0.0,1.0,0.5,569,0.2551526974156776,0.2573516698306674,0.2551526974156776
worst_radius,"['radius_error', 'texture_error']","['texture_error', 'radius_error', 'worst_radius']",1,0,0.0,1.0,0.5,569,-0.31344835268199706,-0.2991580532398083,-0.31344835268199706
worst_radius,"['radius_error', 'worst_texture']","['worst_texture', 'radius_error', 'worst_radius']",5,0,0.0,0.20105263157894734,0.10052631578947367,114,0.017233348858872847,0.024707714418392663,0.1869972029010619
worst_radius,"['radius_error', 'worst_texture']","['worst_texture', 'radius_error', 'worst_radius']",5,1,0.20105263157894734,0.4003508771929825,0.3007017543859649,114,0.1234280391243596,0.13929966274823638,0.1869972029010619
worst_radius,"['radius_error', 'worst_texture']","['worst_texture', 'radius_error', 'worst_radius']",5,2,0.4003508771929825,0.5996491228070177,0.5000000000000001,113,0.18268015170670035,0.18496954433205004,0.1869972029010619
worst_radius,"['radius_error', 'worst_texture']","['worst_texture', 'radius_error', 'worst_radius']",5,3,0.5996491228070177,0.7989473684210527,0.6992982456140352,114,0.2979351032448378,0.2457684036123467,0.1869972029010619
worst_radius,"['radius_error', 'worst_texture']","['worst_texture', 'radius_error', 'worst_radius']",5,4,0.7989473684210527,1.0,0.8994736842105264,114,0.28706722558608916,0.2608638211189706,0.1869972029010619
worst_radius,"['texture_error', 'worst_texture']","['texture_error', 'worst_texture', 'worst_radius']",5,0,0.0,0.20105263157894734,0.10052631578947367,114,-0.2817885421518398,-0.2729807936745545,-0.2957498947993762
worst_radius,"['texture_error', 'worst_texture']","['texture_error', 'worst_texture', 'worst_radius']",5,1,0.20105263157894734,0.3996491228070176,0.3003508771929825,114,-0.4264865704083218,-0.39998698958460627,-0.2957498947993762
worst_radius,"['texture_error', 'worst_texture']","['texture_error', 'worst_texture', 'worst_radius']",5,2,0.3996491228070176,0.5996491228070177,0.4996491228070176,113,-0.3220606826801517,-0.3100663417721974,-0.2957498947993762
worst_radius,"['texture_error', 'worst_texture']","['texture_error', 'worst_texture', 'worst_radius']",5,3,0.5996491228070177,0.7989473684210527,0.6992982456140352,114,-0.23024375097034622,-0.24387747265472304,-0.2957498947993762
worst_radius,"['texture_error', 'worst_texture']","['texture_error', 'worst_texture', 'worst_radius']",5,4,0.7989473684210527,1.0,0.8994736842105264,114,-0.24452724732184444,-0.24197310384174142,-0.2957498947993762
worst_texture,"['mean_radius', 'mean_texture']","['mean_texture', 'mean_radius', 'worst_texture']",3,0,0.0,0.3342105263157894,0.1671052631578947,189,0.703928852865023,0.7011944393426656,0.7210574519171266
worst_texture,"['mean_radius', 'mean_texture']","['mean_texture', 'mean_radius', 'worst_texture']",3,1,0.3342105263157894,0.6660818713450292,0.5001461988304092,190,0.7669729880256195,0.7491090268929778,0.7210574519171266
worst_texture,"['mean_radius', 'mean_texture']","['mean_texture', 'mean_radius', 'worst_texture']",3,2,0.6660818713450292,1.0,0.8330409356725146,190,0.6797549429128377,0.7202819079081269,0.7210574519171266
worst_texture,"['mean_radius', 'mean_smoothness']","['mean_smoothness', 'mean_radius', 'worst_texture']",1,0,0.0,1.0,0.5,569,0.011596821703507511,0.0,0.011596821703507511
worst_texture,"['mean_compactness', 'mean_radius']","['mean_radius', 'mean_compactness', 'worst_texture']",6,0,0.0,0.16783625730994145,0.08391812865497073,95,0.035610302351623734,0.03165846890107745,0.1296814277581128
worst_texture,"['mean_compactness', 'mean_radius']","['mean_radius', 'mean_compactness', 'worst_texture']",6,1,0.16783625730994145,0.3339181286549707,0.2508771929824561,95,0.06024636058230683,0.06389081972767965,0.1296814277581128
worst_texture,"['mean_compactness', 'mean_radius']","['mean_radius', 'mean_compactness', 'worst_texture']",6,2,0.3339181286549707,0.5,0.41695906432748536,94,0.131548844657973,0.13861635069126144,0.1296814277581128
worst_texture,"['mean_compactness', 'mean_radius']","['mean_radius', 'mean_compactness', 'worst_texture']",6,3,0.5,0.6660818713450292,0.5830409356725146,95,0.2694288913773796,0.27993314863832897,0.1296814277581128
worst_texture,"['mean_compactness', 'mean_radius']","['mean_radius', 'mean_compactness', 'worst_texture']",6,4,0.6660818713450292,0.8315789473684211,0.7488304093567251,95,0.11310190369540872,0.05768973694962151,0.1296814277581128
worst_texture,"['mean_compactness', 'mean_radius']","['mean_radius', 'mean_compactness', 'worst_texture']",6,5,0.8315789473684211,1.0,0.9157894736842105,95,0.14535274356103023,0.1564031387578473,0.1296814277581128
worst_texture,"['mean_concavity', 'mean_radius']","['mean_radius', 'mean_concavity', 'worst_texture']",1,0,0.0,1.0,0.5,569,0.06861555979108393,0.06175843298764088,0.06861555979108393
worst_texture,"['mean_concave_points', 'mean_radius']","['mean_concave_points', 'mean_radius', 'worst_texture']",1,0,0.0,1.0,0.5,569,0.053293398351444345,0.0,0.053293398351444345
worst_texture,"['mean_radius', 'mean_symmetry']","['mean_radius', 'mean_symmetry', 'worst_texture']",1,0,0.0,1.0,0.5,569,0.19916334562736698,0.20014766764283243,0.19916334562736698
worst_texture,"['mean_fractal_dimension', 'mean_radius']","['mean_radius', 'mean_fractal_dimension', 'worst_texture']",1,0,0.0,1.0,0.5,569,0.2176200475726573,0.22092439895563198,0.2176200475726573
worst_texture,"['mean_radius', 'radius_error']","['mean_radius', 'radius_error', 'worst_texture']",5,0,0.0,0.20105263157894734,0.10052631578947367,114,-0.0045024064586244375,-0.006236584118751122,0.13408747741280722
worst_texture,"['mean_radius', 'radius_error']","['mean_radius', 'radius_error', 'worst_texture']",5,1,0.20105263157894734,0.4003508771929825,0.3007017543859649,114,0.09299798167986338,0.11543113476116319,0.13408747741280722
worst_texture,"['mean_radius', 'radius_error']","['mean_radius', 'radius_error', 'worst_texture']",5,2,0.4003508771929825,0.5996491228070177,0.5000000000000001,113,0.12958280657395702,0.12621871538064092,0.13408747741280722
worst_texture,"['mean_radius', 'radius_error']","['mean_radius', 'radius_error', 'worst_texture']",5,3,0.5996491228070177,0.7989473684210527,0.6992982456140352,114,0.2361434559850955,0.18696936995341906,0.13408747741280722
worst_texture,"['mean_radius', 'radius_error']","['mean_radius', 'radius_error', 'worst_texture']",5,4,0.7989473684210527,1.0,0.8994736842105264,114,0.18615121875485177,0.1847757390031498,0.13408747741280722
worst_texture,"['mean_radius', 'texture_error']","['mean_radius', 'texture_error', 'worst_texture']",5,0,0.0,0.20105263157894734,0.10052631578947367,114,0.368421052631579,0.4308726187930583,0.3126438773236961
worst_texture,"['mean_radius', 'texture_error']","['mean_radius', 'texture_error', 'worst_texture']",5,1,0.20105263157894734,0.4003508771929825,0.3007017543859649,114,0.3296072038503339,0.3354624882277437,0.3126438773236961
worst_texture,"['mean_radius', 'texture_error']","['mean_radius', 'texture_error', 'worst_texture']",5,2,0.4003508771929825,0.5996491228070177,0.5000000000000001,113,0.4096080910240202,0.3824442955364088,0.3126438773236961
worst_texture,"['mean_radius', 'texture_error']","['mean_radius', 'texture_error', 'worst_texture']",5,3,0.5996491228070177,0.7992982456140352,0.6994736842105265,114,0.2519795062878435,0.24131444894944298,0.3126438773236961
worst_texture,"['mean_radius', 'texture_error']","['mean_radius', 'texture_error', 'worst_texture']",5,4,0.7992982456140352,1.0,0.8996491228070176,114,0.22993324018009628,0.21230159247560554,0.3126438773236961
worst_texture,"['mean_radius', 'worst_radius']","['mean_radius', 'worst_radius', 'worst_texture']",1,0,0.0,1.0,0.5,569,-0.15856258373607343,-0.16353926155100112,-0.15856258373607343
worst_texture,"['mean_smoothness', 'mean_texture']","['mean_smoothness', 'mean_texture', 'worst_texture']",3,0,0.0,0.3339181286549707,0.16695906432748536,190,0.035712297944942406,0.05883753237321897,0.0716757621078451
worst_texture,"['mean_smoothness', 'mean_texture']","['mean_smoothness', 'mean_texture', 'worst_texture']",3,1,0.3339181286549707,0.6657894736842105,0.4998538011695906,188,0.013830000406226598,0.011965861903351555,0.0716757621078451
worst_texture,"['mean_smoothness', 'mean_texture']","['mean_smoothness', 'mean_texture', 'worst_texture']",3,2,0.6657894736842105,1.0,0.8328947368421052,191,0.14577533982341714,0.1676970321707506,0.0716757621078451
worst_texture,"['mean_compactness', 'mean_texture']","['mean_compactness', 'mean_texture', 'worst_texture']",1,0,0.0,1.0,0.5,569,0.03276071189880937,0.0,0.03276071189880937
worst_texture,"['mean_concavity', 'mean_texture']","['mean_texture', 'mean_concavity', 'worst_texture']",6,0,0.0,0.16783625730994145,0.08391812865497073,95,0.7944008958566628,0.7674790955131092,0.7138666798683134
worst_texture,"['mean_concavity', 'mean_texture']","['mean_texture', 'mean_concavity', 'worst_texture']",6,1,0.16783625730994145,0.3339181286549707,0.2508771929824561,95,0.6940649496080626,0.6701633923920934,0.7138666798683134
worst_texture,"['mean_concavity', 'mean_texture']","['mean_texture', 'mean_concavity', 'worst_texture']",6,2,0.3339181286549707,0.5,0.41695906432748536,94,0.7854037977579501,0.7679618848952395,0.7138666798683134
worst_texture,"['mean_concavity', 'mean_texture']","['mean_texture', 'mean_concavity', 'worst_texture']",6,3,0.5,0.6660818713450292,0.5830409356725146,95,0.7164613661814109,0.7441172408475714,0.7138666798683134
worst_texture,"['mean_concavity', 'mean_texture']","['mean_texture', 'mean_concavity', 'worst_texture']",6,4,0.6660818713450292,0.8321637426900584,0.7491228070175437,95,0.6810750279955207,0.7022979217215134,0.7138666798683134
worst_texture,"['mean_concavity', 'mean_texture']","['mean_texture', 'mean_concavity', 'worst_texture']",6,5,0.8321637426900584,1.0,0.9160818713450292,95,0.6604703247480403,0.6821776161457005,0.7138666798683134
worst_texture,"['mean_concave_points', 'mean_texture']","['mean_concave_points', 'mean_texture', 'worst_texture']",1,0,0.0,1.0,0.5,569,0.040013366667491765,0.0,0.040013366667491765
worst_texture,"['mean_symmetry', 'mean_texture']","['mean_symmetry', 'mean_texture', 'worst_texture']",1,0,0.0,1.0,0.5,569,0.0399391074036486,0.0,0.0399391074036486
worst_texture,"['mean_fractal_dimension', 'mean_texture']","['mean_fractal_dimension', 'mean_texture', 'worst_texture']",1,0,0.0,1.0,0.5,569,0.020494124971408345,0.0,0.020494124971408345
worst_texture,"['mean_texture', 'radius_error']","['mean_texture', 'radius_error', 'worst_texture']",1,0,0.0,1.0,0.5,569,0.7263917423698606,0.7277997831227984,0.7263917423698606
worst_texture,"['mean_texture', 'texture_error']","['texture_error', 'mean_texture', 'worst_texture']",1,0,0.0,1.0,0.5,569,0.1734325107057105,0.17568518013316425,0.1734325107057105
worst_texture,"['mean_texture', 'worst_radius']","['mean_texture', 'worst_radius', 'worst_texture']",5,0,0.0,0.20105263157894734,0.10052631578947367,114,0.7509703462195312,0.7437127718572409,0.713817173692418
worst_texture,"['mean_texture', 'worst_radius']","['mean_texture', 'worst_radius', 'worst_texture']",5,1,0.20105263157894734,0.4003508771929825,0.3007017543859649,114,0.6860735910572893,0.6663199591279136,0.713817173692418
worst_texture,"['mean_texture', 'worst_radius']","['mean_texture', 'worst_radius', 'worst_texture']",5,2,0.4003508771929825,0.6003508771929826,0.5003508771929825,113,0.7620101137800253,0.7431179350229669,0.713817173692418
worst_texture,"['mean_texture', 'worst_radius']","['mean_texture', 'worst_radius', 'worst_texture']",5,3,0.6003508771929826,0.7989473684210527,0.6996491228070176,114,0.727682036950784,0.7241400323911684,0.713817173692418
worst_texture,"['mean_texture', 'worst_radius']","['mean_texture', 'worst_radius', 'worst_texture']",5,4,0.7989473684210527,1.0,0.8994736842105264,114,0.6609222170470423,0.7197821256647803,0.713817173692418
worst_texture,"['mean_compactness', 'mean_smoothness']","['mean_smoothness', 'mean_compactness', 'worst_texture']",1,0,0.0,1.0,0.5,569,-0.1178989578949974,-0.11978637785679153,-0.1178989578949974
worst_texture,"['mean_concavity', 'mean_smoothness']","['mean_smoothness', 'mean_concavity', 'worst_texture']",1,0,0.0,1.0,0.5,569,-0.08729176464763978,-0.08098306626430829,-0.08729176464763978
worst_texture,"['mean_concave_points', 'mean_smoothness']","['mean_smoothness', 'mean_concave_points', 'worst_texture']",1,0,0.0,1.0,0.5,569,-0.08720512883982276,-0.07401690537656874,-0.08720512883982276
worst_texture,"['mean_smoothness', 'mean_symmetry']","['mean_smoothness', 'mean_symmetry', 'worst_texture']",1,0,0.0,1.0,0.5,569,-0.010458179657912323,0.0,-0.010458179657912323
worst_texture,"['mean_fractal_dimension', 'mean_smoothness']","['mean_smoothness', 'mean_fractal_dimension', 'worst_texture']",1,0,0.0,1.0,0.5,569,0.07845710247528452,0.07945621305344108,0.07845710247528452
worst_texture,"['mean_smoothness', 'radius_error']","['mean_smoothness', 'radius_error', 'worst_texture']",1,0,0.0,1.0,0.5,569,-0.033255773657763804,0.0,-0.033255773657763804
worst_texture,"['mean_smoothness', 'texture_error']","['mean_smoothness', 'texture_error', 'worst_texture']",1,0,0.0,1.0,0.5,569,-0.0034283026807594244,0.0,-0.0034283026807594244
worst_texture,"['mean_smoothness', 'worst_radius']","['mean_smoothness', 'worst_radius', 'worst_texture']",1,0,0.0,1.0,0.5,569,-0.005458055892472586,0.0,-0.005458055892472586
worst_texture,"['mean_compactness', 'mean_concavity']","['mean_compactness', 'mean_concavity', 'worst_texture']",1,0,0.0,1.0,0.5,569,-0.04078071239387113,0.0,-0.04078071239387113
worst_texture,"['mean_compactness', 'mean_concave_points']","['mean_concave_points', 'mean_compactness', 'worst_texture']",5,0,0.0,0.20105263157894734,0.10052631578947367,114,-0.08306163639186462,-0.0743692057305374,0.07699448006138765
worst_texture,"['mean_compactness', 'mean_concave_points']","['mean_concave_points', 'mean_compactness', 'worst_texture']",5,1,0.20105263157894734,0.4003508771929825,0.3007017543859649,114,0.02220152150287223,0.023745031061679356,0.07699448006138765
worst_texture,"['mean_compactness', 'mean_concave_points']","['mean_concave_points', 'mean_compactness', 'worst_texture']",5,2,0.4003508771929825,0.5996491228070177,0.5000000000000001,113,0.17667509481668772,0.18479893074587417,0.07699448006138765
worst_texture,"['mean_compactness', 'mean_concave_points']","['mean_concave_points', 'mean_compactness', 'worst_texture']",5,3,0.5996491228070177,0.7989473684210527,0.6992982456140352,114,0.21782331936034782,0.228493381902086,0.07699448006138765
worst_texture,"['mean_compactness', 'mean_concave_points']","['mean_concave_points', 'mean_compactness', 'worst_texture']",5,4,0.7989473684210527,1.0,0.8994736842105264,114,0.061325881074367344,0.06668585201581578,0.07699448006138765
worst_texture,"['mean_compactness', 'mean_symmetry']","['mean_symmetry', 'mean_compactness', 'worst_texture']",1,0,0.0,1.0,0.5,569,-0.01829253199336617,0.0,-0.01829253199336617
worst_texture,"['mean_compactness', 'mean_fractal_dimension']","['mean_fractal_dimension', 'mean_compactness', 'worst_texture']",1,0,0.0,1.0,0.5,569,-0.15009034877100916,-0.12374291938964133,-0.15009034877100916
worst_texture,"['mean_compactness', 'radius_error']","['radius_error', 'mean_compactness', 'worst_texture']",1,0,0.0,1.0,0.5,569,0.11603009975494442,0.09511614379804907,0.11603009975494442
worst_texture,"['mean_compactness', 'texture_error']","['mean_compactness', 'texture_error', 'worst_texture']",1,0,0.0,1.0,0.5,569,0.1760624843417311,0.18166117788431912,0.1760624843417311
worst_texture,"['mean_compactness', 'worst_radius']","['worst_radius', 'mean_compactness', 'worst_texture']",1,0,0.0,1.0,0.5,569,0.1765637763310973,0.17495456614105218,0.1765637763310973
worst_texture,"['mean_concave_points', 'mean_concavity']","['mean_concavity', 'mean_concave_points', 'worst_texture']",5,0,0.0,0.20105263157894734,0.10052631578947367,114,0.1148100028931445,0.1084688075060889,0.12379532043021234
worst_texture,"['mean_concave_points', 'mean_concavity']","['mean_concavity', 'mean_concave_points', 'worst_texture']",5,1,0.20105263157894734,0.4003508771929825,0.3007017543859649,114,0.14826890234435647,0.1392749251255676,0.12379532043021234
worst_texture,"['mean_concave_points', 'mean_concavity']","['mean_concavity', 'mean_concave_points', 'worst_texture']",5,2,0.4003508771929825,0.5996491228070177,0.5000000000000001,113,0.048672566371681415,0.08457392504282257,0.12379532043021234
worst_texture,"['mean_concave_points', 'mean_concavity']","['mean_concavity', 'mean_concave_points', 'worst_texture']",5,3,0.5996491228070177,0.7989473684210527,0.6992982456140352,114,0.24545877969259433,0.2670180038035337,0.12379532043021234
worst_texture,"['mean_concave_points', 'mean_concavity']","['mean_concavity', 'mean_concave_points', 'worst_texture']",5,4,0.7989473684210527,1.0,0.8994736842105264,114,0.029343269678621334,0.031039326026894187,0.12379532043021234
worst_texture,"['mean_concavity', 'mean_symmetry']","['mean_symmetry', 'mean_concavity', 'worst_texture']",1,0,0.0,1.0,0.5,569,-0.012265155078095993,0.0,-0.012265155078095993
worst_texture,"['mean_concavity', 'mean_fractal_dimension']","['mean_fractal_dimension', 'mean_concavity', 'worst_texture']",1,0,0.0,1.0,0.5,569,-0.09251466620460902,-0.08791151565237416,-0.09251466620460902
worst_texture,"['mean_concavity', 'radius_error']","['radius_error', 'mean_concavity', 'worst_texture']",1,0,0.0,1.0,0.5,569,0.07144978836109804,0.06307852196756447,0.07144978836109804
worst_texture,"['mean_concavity', 'texture_error']","['mean_concavity', 'texture_error', 'worst_texture']",2,0,0.0,0.4991228070175438,0.2495614035087719,283,0.3222807026653496,0.33831814723618137,0.23715154335434846
worst_texture,"['mean_concavity', 'texture_error']","['mean_concavity', 'texture_error', 'worst_texture']",2,1,0.4991228070175438,1.0,0.7495614035087719,286,0.16515861180172364,0.1635141806257694,0.23715154335434846
worst_texture,"['mean_concavity', 'worst_radius']","['worst_radius', 'mean_concavity', 'worst_texture']",1,0,0.0,1.0,0.5,569,0.1161291121067353,0.12715177264815905,0.1161291121067353
worst_texture,"['mean_concave_points', 'mean_symmetry']","['mean_symmetry', 'mean_concave_points', 'worst_texture']",1,0,0.0,1.0,0.5,569,0.0008292284462486694,0.0,0.0008292284462486694
worst_texture,"['mean_concave_points', 'mean_fractal_dimension']","['mean_concave_points', 'mean_fractal_dimension', 'worst_texture']",1,0,0.0,1.0,0.5,569,0.2092643290225126,0.21084677574343846,0.2092643290225126
worst_texture,"['mean_concave_points', 'radius_error']","['mean_concave_points', 'radius_error', 'worst_texture']",2,0,0.0,0.5,0.25,284,0.03777434927586722,0.04697946906185102,0.10688383375826134
worst_texture,"['mean_concave_points', 'radius_error']","['mean_concave_points', 'radius_error', 'worst_texture']",2,1,0.5,1.0,0.75,285,0.17039782554978997,0.17143664415715287,0.10688383375826134
worst_texture,"['mean_concave_points', 'texture_error']","['mean_concave_points', 'texture_error', 'worst_texture']",1,0,0.0,1.0,0.5,569,0.22107225369056227,0.22581480451803082,0.22107225369056227
worst_texture,"['mean_concave_points', 'worst_radius']","['mean_concave_points', 'worst_radius', 'worst_texture']",1,0,0.0,1.0,0.5,569,-0.004109012599321765,0.0,-0.004109012599321765
worst_texture,"['mean_fractal_dimension', 'mean_symmetry']","['mean_fractal_dimension', 'mean_symmetry', 'worst_texture']",1,0,0.0,1.0,0.5,569,-0.06782346097675684,-0.06217642708055758,-0.06782346097675684
worst_texture,"['mean_symmetry', 'radius_error']","['mean_symmetry', 'radius_error', 'worst_texture']",1,0,0.0,1.0,0.5,569,0.014047377410331937,0.0,0.014047377410331937
worst_texture,"['mean_symmetry', 'texture_error']","['mean_symmetry', 'texture_error', 'worst_texture']",1,0,0.0,1.0,0.5,569,0.029901730240847545,0.0,0.029901730240847545
worst_texture,"['mean_symmetry', 'worst_radius']","['worst_radius', 'mean_symmetry', 'worst_texture']",1,0,0.0,1.0,0.5,569,0.2377162801059432,0.2389401456358229,0.2377162801059432
worst_texture,"['mean_fractal_dimension', 'radius_error']","['mean_fractal_dimension', 'radius_error', 'worst_texture']",1,0,0.0,1.0,0.5,569,-0.03024910562829133,0.0,-0.03024910562829133
worst_texture,"['mean_fractal_dimension', 'texture_error']","['mean_fractal_dimension', 'texture_error', 'worst_texture']",1,0,0.0,1.0,0.5,569,-0.10963142652045843,-0.10008256352049151,-0.10963142652045843
worst_texture,"['mean_fractal_dimension', 'worst_radius']","['worst_radius', 'mean_fractal_dimension', 'worst_texture']",1,0,0.0,1.0,0.5,569,0.2551526974156776,0.25735166983227364,0.2551526974156776
worst_texture,"['radius_error', 'texture_error']","['radius_error', 'texture_error', 'worst_texture']",1,0,0.0,1.0,0.5,569,0.08601698061833213,0.08815312939786235,0.08601698061833213
worst_texture,"['radius_error', 'worst_radius']","['worst_radius', 'radius_error', 'worst_texture']",5,0,0.0,0.20105263157894734,0.10052631578947367,114,0.017233348858872847,0.02470771441928806,0.1869972029010619
worst_texture,"['radius_error', 'worst_radius']","['worst_radius', 'radius_error', 'worst_texture']",5,1,0.20105263157894734,0.4003508771929825,0.3007017543859649,114,0.1234280391243596,0.13929966274889324,0.1869972029010619
worst_texture,"['radius_error', 'worst_radius']","['worst_radius', 'radius_error', 'worst_texture']",5,2,0.4003508771929825,0.5996491228070177,0.5000000000000001,113,0.18268015170670035,0.184969544332452,0.1869972029010619
worst_texture,"['radius_error', 'worst_radius']","['worst_radius', 'radius_error', 'worst_texture']",5,3,0.5996491228070177,0.7989473684210527,0.6992982456140352,114,0.2979351032448378,0.2457684036122188,0.1869972029010619
worst_texture,"['radius_error', 'worst_radius']","['worst_radius', 'radius_error', 'worst_texture']",5,4,0.7989473684210527,1.0,0.8994736842105264,114,0.28706722558608916,0.2608638211196922,0.1869972029010619
worst_texture,"['texture_error', 'worst_radius']","['worst_radius', 'texture_error', 'worst_texture']",1,0,0.0,1.0,0.5,569,0.36192727542760955,0.36406694951238033,0.36192727542760955
